post_date,transaction_id,tag_no,unit,cost_center,entry_time,exit_time,toll_loc_name_start,entry_plaza,toll_loc_name_end,exit_plaza,toll_class,agency,amount,transactiondesc
2025-10-08,268277040104683,B6010107791,8657,,2025-10-07 20:39:12+00:00,,Sam Houston South Plaza,SHT-SAMS-12,nan,-,,HCTRA,7.0,
2025-10-10,240263563640555,B6010204259,8425,,2025-10-08 06:34:59+00:00,,Shady Grove Road (SHGRD),PGBW-SHGRD-03,nan,-,,NTTA,2.28,
2025-10-11,117060278776600,B5010051658,8504,,2025-10-09 18:00:33+00:00,,Toll Gantry 1 288 ML Brays Bayou NB,288-BRAYS-01,nan,-,,HCTRA,10.2,
2025-10-16,233863063346590,B6010057271,S23022,,2025-10-11 06:50:14+00:00,,Tulsa,TRN-TULSA-06,nan,-,,OTA,5.4,
2025-10-20,928100263884632,U057481-TN,2894,,2025-10-09 18:04:41+00:00,,gpw-obml-50,GPW-OBML,nan,-,,HCTRA,7.2,
2025-10-09,169962504326266,B6010035670,8547,,2025-10-08 11:27:33+00:00,,Wichita I-135/I-235  Haysville-Derby,KTA-KTA040SB,nan,-,,KTA,0.41,
2025-10-12,252382271547197,B5010061410,8531,,2025-10-11 14:23:14+00:00,,Cameron Plaza,H13-CAMRO,nan,-,,HCTRA,6.54,
2025-10-09,205961499155302,B6010035670,8547,,2025-10-08 10:38:22+00:00,,Emporia I-35  Cassoday K-177,KTA-KTA123NB,nan,-,,KTA,4.83,
2025-10-09,257067680071756,B6010204259,8425,,2025-10-08 06:46:44+00:00,,Sandy Lake Main Lane Gantry (MLP9),PGBT-MLP9-12,nan,-,,NTTA,4.84,
2025-11-13,137276305322796,V5307HY-TN,265,,2025-10-14 06:41:03+00:00,,FM 2920,TMB-F2920-48,nan,-,,HCTRA,3.6,
2025-10-16,292716347913902,B6010119901,8329,,2025-10-14 12:12:06+00:00,,A 99,A99,nan,-,,PTC,7.16,
2025-10-14,847272377377530,B5010058944,206,,2025-10-13 23:19:22+00:00,,El Dorado US-77  US-254,KTA-KTA073SB,nan,-,,KTA,0.69,
2025-10-14,294378593473366,B6010107742,8602,,2025-10-13 12:43:03+00:00,,35 - Cermak Mainline (22nd St),35,nan,-,,ILTOLL,8.15,
2025-10-09,208201130422675,B6010204984,8508,,2025-10-08 10:06:30+00:00,,Sam Houston South Plaza,SHT-SAMS-11,nan,-,,HCTRA,7.0,
2025-10-13,199487506662245,B5010022318,255,,2025-10-11 06:39:44+00:00,,Turner Turnpike - KKP ML,TRN-KKPML-03,nan,-,,OTA,5.36,
2025-10-08,266939959775421,B5010058942,259,,2025-10-07 22:26:52+00:00,,Lawrence US-59S  Lecompton K-10,KTA-KTA201WB,nan,-,,KTA,0.69,
2025-10-12,826454318374738,B6010086561,8654,,2025-10-10 14:57:35+00:00,,Sam Houston East Plaza,SHT-SAME-08,nan,-,,HCTRA,7.0,
2025-10-12,491635673793059,B6010108554,S24035,,2025-10-07 22:31:11+00:00,,"Silver Spring, MD 20905, Toll Gantry",I10,nan,-,,MdTA,0.43,
2025-10-16,107505532385041,R721742-TX,8442,,2025-10-14 09:18:12+00:00,,Exit 259 - Unionville-Indian Trail Road,M06,nan,-,,NCTA,0.88,
2025-10-13,327025659324053,B6010035659,8546,,2025-10-10 15:47:57+00:00,,gpw-vrml-51,GPW-VRML,nan,-,,HCTRA,8.8,
2025-10-14,233199920097986,B6010075495,8630,,2025-10-13 07:26:46+00:00,,35 - Cermak Mainline (22nd St),35,nan,-,,ILTOLL,8.15,
2025-10-10,163773297322216,B6010035637,8349,,2025-10-09 00:05:56+00:00,,gpw-cmbml-21,GPW-CMBML,nan,-,,HCTRA,6.84,
2025-10-15,236868224210300,B6010174721,77,,2025-10-14 04:15:13+00:00,,0X - Golden Glades Plaza,006300,nan,-,,FDOT,4.64,
2025-10-14,356603262457596,B5010058942,259,,2025-10-13 22:19:12+00:00,,East Topeka: I-70,KTA-KTA183WB,nan,-,,KTA,0.28,
2025-10-15,123340293777102,B5010058942,259,,2025-10-14 05:00:55+00:00,,Lawrence US-59S  Lecompton K-10,KTA-KTA201WB,nan,-,,KTA,0.69,
2025-10-16,178703006598616,B6010057271,S23022,,2025-10-14 09:06:09+00:00,,I-35,JKT-I35-04,nan,-,,OTA,0.66,
2025-10-10,192395945958552,B6010039104,8332,,2025-10-09 09:51:26+00:00,,130-dkcrp-06 307,H13-DECKC,nan,-,,HCTRA,6.54,
2025-10-09,977231947277341,B6010057263,S23027,,2025-10-08 14:13:39+00:00,,Wichita US-54  K-15,KTA-KTA047NB,nan,-,,KTA,0.24,
2025-10-16,152005897537298,B6010075145,8633,,2025-10-14 07:44:07+00:00,,67 - Irwin,IRW,nan,-,,PTC,6.6,
2025-10-15,241186648149609,B6010039141,8312,,2025-10-14 11:21:41+00:00,,El Dorado US-77  Andover 21st,KTA-KTA061SB,nan,-,,KTA,1.93,
2025-10-13,188039919026175,B6010219254,9118,,2025-10-11 19:10:07+00:00,,Carlisle,CAR,nan,-,,PTC,77.16,
2025-10-12,209352830111481,B6010107807,8659,,2025-10-11 12:55:57+00:00,,41 - 163rd St Mainline,41,nan,-,,ILTOLL,8.15,
2025-10-13,151998669526199,B6010119922,8348,,2025-10-11 07:45:55+00:00,,13c-blusb-01,13C-BLUNB,nan,-,,HCTRA,27.81,
2025-10-15,152044218002940,B6010119955,8347,,2025-10-14 14:46:10+00:00,,Wichita I-135/I-235  Haysville-Derby,KTA-KTA040SB,nan,-,,KTA,0.41,
2025-10-16,135568679795748,B6010119901,8329,,2025-10-14 12:02:03+00:00,,A 88,A88,nan,-,,PTC,6.6,
2025-10-15,264733710563032,B6010174721,77,,2025-10-14 15:16:10+00:00,,32 - Okeechobee Plaza,033,nan,-,,FDOT,4.64,
2025-10-15,611679707366755,B6010075122,8612,,2025-10-14 12:30:26+00:00,,gpw-nwml-90,GPW-NWML,nan,-,,HCTRA,5.2,
2025-10-15,888645644573530,B5010065476,S23032,,2025-10-14 08:50:13+00:00,,Exit 255 - U.S. 74 (West),M02,nan,-,,NCTA,0.3,
2025-10-14,130465990330879,B6010174780,S17033,,2025-10-13 22:31:26+00:00,,Sam Houston North Plaza,SHT-SAMN-10,nan,-,,HCTRA,1.35,
2025-10-15,155247125868857,B6010119951,8311,,2025-10-14 14:58:49+00:00,,Andover 21st  Wichita K-96,KTA-KTA056SB,nan,-,,KTA,0.55,
2025-10-12,313583909940040,B6010065788,8115,,2025-10-11 14:20:03+00:00,,151sb,KTA-KTA151SB-03,nan,-,,KTA,4.14,
2025-10-16,260768185995608,B6010075145,8633,,2025-10-14 12:50:16+00:00,,T 313,T313,nan,-,,PTC,6.6,
2025-10-11,121749500986605,B6010034703,8532,,2025-10-10 13:41:15+00:00,,Airport Plaza,H13-APORT,nan,-,,HCTRA,6.54,
2025-10-10,885588363815247,B6010057263,S23027,,2025-10-09 04:28:47+00:00,,Lawrence US-59S  Lecompton K-10,KTA-KTA201WB,nan,-,,KTA,0.24,
2025-10-14,440444101009215,B6010167872,8310,,2025-10-13 18:44:38+00:00,,Cameron Plaza,H13-CAMRO,nan,-,,HCTRA,6.54,
2025-10-13,403321873628737,B6010086545,8405,,2025-10-09 14:05:55+00:00,,gpw-rfzml-16,GPW-RFZML,nan,-,,HCTRA,3.28,
2025-10-11,334629978360289,R648023-TX,8109,,2025-10-10 12:25:06+00:00,,East Plaza,1853,nan,-,,SCNT,7.6,
2025-10-15,309602040005947,B6010057268,S23012,,2025-10-13 21:31:52+00:00,,Exit 264 - U.S. 601,M09,nan,-,,NCTA,0.29,
2025-10-15,525226918074263,B6010167841,8324,,2025-10-14 10:17:04+00:00,,Sam Houston NE Mainlane,SHT-SAMNE-10,nan,-,,HCTRA,7.0,
2025-10-15,135343061857095,B6010065787,8330,,2025-10-14 12:39:50+00:00,,East Plaza,1853,nan,-,,SCNT,7.6,
2025-10-17,200343541398014,S0425HY-TN,8630,,2025-10-14 11:04:59+00:00,,Abraham Lincoln Bridge,DTN,nan,-,,RIVERLIN,13.33,
2025-10-10,324238310743858,B6010057268,S23012,,2025-10-09 08:13:14+00:00,,Exit 257 - Indian Trail-Fairview Road,M04,nan,-,,NCTA,0.36,
2025-10-11,145259105603485,B6010107762,8459,,2025-10-09 11:09:28+00:00,,130-skysp-02 4104,13C-SKYSB,nan,-,,HCTRA,12.73,
2025-10-15,670870399941157,B6010174711,79,,2025-10-07 23:18:09+00:00,,West Main Plaza (Hyde Park),101720,nan,-,,THEA,5.6,
2025-10-19,155288797816588,B6010057279,S24005,,2025-10-14 07:22:46+00:00,,heb-nwclml,HEB-NWCLML-13,nan,-,,OTA,1.79,
2025-10-15,527041198422596,B6010052900,8616,,2025-10-13 17:45:18+00:00,,Cameron Plaza,H13-CAMRO,nan,-,,HCTRA,6.54,
2025-10-19,580231676886008,B6010057271,S23022,,2025-10-14 09:02:07+00:00,,Tulsa,TRN-TULSA-06,nan,-,,OTA,5.4,
2025-10-15,713303936446725,B6010311304,None,,2025-10-14 16:12:43+00:00,,Lewis and Clark Bridge,ECS,nan,-,,RIVERLIN,13.33,
2025-10-16,250045444558696,B6010052909,8610,,2025-10-14 09:09:51+00:00,,T 331,T331,nan,-,,PTC,6.32,
2025-10-15,318041399091235,B6010204247,8436,,2025-10-14 05:18:20+00:00,,Lower Tarrant Mainlane Gantry (MLG11),PGBW-MLG11-10,nan,-,,NTTA,5.16,
2025-10-15,380706512966755,B6010174709,251,,2025-10-13 22:59:22+00:00,,0.4 - Mainline Plaza (Z-Move),4CO,nan,-,,FDOT,1.71,
2025-10-10,352623909014359,B6010065788,8115,,2025-10-09 16:42:45+00:00,,Wichita I-135/I-235  Haysville-Derby,KTA-KTA040SB,nan,-,,KTA,0.41,
2025-10-10,780155158481313,B6010057263,S23027,,2025-10-09 15:38:53+00:00,,Wichita I-135/I-235  Haysville-Derby,KTA-KTA040SB,nan,-,,KTA,0.14,
2025-10-15,516762648684133,B6010107768,8509,,2025-10-14 11:34:27+00:00,,Shiloh Road (SHIRD),PGBT-SHIRD-03,nan,-,,NTTA,3.16,
2025-10-10,192575833446041,B6010065788,8115,,2025-10-09 16:40:17+00:00,,Haysville-Derby 71st  Mulvane K-53,KTA-KTA036SB,nan,-,,KTA,0.83,
2025-10-13,289183896441023,B5010061406,8525,,2025-10-12 08:38:34+00:00,,Lower Tarrant - South (SLTRD),PGBW-SLTRD-03,nan,-,,NTTA,1.36,
2025-10-14,746176020515732,B6010086474,8648,,2025-10-13 03:47:23+00:00,,Airport Plaza,H13-APORT,nan,-,,HCTRA,6.54,
2025-10-11,258314544144696,B6010284390,8447,,2025-10-10 19:03:37+00:00,,John F Kennedy Bridge-RiverLink,DTS,nan,-,,RIVERLIN,13.33,
2025-10-11,248380792767268,B6010066093,S24015,,2025-10-08 03:57:20+00:00,,SR874 North (at Tpke),107320,nan,-,,MDX,0.23,
2025-10-15,134161367309211,U034955-TN,2831,,2025-10-10 16:20:16+00:00,,I635-DNT Dallas North Tollway Entrance,I635-DNT-12,nan,-,,NTTA,28.8,
2025-10-12,185305768525849,B6010174710,8603,,2025-10-10 11:38:40+00:00,,Rankin Rd,HDY-RANKN-78,nan,-,,HCTRA,4.0,
2025-10-17,301204482911429,B5010022290,S22013,,2025-10-13 17:02:36+00:00,,Tonganoxie-Eudora: 222nd St  Lawrence : US-59,KTA-KTA207WB,nan,-,,KTA,0.38,
2025-10-18,279465246464655,B5010022290,S22013,,2025-10-14 16:14:50+00:00,,Southern Terminal: Border  US-160,KTA-KTA017SB,nan,-,,KTA,0.91,
2025-10-14,188389895725603,B6010125734,S24016,,2025-10-13 10:50:11+00:00,,32 - Okeechobee Plaza,033,nan,-,,FDOT,1.16,
2025-10-13,248050739294716,B6010057271,S23022,,2025-10-10 23:17:31+00:00,,US 69,CHR-US69-04,nan,-,,OTA,3.08,
2025-10-14,445463452914765,B6010086545,8405,,2025-10-11 14:41:32+00:00,,Toll Gantry 1 288 ML Brays Bayou NB,288-BRAYS-02,nan,-,,HCTRA,5.72,
2025-10-13,346199253955885,B5010061410,8531,,2025-10-10 18:51:07+00:00,,Andover 21st  Wichita K-96,KTA-KTA056SB,nan,-,,KTA,0.55,
2025-10-15,246323904205942,B6010039141,8312,,2025-10-13 15:08:51+00:00,,130-skynp-01 4103,13C-SKYNB,nan,-,,HCTRA,12.73,
2025-10-10,221107708393760,B5010058942,259,,2025-10-09 05:27:40+00:00,,Lawrence US-59S  Lecompton K-10,KTA-KTA201WB,nan,-,,KTA,0.69,
2025-10-17,314991305248048,B5010022290,S22013,,2025-10-13 14:50:56+00:00,,El Dorado US-77  Andover 21st,KTA-KTA061SB,nan,-,,KTA,0.67,
2025-10-14,360728004880214,B6010219218,8402,,2025-10-13 13:16:37+00:00,,Wichita K-15  I-135/I-235,KTA-KTA043NB,nan,-,,KTA,0.41,
2025-10-09,328025977624026,B5010036855,266,,2025-10-08 00:05:51+00:00,,El Dorado US-77  US-254,KTA-KTA073SB,nan,-,,KTA,0.69,
2025-10-23,669774117413844,B6010174786,S20046,,2025-10-08 11:24:56+00:00,,1 - Delaware Memorial Bridge,1,nan,-,,NJTP,57.65,
2025-10-12,276569870114318,B6010107791,8657,,2025-10-11 17:35:20+00:00,,SH 31 Plaza Mainline,NE49-SH31S-1,nan,-,,CTRMA,6.0,
2025-10-09,270649383873106,B6010125735,S24018,,2025-10-07 23:55:02+00:00,,138 - Becker Road,004131,nan,-,,FDOT,0.43,
2025-10-10,914505450441934,B6010107803,8660,,2025-10-09 12:40:09+00:00,,El Dorado US-77  Andover 21st,KTA-KTA061SB,nan,-,,KTA,1.93,
2025-10-12,281149554422003,B6010205371,8401,,2025-10-10 14:50:25+00:00,,Sam Houston North Plaza,SHT-SAMN-07,nan,-,,HCTRA,7.0,
2025-10-10,578280935378348,B5010058942,259,,2025-10-09 22:01:23+00:00,,Lawrence : US-59,KTA-KTA202EB,nan,-,,KTA,0.28,
2025-10-12,314972204656284,B6010119884,8406,,2025-10-10 20:51:27+00:00,,Airport Plaza,H13-APORT,nan,-,,HCTRA,6.54,
2025-10-10,214743023992671,B5010036855,266,,2025-10-09 23:05:31+00:00,,Wichita K-15  I-135/I-235,KTA-KTA043NB,nan,-,,KTA,0.41,
2025-10-09,143296083026230,B6010125734,S24016,,2025-10-08 11:23:10+00:00,,0.4 - Mainline Plaza (Z-Move),4CO,nan,-,,FDOT,0.57,
2025-11-06,339188221122471,B6010035600,8555,,2025-10-14 13:51:32+00:00,,Exit 43,H 43,nan,-,,PTC,29.19,
2025-10-12,110997630948552,B6010075205,8644,,2025-10-10 14:09:46+00:00,,Dalworth Street (DALST),PGBW-DALST-02,nan,-,,NTTA,1.7,
2025-10-13,177528534370202,B6010034700,8544,,2025-10-10 18:13:09+00:00,,h13-mustc-06,H13-MUSTC,nan,-,,HCTRA,6.54,
2025-10-12,238995978392414,B6010105909,8413,,2025-10-10 08:48:04+00:00,,A 113,A113,nan,-,,PTC,7.16,
2025-10-16,324153697315467,B6010035600,8555,,2025-10-14 14:07:54+00:00,,T 341,T341,nan,-,,PTC,5.48,
2025-10-15,291254171804522,B6010057268,S23012,,2025-10-14 08:11:23+00:00,,Exit 259 - Unionville-Indian Trail Road,M06,nan,-,,NCTA,0.22,
2025-10-15,206701120608271,B5010022290,S22013,,2025-10-14 04:56:43+00:00,,Tonganoxie-Eudora: 222nd St  Lawrence : US-59,KTA-KTA207WB,nan,-,,KTA,0.38,
2025-10-09,181806669565267,B5010022319,8627,,2025-10-08 14:23:16+00:00,,328 - Mitchell Boulevard Mainline,328,nan,-,,ILTOLL,2.5,
2025-10-12,135240110640051,B6010107762,8459,,2025-10-10 10:40:37+00:00,,Sam Houston North Plaza,SHT-SAMN-05,nan,-,,HCTRA,7.0,
2025-10-10,221769480003118,B6010066068,S24024,,2025-10-07 21:37:46+00:00,,Exit 259 - Unionville-Indian Trail Road,M05,nan,-,,NCTA,0.22,
2025-10-10,331607323843179,B5010061403,8524,,2025-10-09 12:06:23+00:00,,Exit 259 - Unionville-Indian Trail Road,M06,nan,-,,NCTA,0.88,
2025-10-14,105552602151525,B6010108042,8618,,2025-10-13 11:23:42+00:00,,9 - Elgin Mainline,9,nan,-,,ILTOLL,8.15,
2025-10-15,186044849066217,B6010057263,S23027,,2025-10-14 17:40:10+00:00,,Eastern Terminal,KTA-KTA217WB,nan,-,,KTA,1.2,
2025-10-11,150884911675199,B5010061410,8531,,2025-10-10 18:59:15+00:00,,Lawrence : US-59,KTA-KTA202EB,nan,-,,KTA,0.69,
2025-10-14,293698407630291,B6010219218,8402,,2025-10-13 13:35:28+00:00,,Mulvane K-53  US-160,KTA-KTA021SB,nan,-,,KTA,1.93,
2025-10-14,225979029659091,B6010075136,8438,,2025-10-13 15:30:40+00:00,,Hardy North Plaza,HDY-HDYN-08,nan,-,,HCTRA,7.0,
2025-10-09,162705905924047,B5010058944,206,,2025-10-08 04:18:21+00:00,,El Dorado US-77  US-254,KTA-KTA073SB,nan,-,,KTA,0.69,
2025-10-15,138028327995659,B6010035637,8349,,2025-10-14 08:50:50+00:00,,Sam Houston Central Plaza,SHT-SAMC-10,nan,-,,HCTRA,7.0,
2025-10-15,332541349728589,B6010086514,8505,,2025-10-14 12:17:58+00:00,,North Gessner Rd,SHT-GESS-20,nan,-,,HCTRA,5.0,
2025-10-16,292851135309000,B6010125738,S24038,,2025-10-14 02:50:03+00:00,,Washington-Dulles Access and Toll Road MLP,078,nan,-,,VDOT,4.0,
2025-10-14,186030400869563,B6010174780,S17033,,2025-10-13 22:48:15+00:00,,Sam Houston South Plaza,SHT-SAMS-08,nan,-,,HCTRA,1.35,
2025-10-09,316718063917491,B5010065476,S23032,,2025-10-08 07:58:56+00:00,,Exit 259 - Unionville-Indian Trail Road,M06,nan,-,,NCTA,0.22,
2025-10-10,131159442236769,B6010075137,8635,,2025-10-08 13:34:42+00:00,,Sam Houston NE Mainlane,SHT-SAMNE-10,nan,-,,HCTRA,7.0,
2025-10-10,126530246509369,B6010057271,S23022,,2025-10-08 01:30:52+00:00,,US 69,CHR-US69-04,nan,-,,OTA,3.08,
2025-10-11,213605079881653,B6010204984,8508,,2025-10-09 12:06:00+00:00,,gpw-cmbml-21,GPW-CMBML,nan,-,,HCTRA,6.84,
2025-10-16,109150306895969,B6010035600,8555,,2025-10-14 09:27:41+00:00,,9 - New Brunswick/Admin Bldg,9,nan,-,,NJTP,10.55,
2025-10-12,323111337189595,B6010174710,8603,,2025-10-10 15:14:19+00:00,,Hardy North Plaza,HDY-HDYN-09,nan,-,,HCTRA,7.0,
2025-10-10,233105638994664,B6010086526,8655,,2025-10-09 12:13:30+00:00,,Clay Rd,SHT-WCLAY-36,nan,-,,HCTRA,5.0,
2025-10-15,144112930415531,B6010052915,8606,,2025-10-12 16:38:43+00:00,,JFK : John F. Kennedy Memorial Highway,JFK,nan,-,,MdTA,48.0,
2025-10-13,187135028408276,B6010219249,8309,,2025-10-11 16:11:39+00:00,,Cameron Plaza,H13-CAMRO,nan,-,,HCTRA,6.54,
2025-10-12,209520946321487,C494HR-TN,S23015,,2025-10-10 21:11:52+00:00,,Exit 257 - Indian Trail-Fairview Road,M03,nan,-,,NCTA,0.36,
2025-10-15,112659795842412,B5010065476,S23032,,2025-10-13 21:40:44+00:00,,Exit 257 - Indian Trail-Fairview Road,M03,nan,-,,NCTA,0.36,
2025-10-15,142169231527293,B5010022289,S22012,,2025-10-10 13:52:18+00:00,,Cassoday K-177  El Dorado US-77,KTA-KTA087SB,nan,-,,KTA,0.77,
2025-11-06,193352183788543,B6010035600,8555,,2025-10-14 13:51:32+00:00,,Exit 43,H43,nan,-,,PTC,-29.19,
2025-10-12,170019575001139,B5010061410,8531,,2025-10-11 14:39:25+00:00,,Airport Plaza,H13-APORT,nan,-,,HCTRA,4.36,
2025-10-14,250628096662827,B6010052896,8605,,2025-10-13 16:13:44+00:00,,Parker Main Lane Gantry (MLP3),DNT-MLP3-12,nan,-,,NTTA,4.92,
2025-10-15,146779561638223,B6010205361,8518,,2025-10-14 10:54:07+00:00,,gpw-vrml-51,GPW-VRML,nan,-,,HCTRA,4.4,
2025-10-11,288544569421151,B6010205367,8427,,2025-10-10 12:18:48+00:00,,130-dkcrp-06 307,H13-DECKC,nan,-,,HCTRA,6.54,
2025-10-10,146569399344689,B6010075444,8634,,2025-10-08 07:54:01+00:00,,MLK Jr. Blvd. SB Mainline,183S-MLKMLSB-03,nan,-,,CTRMA,6.0,
2025-10-10,145168256219253,B6010087081,8519,,2025-10-09 13:06:48+00:00,,Josey Main Lane Gantry (MLG2),SRT-MLG2-12,nan,-,,NTTA,7.64,
2025-10-10,920077406758790,B5010017818,9115,,2025-10-09 10:15:05+00:00,,Lewis and Clark Bridge,ECS,nan,-,,RIVERLIN,13.33,
2025-10-09,158697923109824,B6010035670,8547,,2025-10-08 11:08:40+00:00,,El Dorado US-77  Andover 21st,KTA-KTA061SB,nan,-,,KTA,1.93,
2025-10-11,893214006850349,B6010039121,8435,,2025-10-08 13:14:19+00:00,,130-skysp-02 4104,13C-SKYSB,nan,-,,HCTRA,12.73,
2025-10-15,803605291288227,B6010039141,8312,,2025-10-14 04:35:51+00:00,,I35W-I-30 W US 287 Entrance,I35W-I35WI30EAST-37,nan,-,,NTTA,9.0,
2025-10-09,317826310936990,B5010065476,S23032,,2025-10-07 21:29:12+00:00,,Exit 260 - N. Rocky River Road,M07,nan,-,,NCTA,0.63,
2025-10-10,130353773388562,B5010065476,S23032,,2025-10-09 07:00:21+00:00,,Exit 255 - U.S. 74 (West),M02,nan,-,,NCTA,0.3,
2025-10-10,316685380382429,B6010057268,S23012,,2025-10-09 08:15:38+00:00,,Exit 255 - U.S. 74 (West),M02,nan,-,,NCTA,0.3,
2025-10-09,134557612958095,B6010107782,8320,,2025-10-08 15:03:03+00:00,,gpw-cfml-21,GPW-CFML,nan,-,,HCTRA,6.08,
2025-10-11,202674368647940,B5010061410,8531,,2025-10-10 18:56:40+00:00,,Wichita K-96  US-54 Kellogg,KTA-KTA050NB,nan,-,,KTA,0.41,
2025-10-15,194740751724079,B6010204230,8516,,2025-10-14 12:18:51+00:00,,gpw-spnml-51,GPW-SPNML,nan,-,,HCTRA,10.04,
2025-10-09,500161755196493,B6010057263,S23027,,2025-10-08 14:09:53+00:00,,Wichita K-15  I-135/I-235,KTA-KTA043NB,nan,-,,KTA,0.14,
2025-10-10,141402771565900,U511827-TN,15003,,2025-10-09 03:51:27+00:00,,Coit Main Lane Gantry (MLP7),PGBT-MLP7-09,nan,-,,NTTA,9.9,
2025-10-13,324001059362465,B6010119922,8348,,2025-10-12 11:04:44+00:00,,Mulvane K-53  US-160,KTA-KTA021SB,nan,-,,KTA,1.93,
2025-10-15,884143519599417,B6010125735,S24018,,2025-10-13 23:13:37+00:00,,138 - Becker Road,004131,nan,-,,FDOT,0.43,
2025-10-15,957385295561272,B6010065780,9076,,2025-10-14 09:20:00+00:00,,h13-mustc-06,H13-MUSTC,nan,-,,HCTRA,6.54,
2025-11-06,336576575540415,B6010174786,S20046,,2025-10-14 10:19:58+00:00,,Exit 43,H 43,nan,-,,PTC,29.19,
2025-10-14,228065443409793,B6010205436,1247,,2025-10-12 14:36:50+00:00,,13c-blusb-01,13C-BLUNB,nan,-,,HCTRA,27.81,
2025-10-10,329228798798454,B5010058928,S23000,,2025-10-08 06:11:59+00:00,,Decker Prairie Mainlane - EZ TAG Only,MCT-DECKR-09,nan,-,,HCTRA,1.54,
2025-10-10,766629529165918,B5010017613,8526,,2025-10-08 17:30:11+00:00,,13c-blusb-01,13C-BLUNB,nan,-,,HCTRA,27.81,
2025-10-09,822686048274071,B6010107782,8320,,2025-10-08 15:13:28+00:00,,gpw-rfzml-16,GPW-RFZML,nan,-,,HCTRA,3.28,
2025-10-10,200197544886300,B6010205359,8529,,2025-10-09 06:51:17+00:00,,gpw-obml-50,GPW-OBML,nan,-,,HCTRA,4.8,
2025-10-11,884019823477051,B6010086545,8405,,2025-10-09 14:10:11+00:00,,gpw-mokml-50,GPW-MOKML,nan,-,,HCTRA,5.6,
2025-10-08,858758788555117,B6010066112,S24003,,2025-10-07 22:14:58+00:00,,Lecompton K-10  Topeka I-70  K-4,KTA-KTA191EB,nan,-,,KTA,0.72,
2025-10-14,790723855490941,B6010057263,S23027,,2025-10-13 15:06:15+00:00,,Haysville-Derby 71st  Mulvane K-53,KTA-KTA036SB,nan,-,,KTA,0.29,
2025-10-15,513939529892757,B6010065780,9076,,2025-10-14 09:38:52+00:00,,130-dkcrp-06 307,H13-DECKC,nan,-,,HCTRA,6.54,
2025-10-15,130975572415044,B6010057263,S23027,,2025-10-14 17:27:35+00:00,,Lawrence : US-59,KTA-KTA202EB,nan,-,,KTA,0.1,
2025-10-14,328715625750000,B6010167843,8430,,2025-10-12 16:17:59+00:00,,Custer Main Lane Gantry (MLG3),SRT-MLG3-12,nan,-,,NTTA,10.56,
2025-10-15,535843452594802,B6010119955,8347,,2025-10-14 14:39:18+00:00,,Lawrence : US-59,KTA-KTA202EB,nan,-,,KTA,0.69,
2025-10-13,209584084311618,B6010167874,8444,,2025-10-11 08:48:03+00:00,,130-skysp-02 4104,13C-SKYSB,nan,-,,HCTRA,12.73,
2025-10-15,798577105317358,B5010060221,8152,,2025-10-14 13:33:21+00:00,,Cameron Plaza,H13-CAMRO,nan,-,,HCTRA,6.54,
2025-10-10,552980350907405,B5010060218,8185,,2025-10-08 10:45:28+00:00,,13c-blusb-01,13C-BLUSB,nan,-,,HCTRA,27.81,
2025-10-10,198714714418269,B6010035659,8546,,2025-10-09 15:58:29+00:00,,Belt Line Main Lane Gantry (MLP10),PGBT-MLP10-07,nan,-,,NTTA,2.96,
2025-10-10,959866529850589,B5010058944,206,,2025-10-09 23:59:35+00:00,,Emporia I-35  Cassoday K-177,KTA-KTA123NB,nan,-,,KTA,4.83,
2025-10-14,291142928977732,B6010057263,S23027,,2025-10-13 14:08:27+00:00,,Emporia I-35  Cassoday K-177,KTA-KTA123NB,nan,-,,KTA,1.68,
2025-10-16,176658151196340,B6010052915,8606,,2025-10-13 07:15:33+00:00,,"John F. Kennedy Memorial Hwy (Delaware Tpke, Newark Plaza)",D95,nan,-,,DelDOT,10.0,
2025-10-15,609509235240212,B6010052900,8616,,2025-10-13 18:02:21+00:00,,Airport Plaza,H13-APORT,nan,-,,HCTRA,6.54,
2025-10-11,910581147184884,B6010205367,8427,,2025-10-08 11:20:13+00:00,,Sam Houston North Plaza,SHT-SAMN-06,nan,-,,HCTRA,7.0,
2025-10-11,477124599149512,B6010105935,8335,,2025-10-09 12:45:32+00:00,,Sam Houston North Plaza,SHT-SAMN-06,nan,-,,HCTRA,3.5,
2025-10-14,331361006944221,B6010052896,8605,,2025-10-13 18:22:06+00:00,,Josey Lane - North (NJOLN),SRT-NJOLN-03,nan,-,,NTTA,3.56,
2025-10-10,131314149502962,B6010075118,8620,,2025-10-08 17:05:23+00:00,,130-skynp-01 4103,13C-SKYNB,nan,-,,HCTRA,12.73,
2025-10-09,132336385667728,B6010107782,8320,,2025-10-08 15:08:46+00:00,,gpw-mokml-50,GPW-MOKML,nan,-,,HCTRA,5.6,
2025-10-15,184001761982842,B5010028610,8446,,2025-10-14 18:30:11+00:00,,Cameron Plaza,H13-CAMRO,nan,-,,HCTRA,6.54,
2025-10-12,162255426712395,B5010065476,S23032,,2025-10-11 07:53:03+00:00,,Exit 264 - U.S. 601,M10,nan,-,,NCTA,0.29,
2025-10-10,280107761197775,B6010107803,8660,,2025-10-08 15:28:03+00:00,,130-dkcrp-06 307,H13-DECKC,nan,-,,HCTRA,6.54,
2025-10-12,328255779310147,B6010107803,8660,,2025-10-11 08:11:58+00:00,,Wichita I-135/I-235  Haysville-Derby,KTA-KTA040SB,nan,-,,KTA,0.41,
2025-10-11,171712791808108,B5010022290,S22013,,2025-10-08 14:57:41+00:00,,Wichita K-96  US-54 Kellogg,KTA-KTA050NB,nan,-,,KTA,0.14,
2025-10-10,881920338502201,B5010036855,266,,2025-10-09 23:47:11+00:00,,Wichita K-15  I-135/I-235,KTA-KTA043NB,nan,-,,KTA,0.41,
2025-10-10,168111617724861,B5010017613,8526,,2025-10-08 18:26:37+00:00,,h13-mustc-06,H13-MUSTC,nan,-,,HCTRA,4.36,
2025-10-12,275458188536031,B5010050873,1027,,2025-10-10 02:56:14+00:00,,130-dkcrp-06 307,H13-DECKC,nan,-,,HCTRA,6.54,
2025-10-16,291640443967924,B6010035639,8540,,2025-10-09 14:49:19+00:00,,s45-semlp-08,S45-SEMLP-08/09,nan,-,,HCTRA,3.9,
2025-10-11,310026950545801,U345598-TN,12166,,2025-10-09 14:19:50+00:00,,gpw-obml-50,GPW-OBML,nan,-,,HCTRA,7.2,
2025-10-14,134043905376147,B6010075495,8630,,2025-10-13 11:12:52+00:00,,75 - North Avenue (Illinois 64),75,nan,-,,ILTOLL,6.5,
2025-10-10,302534844113118,B6010205371,8401,,2025-10-08 16:06:40+00:00,,Sam Houston SW Plaza,SHT-SAMSW-09,nan,-,,HCTRA,7.0,
2025-10-10,588659177365947,B6010075131,8629,,2025-10-09 11:42:44+00:00,,John F Kennedy Bridge-RiverLink,DTS,nan,-,,RIVERLIN,13.33,
2025-10-09,994741170992670,B6010057263,S23027,,2025-10-08 21:24:25+00:00,,Topeka K-4  I-470,KTA-KTA179NB,nan,-,,KTA,0.24,
2025-10-14,190321364658572,B6010219218,8402,,2025-10-13 13:19:39+00:00,,Wichita I-135/I-235  Haysville-Derby,KTA-KTA040SB,nan,-,,KTA,0.41,
2025-10-10,184197624603045,B5010060214,9112,,2025-10-08 06:06:29+00:00,,State Line,WR-STLINE-04,nan,-,,OTA,11.31,
2025-10-12,232556321140690,B5010022294,224320,,2025-10-09 23:47:46+00:00,,I-35,CIM-177ML-13,nan,-,,OTA,1.16,
2025-10-14,254998335965651,B6010057263,S23027,,2025-10-13 12:35:59+00:00,,Lecompton K-10  Topeka I-70  K-4,KTA-KTA191EB,nan,-,,KTA,0.72,
2025-10-14,279771004955380,B6010086558,8640,,2025-10-11 13:50:59+00:00,,Mainlane Plaza West of FM 1485,GPW-1485ML,nan,-,,HCTRA,8.12,
2025-10-11,180773631476290,B5010022318,255,,2025-10-09 03:31:30+00:00,,US 75-Glenpool,CRK-75GLPL-02,nan,-,,OTA,1.81,
2025-10-14,260702688207298,B6010086545,8405,,2025-10-11 14:40:06+00:00,,Toll Gantry 2 288 ML Holly Hall SB,288-NB610-22,nan,-,,HCTRA,3.44,
2025-10-11,274660199154398,B5010017609,8441,,2025-10-10 13:28:52+00:00,,gpw-cfml-21,GPW-CFML,nan,-,,HCTRA,6.08,
2025-10-16,272228255499597,B6010035600,8555,,2025-10-14 13:47:40+00:00,,6 - PA Turnpike/Florence,6,nan,-,,NJTP,8.47,
2025-10-16,153804165640094,B6010075120,8622,,2025-10-14 18:14:40+00:00,,Mainlane Plaza South of FM 565,GPW-CLPML,nan,-,,HCTRA,8.8,
2025-10-09,270026453448865,410462470,S20034,,2025-10-07 23:02:41+00:00,,96 - Forest Boulevard,096,nan,-,,FDOT,0.35,
2025-10-12,166383189198079,B6010219260,8322,,2025-10-10 17:17:44+00:00,,130-skynp-01 4103,13C-SKYNB,nan,-,,HCTRA,12.73,
2025-10-12,282644788698982,B6010035599,8543,,2025-10-10 13:11:20+00:00,,Marshall Drive (MARDR),PGBW-MARDR-03,nan,-,,NTTA,2.6,
2025-10-11,291876571017361,B6010057268,S23012,,2025-10-10 07:56:10+00:00,,Exit 255 - U.S. 74 (West),M02,nan,-,,NCTA,0.3,
2025-10-12,706219164403632,B5010022314,224319,,2025-10-10 09:08:43+00:00,,jkt-hfnrpk,JKT-HFNRPK-04,nan,-,,OTA,0.42,
2025-10-12,266456297059397,B5010022314,224319,,2025-10-07 23:15:49+00:00,,heb-nwclml,HEB-NWCLML-10,nan,-,,OTA,1.79,
2025-10-11,246938480006053,B5010036855,266,,2025-10-10 22:41:20+00:00,,Lawrence : US-59,KTA-KTA202EB,nan,-,,KTA,0.69,
2025-10-15,273207026042597,U057481-TN,2894,,2025-10-09 18:28:27+00:00,,gpw-vrml-51,GPW-VRML,nan,-,,HCTRA,13.2,
2025-10-13,806049116065985,B6010035637,8349,,2025-10-12 07:35:09+00:00,,Mainline Plaza: East of I-45,GPW-HRDML,nan,-,,HCTRA,2.2,
2025-10-14,115158393735144,B5010036855,266,,2025-10-13 23:25:28+00:00,,Cassoday K-177  El Dorado US-77,KTA-KTA087SB,nan,-,,KTA,2.21,
2025-10-11,156604008619290,B6010219218,8402,,2025-10-10 11:56:24+00:00,,Wichita K-96  US-54 Kellogg,KTA-KTA050NB,nan,-,,KTA,0.41,
2025-10-13,304055324368216,B6010087000,8651,,2025-10-11 10:38:45+00:00,,Airport Plaza,H13-APORT,nan,-,,HCTRA,6.54,
2025-10-12,234536522640086,410462470,S20034,,2025-10-10 21:58:05+00:00,,88 - Lantana,004200,nan,-,,FDOT,0.6,
2025-10-10,115502749089028,B6010205359,8529,,2025-10-09 06:58:59+00:00,,gpw-cmbml-21,GPW-CMBML,nan,-,,HCTRA,6.84,
2025-10-15,111759222061676,B6010075122,8612,,2025-10-14 12:23:16+00:00,,gpw-spnml-51,GPW-SPNML,nan,-,,HCTRA,10.04,
2025-10-11,189010619622906,B6010075444,8634,,2025-10-10 17:15:09+00:00,,Hardy North Plaza,HDY-HDYN-04,nan,-,,HCTRA,5.25,
2025-10-11,291813415677480,B6010087081,8519,,2025-10-10 16:22:14+00:00,,Josey Main Lane Gantry (MLG2),SRT-MLG2-12,nan,-,,NTTA,3.82,
2025-10-15,181716600917287,B5010028610,8446,,2025-10-14 18:59:24+00:00,,Airport Plaza,H13-APORT,nan,-,,HCTRA,6.54,
2025-10-09,415279154106748,B6010057268,S23012,,2025-10-07 21:31:05+00:00,,Exit 270 - Austin Chaney Road,M13,nan,-,,NCTA,0.48,
2025-10-10,718323665277078,B6010066112,S24003,,2025-10-09 21:33:01+00:00,,Lawrence : US-59,KTA-KTA202EB,nan,-,,KTA,0.1,
2025-10-19,238469247992930,B6010105909,8413,,2025-10-13 14:26:00+00:00,,Walters,HEB-WALTRS-11,nan,-,,OTA,2.32,
2025-10-14,452400943016554,B6010039142,7961,,2025-10-09 14:28:52+00:00,,13c-blusb-01,13C-BLUSB,nan,-,,HCTRA,27.81,
2025-10-15,226870020123754,B6010057279,S24005,,2025-10-08 05:35:29+00:00,,heb-nwclml,HEB-NWCLML-13,nan,-,,OTA,1.79,
2025-10-14,310197687304316,B6010107742,8602,,2025-10-12 19:21:23+00:00,,John F Kennedy Bridge-RiverLink,DTS,nan,-,,RIVERLIN,13.33,
2025-10-15,231478513308949,B6010107768,8509,,2025-10-13 09:40:43+00:00,,13c-blusb-01,13C-BLUNB,nan,-,,HCTRA,27.81,
2025-10-14,794140163136594,B6010086543,8638,,2025-10-13 07:40:53+00:00,,43 - I-80 WB,43,nan,-,,ILTOLL,6.1,
2025-10-09,228798374919552,B6010174711,79,,2025-10-08 00:18:42+00:00,,West Main Plaza (Hyde Park),T56,nan,-,,FDOT,5.6,
2025-10-11,248627579130358,B6010057263,S23027,,2025-10-08 14:52:55+00:00,,El Dorado US-77  US-254,KTA-KTA073SB,nan,-,,KTA,0.24,
2025-10-11,215880031515804,B6010039121,8435,,2025-10-08 09:30:37+00:00,,"I820-35WS South Entrance, Exit 57C",I35WS-820-31,nan,-,,NTTA,27.2,
2025-10-10,175316068624036,B6010065788,8115,,2025-10-09 16:51:31+00:00,,Wichita K-96  US-54 Kellogg,KTA-KTA050NB,nan,-,,KTA,0.41,
2025-11-06,136734536258012,B6010174786,S20046,,2025-10-12 09:43:33+00:00,,Exit 43,H 43,nan,-,,PTC,29.19,
2025-10-14,416456175921958,B5010060221,8152,,2025-10-13 14:45:17+00:00,,130-dkcrp-06 307,H13-DECKC,nan,-,,HCTRA,6.54,
2025-10-15,486482481607101,B5010065476,S23032,,2025-10-14 08:39:26+00:00,,Exit 266 - Morgan Mill Road,M12,nan,-,,NCTA,0.64,
2025-10-15,670762041650625,B6010057263,S23027,,2025-10-14 15:02:22+00:00,,Wichita US-54  K-15,KTA-KTA047NB,nan,-,,KTA,0.24,
2025-10-17,699427037634501,B6010174709,251,,2025-10-11 06:45:12+00:00,,East Main Plaza (78th Street),101760,nan,-,,THEA,4.26,
2025-10-15,246258179758467,B6010167872,8310,,2025-10-13 18:29:12+00:00,,Airport Plaza,H13-APORT,nan,-,,HCTRA,6.54,
2025-10-11,239167635848983,B6010174780,S17033,,2025-10-09 21:50:46+00:00,,Sam Houston Central Plaza,SHT-SAMC-08,nan,-,,HCTRA,1.35,
2025-10-14,291489152157900,B6010107768,8509,,2025-10-13 04:39:46+00:00,,Cameron Plaza,H13-CAMRO,nan,-,,HCTRA,6.54,
2025-10-17,115277892230761,B6010119884,8406,,2025-10-09 15:38:20+00:00,,Airport Plaza,H13-APORT,nan,-,,HCTRA,6.54,
2025-10-10,207379984260300,B5010058942,259,,2025-10-08 22:45:54+00:00,,East Topeka: I-70,KTA-KTA183WB,nan,-,,KTA,0.28,
2025-10-11,456980472937146,B5010022314,224319,,2025-10-09 08:50:45+00:00,,jkt-hfnrpk,JKT-HFNRPK-04,nan,-,,OTA,0.42,
2025-10-10,747070374562507,B6010107803,8660,,2025-10-09 12:07:17+00:00,,Mulvane K-53  US-160,KTA-KTA021SB,nan,-,,KTA,1.93,
2025-10-16,791295678255107,B6010119901,8329,,2025-10-14 09:44:40+00:00,,A 88,A88,nan,-,,PTC,6.6,
2025-10-14,279266381446643,B6010119921,8417,,2025-10-13 11:19:50+00:00,,41 - 163rd St Mainline,41,nan,-,,ILTOLL,8.15,
2025-10-11,153312923542363,B6010057263,S23027,,2025-10-10 14:05:48+00:00,,Wichita I-135/I-235  Haysville-Derby,KTA-KTA040SB,nan,-,,KTA,0.14,
2025-10-08,225631782089158,B5010022289,S22012,,2025-10-07 20:28:56+00:00,,Eastern Terminal,KTA-KTA217WB,nan,-,,KTA,1.2,
2025-10-11,239270277861307,B6010057268,S23012,,2025-10-10 07:52:18+00:00,,Exit 259 - Unionville-Indian Trail Road,M06,nan,-,,NCTA,0.22,
2025-10-11,979058295187400,B5010058944,206,,2025-10-10 00:30:44+00:00,,El Dorado US-77  Andover 21st,KTA-KTA061SB,nan,-,,KTA,1.93,
2025-10-14,602718137874852,B6010052896,8605,,2025-10-13 16:08:36+00:00,,Coit Main Lane Gantry (MLP7),PGBT-MLP7-08,nan,-,,NTTA,6.6,
2025-10-14,172822049338042,B6010107768,8509,,2025-10-13 04:54:51+00:00,,Airport Plaza,H13-APORT,nan,-,,HCTRA,6.54,
2025-10-15,179047743157394,B6010065787,8330,,2025-10-13 19:37:00+00:00,,Exit 259 - Unionville-Indian Trail Road,M06,nan,-,,NCTA,0.88,
2025-10-14,490724674640863,B6010204228,8507,,2025-10-12 20:10:26+00:00,,Abraham Lincoln Bridge,DTN,nan,-,,RIVERLIN,13.33,
2025-10-16,924507253502014,B6010205436,1247,,2025-10-14 14:20:47+00:00,,130-dkcrp-06 307,H13-DECKC,nan,-,,HCTRA,6.54,
2025-10-10,217961790412362,B6010107762,8459,,2025-10-09 10:33:01+00:00,,h13-mustc-06,H13-MUSTC,nan,-,,HCTRA,6.54,
2025-10-11,951492314021408,B5010061409,8530,,2025-10-09 07:33:21+00:00,,Sam Houston Central Plaza,SHT-SAMC-07,nan,-,,HCTRA,7.0,
2025-10-12,237898460846581,B5010063666,8204,,2025-10-09 13:51:25+00:00,,I635-LOOP12 I-35E Texpress Entrance,I635-LOOP12-1B,nan,-,,NTTA,15.8,
2025-10-12,253548027257510,B6010075444,8634,,2025-10-10 17:23:12+00:00,,Hardy South Plaza,HDY-HDYS-10,nan,-,,HCTRA,7.0,
2025-10-11,235936765114814,U227101-TN,13120,,2025-10-09 18:41:56+00:00,,Hardy North Plaza,HDY-HDYN-09,nan,-,,HCTRA,8.4,
2025-10-09,113317014937935,B6010057263,S23027,,2025-10-08 13:46:47+00:00,,Southern Terminal: Border  US-160,KTA-KTA017SB,nan,-,,KTA,0.91,
2025-10-12,185617610113349,B6010105909,8413,,2025-10-10 11:06:29+00:00,,A 88,A88,nan,-,,PTC,6.6,
2025-10-13,558056850261001,B5010058928,S23000,,2025-10-10 06:01:46+00:00,,Decker Prairie Mainlane - EZ TAG Only,MCT-DECKR-09,nan,-,,HCTRA,1.54,
2025-10-10,334897757834074,B6010205361,8518,,2025-10-08 05:31:26+00:00,,130-dkcrp-06 307,H13-DECKC,nan,-,,HCTRA,6.54,
2025-10-13,146392679662075,C854HR-TN,S24015,,2025-10-08 21:03:17+00:00,,SR874 South (at Tpke),S80,nan,-,,FDOT,0.23,
2025-10-12,894893356217809,C491HR-TN,S23032,,2025-10-10 21:15:52+00:00,,Exit 259 - Unionville-Indian Trail Road,M05,nan,-,,NCTA,0.22,
2025-10-11,244638685001449,1662894601106,216,,2025-10-09 13:01:29+00:00,,Aldine Mail Route,HDY-ALDN-30,nan,-,,HCTRA,2.5,
2025-10-10,202074710588472,B6010086985,8554,,2025-10-09 11:56:20+00:00,,Abraham Lincoln Bridge,DTN,nan,-,,RIVERLIN,13.33,
2025-10-16,441024222939546,B6010052909,8610,,2025-10-14 09:15:08+00:00,,T 336,T336,nan,-,,PTC,6.04,
2025-10-12,142662481560962,B6010205371,8401,,2025-10-11 18:28:39+00:00,,gpw-obml-50,GPW-OBML,nan,-,,HCTRA,4.8,
2025-10-12,190698689963335,B6010205371,8401,,2025-10-11 13:28:58+00:00,,130-dkcrp-06 307,H13-DECKC,nan,-,,HCTRA,6.54,
2025-10-11,374141628861060,B6010086526,8655,,2025-10-09 12:08:27+00:00,,Sam Houston South Plaza,SHT-SAMS-11,nan,-,,HCTRA,7.0,
2025-10-14,253608860128306,B5010036855,266,,2025-10-13 23:57:21+00:00,,Wichita K-96  US-54 Kellogg,KTA-KTA050NB,nan,-,,KTA,0.41,
2025-10-08,769042949647234,B5010058944,206,,2025-10-07 22:58:51+00:00,,El Dorado US-77  US-254,KTA-KTA073SB,nan,-,,KTA,0.69,
2025-10-09,519059505215071,B6010039104,8332,,2025-10-08 14:27:43+00:00,,Wichita K-15  I-135/I-235,KTA-KTA043NB,nan,-,,KTA,0.41,
2025-10-09,300647379020105,B5010036855,266,,2025-10-08 23:52:06+00:00,,Cassoday K-177  El Dorado US-77,KTA-KTA087SB,nan,-,,KTA,2.21,
2025-10-14,221762226613609,B6010052896,8605,,2025-10-13 15:55:20+00:00,,Merritt Main Lane Gantry (MLG5),PGBT-MLG5-03,nan,-,,NTTA,8.92,
2025-10-15,100843597098198,B6010205361,8518,,2025-10-14 12:04:11+00:00,,Sam Houston NE Mainlane,SHT-SAMNE-04,nan,-,,HCTRA,7.0,
2025-10-10,235827642081509,B6010066068,S24024,,2025-10-08 21:09:54+00:00,,Exit 255 - U.S. 74 (West),M01,nan,-,,NCTA,0.3,
2025-10-11,190834969840478,B6010119859,8338,,2025-10-10 00:19:39+00:00,,Cameron Plaza,H13-CAMRO,nan,-,,HCTRA,6.54,
2025-10-11,905637748079209,B6010057263,S23027,,2025-10-10 15:01:49+00:00,,El Dorado US-77  Andover 21st,KTA-KTA061SB,nan,-,,KTA,0.67,
2025-10-15,309871031830419,B5010022290,S22013,,2025-10-10 15:21:31+00:00,,Haysville-Derby 71st  Mulvane K-53,KTA-KTA036SB,nan,-,,KTA,0.29,
2025-10-16,126279469404508,B6010075120,8622,,2025-10-14 18:39:51+00:00,,Mainlane Plaza West of Wolf Trot,GPW-WLFML,nan,-,,HCTRA,14.08,
2025-10-14,334022419019992,B5010058944,206,,2025-10-13 23:30:42+00:00,,El Dorado US-77  Andover 21st,KTA-KTA061SB,nan,-,,KTA,1.93,
2025-10-14,935072521030876,B6010066112,S24003,,2025-10-13 22:24:02+00:00,,East Topeka: I-70,KTA-KTA183WB,nan,-,,KTA,0.1,
2025-10-12,140916374666592,B6010105847,8343,,2025-10-10 17:47:42+00:00,,36 - 82nd Street Mainline,36,nan,-,,ILTOLL,8.15,
2025-10-11,679867964426196,B6010219218,8402,,2025-10-10 11:29:12+00:00,,Southern Terminal: Border  US-160,KTA-KTA017SB,nan,-,,KTA,2.62,
2025-10-14,857179662788108,B6010119951,8311,,2025-10-10 13:42:26+00:00,,"John F. Kennedy Memorial Hwy (Delaware Tpke, Newark Plaza)",D95,nan,-,,DelDOT,10.0,
2025-10-16,303662593939246,B6010052900,8616,,2025-10-13 17:34:53+00:00,,h13-mustc-06,H13-MUSTC,nan,-,,HCTRA,6.54,
2025-10-14,292732672153627,B6010057263,S23027,,2025-10-13 14:16:30+00:00,,Cassoday K-177  El Dorado US-77,KTA-KTA087SB,nan,-,,KTA,0.77,
2025-10-15,132826991139239,B6010052896,8605,,2025-10-14 07:12:55+00:00,,Dalworth Street (DALST),PGBW-DALST-03,nan,-,,NTTA,1.36,
2025-10-21,285164221296416,B6010035639,8540,,2025-10-13 09:29:36+00:00,,h13-mustc-06,H13-MUSTC,nan,-,,HCTRA,6.54,
2025-10-15,681150236020776,B6010065780,9076,,2025-10-13 05:04:04+00:00,,msk-cwtml,MSK-CWTML-13,nan,-,,OTA,6.69,
2025-10-14,219020078186296,B6010205357,1116,,2025-10-12 19:11:33+00:00,,42 - I-57/147th St (Illinois 83),42,nan,-,,ILTOLL,8.15,
2025-10-10,265872816290765,B5010036855,266,,2025-10-09 22:19:23+00:00,,Emporia I-35  Cassoday K-177,KTA-KTA123NB,nan,-,,KTA,4.83,
2025-10-13,143831054477951,B6010119922,8348,,2025-10-12 11:09:53+00:00,,Haysville-Derby 71st  Mulvane K-53,KTA-KTA036SB,nan,-,,KTA,0.83,
2025-10-15,270197278668865,B5010022319,8627,,2025-10-13 21:40:07+00:00,,73 - Army Trail Road Mainline,73,nan,-,,ILTOLL,8.15,
2025-10-15,996876371069715,B6010039141,8312,,2025-10-14 11:37:46+00:00,,Cassoday K-177  El Dorado US-77,KTA-KTA087SB,nan,-,,KTA,2.21,
2025-10-08,154409507358428,B5010058944,206,,2025-10-07 23:10:15+00:00,,El Dorado US-77  Andover 21st,KTA-KTA061SB,nan,-,,KTA,1.93,
2025-10-15,276505271210138,B5010065476,S23032,,2025-10-14 08:47:51+00:00,,Exit 257 - Indian Trail-Fairview Road,M04,nan,-,,NCTA,0.36,
2025-10-12,334111116375022,B6010065788,8115,,2025-10-11 13:45:26+00:00,,Lecompton K-10  Topeka I-70  K-4,KTA-KTA191EB,nan,-,,KTA,2.07,
2025-10-14,167624812702851,B6010075137,8635,,2025-10-12 17:33:50+00:00,,State Line,WR-STLINE-04,nan,-,,OTA,3.98,
2025-10-11,337748083920998,B6010174710,8603,,2025-10-10 08:22:20+00:00,,Sam Houston North Plaza,SHT-SAMN-09,nan,-,,HCTRA,7.0,
2025-10-11,143008866054427,B5010022289,S22012,,2025-10-10 09:44:03+00:00,,Tonganoxie-Eudora: 222nd St  Lawrence : US-59,KTA-KTA207WB,nan,-,,KTA,0.38,
2025-10-11,338298494857892,B6010066068,S24024,,2025-10-09 21:12:59+00:00,,Exit 257 - Indian Trail-Fairview Road,M03,nan,-,,NCTA,0.36,
2025-10-14,197693375626577,B6010205357,1116,,2025-10-12 19:23:23+00:00,,39 - 83rd St Mainline,39,nan,-,,ILTOLL,8.15,
2025-10-12,125457134881289,B5010022318,255,,2025-10-10 21:33:33+00:00,,jkt-us77,JKT-US77-11,nan,-,,OTA,2.27,
2025-10-08,103297154245269,B6010035670,8547,,2025-10-07 22:18:36+00:00,,Eastern Terminal,KTA-KTA217WB,nan,-,,KTA,3.45,
2025-10-11,166621035386300,B6010219224,8455,,2025-10-09 11:32:48+00:00,,151 - N.Ridgeville-Cleveland,151,nan,-,,OTC,26.25,
2025-10-09,231311399690712,B6010057263,S23027,,2025-10-08 20:34:23+00:00,,Lawrence : US-59,KTA-KTA202EB,nan,-,,KTA,0.1,
2025-10-10,772625691374826,U511827-TN,15003,,2025-10-09 03:45:36+00:00,,Shiloh Main Lane Gantry (MLP6),PGBT-MLP6-08,nan,-,,NTTA,9.24,
2025-10-15,968567670921582,U057481-TN,2894,,2025-10-09 18:17:11+00:00,,gpw-mokml-50,GPW-MOKML,nan,-,,HCTRA,8.4,
2025-10-09,149015438533718,B6010039104,8332,,2025-10-08 14:50:43+00:00,,Southern Terminal: Border  US-160,KTA-KTA017SB,nan,-,,KTA,2.62,
2025-10-15,291691256283414,B5010022290,S22013,,2025-10-14 13:47:47+00:00,,Emporia I-35  Cassoday K-177,KTA-KTA123NB,nan,-,,KTA,1.68,
2025-10-15,165162133335140,B6010035735,8553,,2025-10-14 11:21:54+00:00,,Sam Houston North Plaza,SHT-SAMN-09,nan,-,,HCTRA,7.0,
2025-10-15,182212687800485,B5010050872,9009,,2025-10-14 11:49:41+00:00,,Abraham Lincoln Bridge,DTN,nan,-,,RIVERLIN,13.33,
2025-10-13,179089208680311,B6010052873,8317,,2025-10-12 19:55:05+00:00,,Cameron Plaza,H13-CAMRO,nan,-,,HCTRA,6.54,
2025-10-12,143458420217934,B6010065788,8115,,2025-10-11 15:43:37+00:00,,Wichita K-96  US-54 Kellogg,KTA-KTA050NB,nan,-,,KTA,0.41,
2025-10-13,299239954168549,B6010119922,8348,,2025-10-12 11:22:41+00:00,,Wichita K-96  US-54 Kellogg,KTA-KTA050NB,nan,-,,KTA,0.41,
2025-10-10,609402157726732,B6010119884,8406,,2025-10-09 04:35:08+00:00,,Wilcrest,KTY-WLCRW-01,nan,-,,HCTRA,7.0,
2025-10-09,175965964804109,B6010035659,8546,,2025-10-07 19:09:06+00:00,,Merritt Main Lane Gantry (MLG5),PGBT-MLG5-08,nan,-,,NTTA,8.92,
2025-10-09,554491076588406,B6010174711,79,,2025-10-07 23:49:50+00:00,,East Main Plaza (78th Street),T64,nan,-,,FDOT,8.52,
2025-10-17,290960076597212,B5010022290,S22013,,2025-10-13 14:55:34+00:00,,El Dorado US-77  US-254,KTA-KTA073SB,nan,-,,KTA,0.24,
2025-10-11,219500622596531,B5010058942,259,,2025-10-10 21:41:53+00:00,,Tonganoxie-Eudora: 222nd St  Lawrence : US-59,KTA-KTA207WB,nan,-,,KTA,1.1,
2025-10-10,146619454183407,B5010022318,255,,2025-10-08 04:23:08+00:00,,US 75-Glenpool,CRK-75GLPL-02,nan,-,,OTA,1.81,
2025-10-09,736432318235464,U511883-TN,15059,,2025-10-08 03:44:37+00:00,,Shiloh Main Lane Gantry (MLP6),PGBT-MLP6-12,nan,-,,NTTA,6.93,
2025-10-14,973268603222127,B6010119921,8417,,2025-10-12 20:55:34+00:00,,Lewis and Clark Bridge,ECN,nan,-,,RIVERLIN,13.33,
2025-10-10,205394474914037,B5010022318,255,,2025-10-07 23:21:54+00:00,,jkt-us77,JKT-US77-11,nan,-,,OTA,2.27,
2025-10-15,234867557645611,B6010107779,8658,,2025-10-13 19:30:41+00:00,,Sam Houston Central Plaza,SHT-SAMC-12,nan,-,,HCTRA,7.0,
2025-10-16,301966635562193,B6010204254,8105,,2025-10-14 14:35:30+00:00,,Pax (Toll Plaza B),B,nan,-,,WVPEDTA,13.0,
2025-10-14,244782811079972,B5010022290,S22013,,2025-10-10 05:16:52+00:00,,Lawrence US-59S  Lecompton K-10,KTA-KTA201WB,nan,-,,KTA,0.24,
2025-11-10,263442896625773,V5307HY-TN,265,,2025-10-10 18:17:15+00:00,,249a-fm1488-20,249-148ML-20/21/22,nan,-,,HCTRA,11.96,
2025-10-11,284142686463121,B6010086458,8643,,2025-10-10 10:57:32+00:00,,141 - Port St. Lucie,142,nan,-,,FDOT,0.9,
2025-10-14,872273948034789,B6010075119,8621,,2025-10-12 16:18:13+00:00,,13c-blusb-01,13C-BLUSB,nan,-,,HCTRA,27.81,
2025-10-15,255254245443804,B6010107762,8459,,2025-10-14 09:43:40+00:00,,Sam Houston South Plaza,SHT-SAMS-07,nan,-,,HCTRA,3.5,
2025-10-12,326615532156824,B6010075118,8620,,2025-10-11 15:04:42+00:00,,Lewis and Clark Bridge,ECS,nan,-,,RIVERLIN,13.33,
2025-10-13,151295783032343,B6010035637,8349,,2025-10-09 00:03:00+00:00,,gpw-nwml-90,GPW-NWML,nan,-,,HCTRA,5.2,
2025-10-14,187150451890992,B6010125734,S24016,,2025-10-13 11:17:45+00:00,,25 - East Toll Plaza,AAE,nan,-,,FDOT,3.18,
2025-10-15,259621745183862,B6010119955,8347,,2025-10-14 14:27:01+00:00,,El Dorado US-77  Andover 21st,KTA-KTA061SB,nan,-,,KTA,1.93,
2025-10-14,281140288761370,B6010107742,8602,,2025-10-13 12:32:08+00:00,,39 - 83rd St Mainline,39,nan,-,,ILTOLL,8.15,
2025-10-12,281123851024025,B5010065476,S23032,,2025-10-11 07:50:46+00:00,,Exit 266 - Morgan Mill Road,M12,nan,-,,NCTA,0.64,
2025-10-13,102922462385984,B6010039119,8421,,2025-10-12 06:18:35+00:00,,Airport Plaza,H13-APORT,nan,-,,HCTRA,6.54,
2025-10-10,174622252813716,B6010125735,S24018,,2025-10-08 21:30:09+00:00,,0X - Golden Glades Plaza,006300,nan,-,,FDOT,1.16,
2025-10-11,102008236735632,B6010107803,8660,,2025-10-10 16:54:55+00:00,,Tonganoxie-Eudora: 222nd St  Lawrence : US-59,KTA-KTA207WB,nan,-,,KTA,1.1,
2025-10-09,251530135799137,B6010035637,8349,,2025-10-08 14:48:21+00:00,,Cameron Plaza,H13-CAMRO,nan,-,,HCTRA,6.54,
2025-11-12,145169429145671,V5307HY-TN,265,,2025-10-09 17:58:44+00:00,,Decker Prairie Mainlane - EZ TAG Only,MCT-DECKR-09,nan,-,,HCTRA,6.39,
2025-10-10,163887855206110,B5010036855,266,,2025-10-09 23:58:46+00:00,,Andover 21st  Wichita K-96,KTA-KTA056SB,nan,-,,KTA,0.55,
2025-10-12,124206851382987,B6010107803,8660,,2025-10-11 18:20:04+00:00,,130-dkcrp-06 307,H13-DECKC,nan,-,,HCTRA,6.54,
2025-10-14,268161816434071,B6010219218,8402,,2025-10-13 12:39:35+00:00,,Cassoday K-177  El Dorado US-77,KTA-KTA087SB,nan,-,,KTA,2.21,
2025-10-11,151377083082625,B5010028610,8446,,2025-10-09 23:37:45+00:00,,h13-mustc-06,H13-MUSTC,nan,-,,HCTRA,4.36,
2025-10-14,166966676340980,B6010039119,8421,,2025-10-12 06:07:45+00:00,,130-skynp-01 4103,13C-SKYNB,nan,-,,HCTRA,12.73,
2025-10-09,780841669871575,B6010039104,8332,,2025-10-08 14:15:36+00:00,,Andover 21st  Wichita K-96,KTA-KTA056SB,nan,-,,KTA,0.55,
2025-10-19,104993830997978,B6010057271,S23022,,2025-10-13 23:38:58+00:00,,Oklahoma City,TRN-OKCWGT-04,nan,-,,OTA,5.4,
2025-10-11,199812461644645,B6010087081,8519,,2025-10-10 16:03:45+00:00,,Royal Lane (ROYLN),PGBT-ROYLN-03,nan,-,,NTTA,0.8,
2025-10-10,215638161552836,B6010034685,8537,,2025-10-08 19:57:25+00:00,,130-dkcrp-06 307,H13-DECKC,nan,-,,HCTRA,6.54,
2025-10-13,172554446650075,B6010205371,8401,,2025-10-10 14:26:39+00:00,,Sam Houston South Plaza,SHT-SAMS-11,nan,-,,HCTRA,7.0,
2025-11-10,230688534658613,V5307HY-TN,265,,2025-10-10 18:21:17+00:00,,Decker Prairie Mainlane - EZ TAG Only,MCT-DECKR-08,nan,-,,HCTRA,6.14,
2025-10-10,147277037182621,B6010205462,8327,,2025-10-08 17:32:43+00:00,,Pax (Toll Plaza B),B,nan,-,,WVPEDTA,13.0,
2025-10-14,285662259711950,B5010022319,8627,,2025-10-13 09:20:14+00:00,,89 - Boughton Mainline,89,nan,-,,ILTOLL,8.15,
2025-10-11,385186003014051,B6010057268,S23012,,2025-10-10 07:47:20+00:00,,Exit 264 - U.S. 601,M10,nan,-,,NCTA,0.29,
2025-10-09,137258130787675,B6010057263,S23027,,2025-10-08 16:25:54+00:00,,Topeka K-4  I-470,KTA-KTA179NB,nan,-,,KTA,0.24,
2025-11-07,804739892595519,V7549HY-TN,223,,2025-10-10 04:57:26+00:00,,East Plaza,1853,nan,-,,SCNT,7.6,
2025-10-13,254551617951636,B6010119922,8348,,2025-10-12 11:12:37+00:00,,Wichita I-135/I-235  Haysville-Derby,KTA-KTA040SB,nan,-,,KTA,0.41,
2025-10-11,322871309580517,B6010219254,9118,,2025-10-10 11:20:00+00:00,,Lawrence US-59S  Lecompton K-10,KTA-KTA201WB,nan,-,,KTA,0.69,
2025-10-15,880196654357702,B6010105983,9042,,2025-10-13 11:52:23+00:00,,4 - Westgate,2,nan,-,,OTC,7.0,
2025-10-23,128692391327847,B6010174786,S20046,,2025-10-12 09:39:55+00:00,,6 - PA Turnpike/Florence,6,nan,-,,NJTP,46.74,
2025-11-08,123044954715836,R737978-TX,8341,,2025-10-13 08:01:59+00:00,,East Plaza,1853,nan,-,,SCNT,7.6,
2025-10-14,268498808147967,B6010086474,8648,,2025-10-13 03:31:09+00:00,,Cameron Plaza,H13-CAMRO,nan,-,,HCTRA,6.54,
2025-10-11,815037708455782,B6010205359,8529,,2025-10-10 07:03:53+00:00,,Sam Houston Central Plaza,SHT-SAMC-14,nan,-,,HCTRA,7.0,
2025-10-16,309475056479164,B5010022273,420663,,2025-10-14 08:22:39+00:00,,Flint Bridge/State Line,CHR-FLTBRG-01,nan,-,,OTA,2.7,
2025-11-08,219220809388377,V5307HY-TN,265,,2025-10-08 07:03:08+00:00,,sht-sh249-31,249-149N,nan,-,,HCTRA,3.68,
2025-10-09,123907350204155,B6010039104,8332,,2025-10-08 14:33:36+00:00,,Haysville-Derby 71st  Mulvane K-53,KTA-KTA036SB,nan,-,,KTA,0.83,
2025-10-14,155836206813290,B6010035599,8543,,2025-10-13 09:26:37+00:00,,Lower Tarrant - South (SLTRD),PGBW-SLTRD-02,nan,-,,NTTA,1.36,
2025-10-10,444782770171159,B6010057268,S23012,,2025-10-09 08:04:37+00:00,,Exit 266 - Morgan Mill Road,M12,nan,-,,NCTA,0.64,
2025-10-08,217124590167372,B6010065767,9026,,2025-10-07 19:43:25+00:00,,gpw-cmbml-21,GPW-CMBML,nan,-,,HCTRA,6.84,
2025-10-08,272271121397410,B5010036855,266,,2025-10-07 23:54:31+00:00,,Cassoday K-177  El Dorado US-77,KTA-KTA087SB,nan,-,,KTA,2.21,
2025-10-13,135073473649729,B5010055206,8501,,2025-10-10 10:32:36+00:00,,Sam Houston SE Plaza,SHT-SAMSE-07,nan,-,,HCTRA,7.0,
2025-10-11,609376960155914,B6010086525,8645,,2025-10-10 10:45:18+00:00,,South Main / US 90,SHT-US90-90,nan,-,,HCTRA,4.0,
2025-10-10,220210870545727,B5010058944,206,,2025-10-09 06:06:51+00:00,,Emporia I-35  Cassoday K-177,KTA-KTA123NB,nan,-,,KTA,4.83,
2025-10-09,337450731794515,B5010036855,266,,2025-10-08 01:56:06+00:00,,El Dorado US-77  Andover 21st,KTA-KTA061SB,nan,-,,KTA,1.93,
2025-10-09,471583592243467,B5010022319,8627,,2025-10-08 14:32:21+00:00,,73 - Army Trail Road Mainline,73,nan,-,,ILTOLL,8.15,
2025-10-09,340030267285928,B6010174709,251,,2025-10-07 22:20:22+00:00,,0.4 - Mainline Plaza (Z-Move),4CO,nan,-,,FDOT,1.71,
2025-10-13,278434520585804,B6010075205,8644,,2025-10-12 13:09:27+00:00,,Cameron Plaza,H13-CAMRO,nan,-,,HCTRA,6.54,
2025-10-10,978168900354812,B5010051658,8504,,2025-10-08 20:12:37+00:00,,Sam Houston Central Plaza,SHT-SAMC-10,nan,-,,HCTRA,7.0,
2025-10-10,855549443840397,B6010075444,8634,,2025-10-08 07:57:22+00:00,,Thompson Lane Plaza,183S-THOMPSON MLSB-03,nan,-,,CTRMA,5.2,
2025-10-11,937676610308837,B5010061410,8531,,2025-10-10 19:22:07+00:00,,Mulvane K-53  US-160,KTA-KTA021SB,nan,-,,KTA,1.93,
2025-10-13,762591226890162,B6010052900,8616,,2025-10-12 09:30:05+00:00,,Airport Plaza,H13-APORT,nan,-,,HCTRA,6.54,
2025-10-14,260754969994467,B5010058942,259,,2025-10-13 22:15:11+00:00,,Lecompton K-10  Topeka I-70  K-4,KTA-KTA191EB,nan,-,,KTA,2.07,
2025-10-15,470234399678202,1662893701108,207,,2025-10-13 20:55:39+00:00,,Sam Houston NE Mainlane,SHT-SAMNE-09,nan,-,,HCTRA,7.0,
2025-10-15,224202948876139,B5010022290,S22013,,2025-10-10 12:11:31+00:00,,Eastern Terminal,KTA-KTA217WB,nan,-,,KTA,1.2,
2025-10-10,255258396825510,B6010204230,8516,,2025-10-08 17:19:26+00:00,,13c-blusb-01,13C-BLUSB,nan,-,,HCTRA,27.81,
2025-10-15,189082986704351,B6010119955,8347,,2025-10-14 13:44:16+00:00,,Emporia I-35  Cassoday K-177,KTA-KTA123NB,nan,-,,KTA,4.83,
2025-10-15,195409998437256,B5010022289,S22012,,2025-10-10 10:07:46+00:00,,Topeka K-4  I-470,KTA-KTA179NB,nan,-,,KTA,0.24,
2025-10-09,288526381785039,B6010035670,8547,,2025-10-08 13:11:35+00:00,,Mulvane K-53  US-160,KTA-KTA021SB,nan,-,,KTA,1.93,
2025-10-17,311107083918336,B5010022290,S22013,,2025-10-13 21:32:28+00:00,,Lecompton K-10  Topeka I-70  K-4,KTA-KTA191EB,nan,-,,KTA,0.72,
2025-10-15,184920044130030,B5010065476,S23032,,2025-10-14 08:46:30+00:00,,Exit 259 - Unionville-Indian Trail Road,M06,nan,-,,NCTA,0.22,
2025-10-10,175036051084348,B5010036855,266,,2025-10-09 23:01:17+00:00,,Lawrence : US-59,KTA-KTA202EB,nan,-,,KTA,0.69,
2025-10-14,176555850586643,B5010022290,S22013,,2025-10-10 05:18:22+00:00,,Lawrence : US-59,KTA-KTA202EB,nan,-,,KTA,0.1,
2025-10-10,184157633318314,B6010066112,S24003,,2025-10-09 21:50:42+00:00,,East Topeka: I-70,KTA-KTA183WB,nan,-,,KTA,0.1,
2025-10-14,271703898728221,B6010105982,8120,,2025-10-12 08:14:06+00:00,,130-skynp-01 4103,13C-SKYNB,nan,-,,HCTRA,12.73,
2025-10-14,310352858479983,B6010107768,8509,,2025-10-13 10:28:26+00:00,,h13-mustc-06,H13-MUSTC,nan,-,,HCTRA,6.54,
2025-10-14,200772823765337,B6010107742,8602,,2025-10-13 12:54:54+00:00,,29 - Touhy Mainline,29,nan,-,,ILTOLL,10.15,
2025-10-11,553623769346397,B5010022427,1789,,2025-10-09 18:38:28+00:00,,gpw-spnml-51,GPW-SPNML,nan,-,,HCTRA,10.04,
2025-10-10,898154608323163,B6010057268,S23012,,2025-10-09 08:07:00+00:00,,Exit 264 - U.S. 601,M10,nan,-,,NCTA,0.29,
2025-10-09,268639892295479,B6010119895,8326,,2025-10-08 09:35:02+00:00,,Lower Tarrant Mainlane Gantry (MLG11),PGBW-MLG11-11,nan,-,,NTTA,5.16,
2025-10-14,176046388053295,B5010022290,S22013,,2025-10-09 21:33:49+00:00,,Eastern Terminal,KTA-KTA217WB,nan,-,,KTA,1.2,
2025-10-14,813623337465166,B6010204228,8507,,2025-10-13 00:15:45+00:00,,29 - Touhy Mainline,29,nan,-,,ILTOLL,4.45,
2025-10-11,303211128101245,B6010174786,S20046,,2025-10-08 12:42:12+00:00,,BHT : Baltimore Harbor Tunnel,BHT,nan,-,,MdTA,24.0,
2025-10-12,271193002768628,B5010063664,9113,,2025-10-10 13:00:43+00:00,,Sam Houston NE Mainlane,SHT-SAMNE-04,nan,-,,HCTRA,7.0,
2025-10-11,402034223077264,B6010086514,8505,,2025-10-10 11:27:34+00:00,,Hardy North Plaza,HDY-HDYN-09,nan,-,,HCTRA,7.0,
2025-10-16,320658627419151,B6010119901,8329,,2025-10-14 12:24:29+00:00,,A 113,A113,nan,-,,PTC,7.16,
2025-10-11,955300327069419,B5010065474,S23015,,2025-10-09 21:15:46+00:00,,Exit 266 - Morgan Mill Road,M11,nan,-,,NCTA,0.64,
2025-10-11,131888883142534,B6010205368,8513,,2025-10-09 14:32:19+00:00,,Cameron Plaza,H13-CAMRO,nan,-,,HCTRA,6.54,
2025-10-09,252371326597496,B5010017609,8441,,2025-10-08 13:43:31+00:00,,gpw-cmbml-21,GPW-CMBML,nan,-,,HCTRA,6.84,
2025-11-06,213580662792197,B6010174786,S20046,,2025-10-13 15:22:00+00:00,,Exit 43,H43,nan,-,,PTC,-29.19,
2025-10-14,164381766687205,B6010039142,7961,,2025-10-13 19:21:54+00:00,,El Dorado US-77  US-254,KTA-KTA073SB,nan,-,,KTA,0.69,
2025-10-31,248110815185989,U345678-TN,12226,,2025-10-14 08:50:10+00:00,,T 310,T310,nan,-,,PTC,8.28,
2025-10-11,237882177925304,B6010075119,8621,,2025-10-10 19:57:04+00:00,,Belt Line Main Lane Gantry (MLP10),PGBT-MLP10-08,nan,-,,NTTA,2.96,
2025-10-18,211651687202746,B5010050873,1027,,2025-10-10 02:37:39+00:00,,h13-mustc-06,H13-MUSTC,nan,-,,HCTRA,6.54,
2025-10-14,123773473751596,B5010017613,8526,,2025-10-13 12:14:53+00:00,,130-dkcrp-06 307,H13-DECKC,nan,-,,HCTRA,6.54,
2025-10-12,249190277463512,C718HR-TN,S24024,,2025-10-10 21:15:22+00:00,,Exit 255 - U.S. 74 (West),M01,nan,-,,NCTA,0.3,
2025-10-11,223687695831791,B5010022427,1789,,2025-10-09 17:46:14+00:00,,gpw-vrml-51,GPW-VRML,nan,-,,HCTRA,8.8,
2025-11-14,329759555542995,V5307HY-TN,265,,2025-10-14 06:35:32+00:00,,sht-sh249-31,249-149N,nan,-,,HCTRA,3.68,
2025-10-15,945350831135668,B6010119951,8311,,2025-10-14 14:32:59+00:00,,Cassoday K-177  El Dorado US-77,KTA-KTA087SB,nan,-,,KTA,2.21,
2025-10-23,184537079930145,B6010174786,S20046,,2025-10-14 13:14:27+00:00,,15E - Newark/Jersey City,15E,nan,-,,NJTP,44.4,
2025-10-15,329458973803022,B6010065787,8330,,2025-10-13 19:38:20+00:00,,Exit 257 - Indian Trail-Fairview Road,M04,nan,-,,NCTA,1.44,
2025-10-17,146485128891629,U782196-TN,18012,,2025-10-12 15:10:54+00:00,,13c-blusb-01,13C-BLUNB,nan,-,,HCTRA,30.78,
2025-10-13,866162394260563,B6010065769,8407,,2025-10-12 18:22:33+00:00,,Cameron Plaza,H13-CAMRO,nan,-,,HCTRA,6.54,
2025-10-11,249497680952099,B6010167837,8445,,2025-10-09 17:16:20+00:00,,Cameron Plaza,H13-CAMRO,nan,-,,HCTRA,6.54,
2025-10-15,330108727557719,B6010086558,8640,,2025-10-11 13:40:56+00:00,,Mainlane Plaza West of Wolf Trot,GPW-WLFML,nan,-,,HCTRA,14.08,
2025-10-13,172338404916311,B6010108042,8618,,2025-10-12 16:47:49+00:00,,9 - Elgin Mainline,9,nan,-,,ILTOLL,8.15,
2025-10-16,902868036237140,B6010035639,8540,,2025-10-09 15:16:38+00:00,,Cameron Plaza,H13-CAMRO,nan,-,,HCTRA,6.54,
2025-10-12,234661337865899,B6010075433,8628,,2025-10-10 18:01:45+00:00,,wr-miami,WR-MIAMI-11,nan,-,,OTA,7.66,
2025-10-13,276575942538247,B6010119922,8348,,2025-10-12 11:39:35+00:00,,El Dorado US-77  Andover 21st,KTA-KTA061SB,nan,-,,KTA,1.93,
2025-10-11,102229252900781,B5010055205,8512,,2025-10-09 19:29:44+00:00,,gpw-vrml-51,GPW-VRML,nan,-,,HCTRA,8.8,
2025-10-15,155669412870559,C903HR-TN,S24018,,2025-10-10 09:42:46+00:00,,SR874 South (at Tpke),S80,nan,-,,FDOT,0.23,
2025-10-09,110063817235144,B6010035670,8547,,2025-10-08 09:18:18+00:00,,Lecompton K-10  Topeka I-70  K-4,KTA-KTA191EB,nan,-,,KTA,2.07,
2025-10-10,197031186931106,1662893701108,207,,2025-10-07 19:18:43+00:00,,Sam Houston NE Mainlane,SHT-SAMNE-09,nan,-,,HCTRA,7.0,
2025-10-11,156763319435691,B5010058921,420661,,2025-10-09 02:12:44+00:00,,msk-sh51,MSK-SH51-00,nan,-,,OTA,0.64,
2025-10-14,845763287299115,B6010204228,8507,,2025-10-13 00:04:05+00:00,,35 - Cermak Mainline (22nd St),35,nan,-,,ILTOLL,3.55,
2025-10-12,668215246777503,B6010125735,S24018,,2025-10-10 23:05:20+00:00,,141 - Port St. Lucie,142,nan,-,,FDOT,0.35,
2025-10-17,156070303202887,B6010075205,8644,,2025-10-12 13:37:37+00:00,,130-skysp-02 4104,13C-SKYSB,nan,-,,HCTRA,12.73,
2025-10-09,293717692586809,B6010057263,S23027,,2025-10-08 14:48:09+00:00,,El Dorado US-77  Andover 21st,KTA-KTA061SB,nan,-,,KTA,0.67,
2025-10-11,136435926860892,B5010022294,224320,,2025-10-09 21:25:46+00:00,,jkt-us77,JKT-US77-11,nan,-,,OTA,0.66,
2025-10-13,174228771679912,B6010035599,8543,,2025-10-10 09:54:24+00:00,,DFW-I35E-GRBLV Garden Ridge Blvd,I35E-GRBLV-86,nan,-,,NTTA,3.64,
2025-10-10,195277647982952,B6010066112,S24003,,2025-10-09 21:29:07+00:00,,Tonganoxie-Eudora: 222nd St  Lawrence : US-59,KTA-KTA207WB,nan,-,,KTA,0.38,
2025-10-12,307518079233804,B6010219260,8322,,2025-10-10 18:05:11+00:00,,h13-mustc-06,H13-MUSTC,nan,-,,HCTRA,6.54,
2025-10-13,187065796478560,B6010035637,8349,,2025-10-12 07:42:37+00:00,,gpw-cfml-21,GPW-CFML,nan,-,,HCTRA,6.08,
2025-10-10,226741998779395,B6010205361,8518,,2025-10-08 05:48:47+00:00,,130-skysp-02 4104,13C-SKYSB,nan,-,,HCTRA,12.73,
2025-10-11,217600579033333,B6010086458,8643,,2025-10-09 16:39:58+00:00,,150 - Midway Road,150,nan,-,,FDOT,2.15,
2025-10-11,273541190837384,B6010087081,8519,,2025-10-09 17:25:22+00:00,,North Garland Avenue (GARRD),PGBT-GARRD-03,nan,-,,NTTA,1.56,
2025-10-10,330052714249525,B5010065476,S23032,,2025-10-09 06:51:49+00:00,,Exit 264 - U.S. 601,M10,nan,-,,NCTA,0.29,
2025-10-11,824362268283196,B5010022289,S22012,,2025-10-10 10:00:49+00:00,,Lecompton K-10  Topeka I-70  K-4,KTA-KTA191EB,nan,-,,KTA,0.72,
2025-10-12,319582645171785,B6010066068,S24024,,2025-10-10 21:21:33+00:00,,Exit 260 - N. Rocky River Road,M07,nan,-,,NCTA,0.63,
2025-10-10,309265218543015,B6010204247,8436,,2025-10-09 09:30:21+00:00,,Lower Tarrant Mainlane Gantry (MLG11),PGBW-MLG11-12,nan,-,,NTTA,2.58,
2025-10-16,118531145200231,B6010039121,8435,,2025-10-08 12:36:46+00:00,,h13-mustc-06,H13-MUSTC,nan,-,,HCTRA,6.54,
2025-10-13,239445943231167,B5010058928,S23000,,2025-10-11 05:47:15+00:00,,Decker Prairie Mainlane - EZ TAG Only,MCT-DECKR-09,nan,-,,HCTRA,1.54,
2025-10-13,124745697897447,B6010205367,8427,,2025-10-10 12:06:30+00:00,,h13-moorn,H13-MOORX,nan,-,,HCTRA,1.77,
2025-10-14,240466107738669,B6010075495,8630,,2025-10-13 11:36:11+00:00,,99 - Spring Creek Mainline,99,nan,-,,ILTOLL,16.3,
2025-10-11,755127452205294,B5010060221,8152,,2025-10-10 16:28:59+00:00,,Merritt Main Lane Gantry (MLG5),PGBT-MLG5-03,nan,-,,NTTA,8.92,
2025-10-10,553528782316375,B6010075137,8635,,2025-10-08 13:22:53+00:00,,Sam Houston Ship Channel Bridge,SHT-SHIP-50,nan,-,,HCTRA,8.0,
2025-10-10,132406223478660,B6010087081,8519,,2025-10-09 10:01:26+00:00,,Shady Grove Road (SHGRD),PGBW-SHGRD-03,nan,-,,NTTA,2.28,
2025-10-09,143055314053492,B5010065474,S23015,,2025-10-07 21:45:40+00:00,,Exit 259 - Unionville-Indian Trail Road,M05,nan,-,,NCTA,0.22,
2025-10-09,179017092244470,B6010034685,8537,,2025-10-08 08:19:27+00:00,,DFWC TSA Mainline One Plaza-MN1WB,DFWC-MN1WB-01,nan,-,,NTTA,3.48,
2025-10-13,255854819021940,B5010060214,9112,,2025-10-12 15:40:29+00:00,,130-dkcrp-06 307,H13-DECKC,nan,-,,HCTRA,6.54,
2025-10-12,652191372540924,B6010174786,S20046,,2025-10-08 04:05:40+00:00,,"John F. Kennedy Memorial Hwy (Delaware Tpke, Newark Plaza)",D95,nan,-,,DelDOT,10.0,
2025-10-14,163458733234409,B6010039142,7961,,2025-10-13 19:41:36+00:00,,Wichita K-96  US-54 Kellogg,KTA-KTA050NB,nan,-,,KTA,0.41,
2025-10-15,196030932058671,B6010174709,251,,2025-10-13 23:02:14+00:00,,East Main Plaza (78th Street),T65,nan,-,,FDOT,6.39,
2025-10-12,332276662696320,B6010107803,8660,,2025-10-11 18:10:18+00:00,,Cameron Plaza,H13-CAMRO,nan,-,,HCTRA,6.54,
2025-10-19,300586854253815,B6010035639,8540,,2025-10-13 10:09:24+00:00,,130-skysp-02 4104,13C-SKYSB,nan,-,,HCTRA,12.73,
2025-10-11,195694046362343,B5010058942,259,,2025-10-10 04:54:23+00:00,,Lecompton K-10  Topeka I-70  K-4,KTA-KTA191EB,nan,-,,KTA,2.07,
2025-10-09,132429420759987,B6010057268,S23012,,2025-10-07 21:18:36+00:00,,Exit 257 - Indian Trail-Fairview Road,M03,nan,-,,NCTA,0.36,
2025-10-16,537526045474605,V5307HY-TN,265,,2025-10-09 18:05:42+00:00,,Tomball Tollway Mainlane,TMB-NPTML-10,nan,-,,HCTRA,8.4,
2025-10-12,324080518693911,1662894601106,216,,2025-10-09 06:08:06+00:00,,Sam Houston NE Mainlane,SHT-SAMNE-09,nan,-,,HCTRA,7.0,
2025-10-11,339523125434519,B6010057271,S23022,,2025-10-09 07:55:35+00:00,,I-35,JKT-I35-04,nan,-,,OTA,0.66,
2025-10-11,239891492749576,B6010204235,8510,,2025-10-10 13:30:55+00:00,,Eldridge,KTY-ELDRW-01,nan,-,,HCTRA,7.0,
2025-10-11,333720769988452,B5010022289,S22012,,2025-10-10 15:11:20+00:00,,Topeka K-4  I-470,KTA-KTA179NB,nan,-,,KTA,0.24,
2025-10-15,632736853414355,B5010051658,8504,,2025-10-13 11:22:35+00:00,,Frankford Main Lane Gantry (MLP8),PGBT-MLP8-13,nan,-,,NTTA,6.2,
2025-10-12,305339211018273,B5010065474,S23015,,2025-10-10 21:15:20+00:00,,Exit 260 - N. Rocky River Road,M07,nan,-,,NCTA,0.63,
2025-10-12,914743547851159,B6010086561,8654,,2025-10-10 14:43:38+00:00,,Sam Houston SW Plaza,SHT-SAMSW-04,nan,-,,HCTRA,7.0,
2025-10-15,226613463701553,B5010060221,8152,,2025-10-14 13:43:03+00:00,,130-dkcrp-06 307,H13-DECKC,nan,-,,HCTRA,6.54,
2025-10-18,286173805498365,B5010022290,S22013,,2025-10-14 05:02:32+00:00,,Eastern Terminal,KTA-KTA217WB,nan,-,,KTA,1.2,
2025-10-10,184483604881621,B5010022294,224320,,2025-10-08 00:24:48+00:00,,I-35,CIM-177ML-13,nan,-,,OTA,1.16,
2025-10-10,704133564141328,B6010039141,8312,,2025-10-08 04:47:22+00:00,,Sam Houston SW Plaza,SHT-SAMSW-05,nan,-,,HCTRA,7.0,
2025-10-09,240576778714399,B5010017818,9115,,2025-10-08 10:35:05+00:00,,89 - Boughton Mainline,89,nan,-,,ILTOLL,8.15,
2025-10-10,234395683688560,B5010058942,259,,2025-10-09 05:12:12+00:00,,East Topeka: I-70,KTA-KTA183WB,nan,-,,KTA,0.28,
2025-10-16,122366798135850,B6010057271,S23022,,2025-10-14 04:30:23+00:00,,Flint Bridge/State Line,CHR-FLTBRG-01,nan,-,,OTA,3.08,
2025-10-11,332958534500924,B6010086458,8643,,2025-10-09 18:52:47+00:00,,88 - Lantana,004200,nan,-,,FDOT,1.5,
2025-10-10,834710001811253,B5010017613,8526,,2025-10-09 12:29:22+00:00,,Cameron Plaza,H13-CAMRO,nan,-,,HCTRA,6.54,
2025-10-11,121310393065767,B6010107755,8439,,2025-10-08 14:52:32+00:00,,gpw-cfml-21,GPW-CFML,nan,-,,HCTRA,6.08,
2025-10-15,161499508909999,B5010063666,8204,,2025-10-14 06:52:38+00:00,,Pax (Toll Plaza B),B,nan,-,,WVPEDTA,13.0,
2025-10-12,274405786204003,B6010052898,8615,,2025-10-10 16:06:35+00:00,,13c-blusb-01,13C-BLUSB,nan,-,,HCTRA,27.81,
2025-10-14,313794979071155,B6010057263,S23027,,2025-10-13 13:25:06+00:00,,Council Grove US-56  Emporia,KTA-KTA146NB,nan,-,,KTA,0.96,
2025-10-11,197979043467321,B5010017818,9115,,2025-10-10 19:08:53+00:00,,Lewis and Clark Bridge,ECN,nan,-,,RIVERLIN,13.33,
2025-10-15,354463694398301,B6010057263,S23027,,2025-10-14 14:55:47+00:00,,Wichita I-135/I-235  Haysville-Derby,KTA-KTA040SB,nan,-,,KTA,0.14,
2025-10-10,242744427492815,B5010022290,S22013,,2025-10-08 21:49:51+00:00,,jkt-us77,JKT-US77-11,nan,-,,OTA,0.66,
2025-10-11,276040436150310,B6010075136,8438,,2025-10-09 16:49:20+00:00,,Pax (Toll Plaza B),B,nan,-,,WVPEDTA,13.0,
2025-10-15,200470287078897,B6010075118,8620,,2025-10-14 06:21:16+00:00,,41 - 163rd St Mainline,41,nan,-,,ILTOLL,8.15,
2025-10-14,214230347627879,B6010035599,8543,,2025-10-13 14:54:51+00:00,,Marshall Drive (MARDR),PGBW-MARDR-03,nan,-,,NTTA,2.6,
2025-10-13,244017220532125,B5010028610,8446,,2025-10-12 20:17:13+00:00,,130-dkcrp-06 307,H13-DECKC,nan,-,,HCTRA,6.54,
2025-10-15,150929020318096,B5010022290,S22013,,2025-10-10 15:38:41+00:00,,Southern Terminal: Border  US-160,KTA-KTA017SB,nan,-,,KTA,0.91,
2025-10-10,119846390545043,B6010075131,8629,,2025-10-09 09:17:50+00:00,,Lewis and Clark Bridge,ECN,nan,-,,RIVERLIN,13.33,
2025-10-14,111233055240069,B6010057263,S23027,,2025-10-13 12:22:57+00:00,,Lawrence : US-59,KTA-KTA202EB,nan,-,,KTA,0.1,
2025-10-10,220365321261628,B5010017613,8526,,2025-10-09 12:18:59+00:00,,h13-mustc-06,H13-MUSTC,nan,-,,HCTRA,6.54,
2025-10-11,247956683443872,B5010022318,255,,2025-10-09 07:47:41+00:00,,Turner Turnpike - KKP ML,TRN-KKPML-03,nan,-,,OTA,5.36,
2025-10-13,313707834580114,1675388701103,S20034,,2025-10-09 19:14:39+00:00,,47 - Miramar Plaza,SR91 MIRAMAR MAINLINE A MP47,nan,-,,FDOT,1.16,
2025-10-15,315247865610597,C854HR-TN,S24015,,2025-10-10 04:11:28+00:00,,SR874 North (at SR826),S40,nan,-,,FDOT,0.47,
2025-10-09,323106258974384,B6010066112,S24003,,2025-10-08 21:13:00+00:00,,Tonganoxie-Eudora: 222nd St  Lawrence : US-59,KTA-KTA207WB,nan,-,,KTA,0.38,
2025-10-12,333146831415245,B6010107803,8660,,2025-10-11 18:26:47+00:00,,Airport Plaza,H13-APORT,nan,-,,HCTRA,6.54,
2025-10-13,350504643138047,B6010107742,8602,,2025-10-12 19:15:54+00:00,,Abraham Lincoln Bridge,DTN,nan,-,,RIVERLIN,13.33,
2025-10-11,109608101515743,B5010022290,S22013,,2025-10-08 12:49:32+00:00,,151sb,KTA-KTA151SB-03,nan,-,,KTA,1.44,
2025-10-11,205420664593882,T8268HY-TN,8524,,2025-10-09 12:04:19+00:00,,Exit 260 - N. Rocky River Road,M08,nan,-,,NCTA,2.52,
2025-10-10,146555800710851,B6010174711,79,,2025-10-08 23:15:07+00:00,,East Main Plaza (78th Street),T64,nan,-,,FDOT,8.52,
2025-10-10,235731028274746,B6010057263,S23027,,2025-10-09 04:50:44+00:00,,Tonganoxie-Eudora: 222nd St  Lawrence : US-59,KTA-KTA207WB,nan,-,,KTA,0.38,
2025-10-12,161021015476850,B5010060214,9112,,2025-10-10 04:37:07+00:00,,13c-blusb-01,13C-BLUSB,nan,-,,HCTRA,27.81,
2025-10-10,948958114992167,B6010066112,S24003,,2025-10-09 21:19:33+00:00,,Eastern Terminal,KTA-KTA217WB,nan,-,,KTA,1.2,
2025-10-12,162489495132219,B6010108554,S24035,,2025-10-10 01:05:36+00:00,,Sully Rd,063,nan,-,,VDOT,2.0,
2025-10-12,178399369488290,B6010105909,8413,,2025-10-10 10:48:36+00:00,,A 70,A70,nan,-,,PTC,9.4,
2025-10-11,151027088136137,B6010174721,77,,2025-10-09 21:33:05+00:00,,0X - Golden Glades Plaza,006300,nan,-,,FDOT,4.64,
2025-10-15,216454745907697,B5010022289,S22012,,2025-10-10 15:43:09+00:00,,Eastern Terminal,KTA-KTA217WB,nan,-,,KTA,1.2,
2025-10-11,874844015392859,B6010107803,8660,,2025-10-10 18:31:35+00:00,,Emporia I-35  Cassoday K-177,KTA-KTA123NB,nan,-,,KTA,4.83,
2025-10-12,782999873446384,B6010065788,8115,,2025-10-11 16:10:56+00:00,,Southern Terminal: Border  US-160,KTA-KTA017SB,nan,-,,KTA,2.62,
2025-10-15,218286463771254,B5010022290,S22013,,2025-10-10 12:20:17+00:00,,Tonganoxie-Eudora: 222nd St  Lawrence : US-59,KTA-KTA207WB,nan,-,,KTA,0.38,
2025-10-09,190618884810516,B6010052896,8605,,2025-10-08 11:03:16+00:00,,West Plaza,1851,nan,-,,SCNT,7.6,
2025-10-15,631881987008892,B6010065787,8330,,2025-10-13 19:40:56+00:00,,Exit 255 - U.S. 74 (West),M02,nan,-,,NCTA,1.2,
2025-10-14,115390498541396,B5010022290,S22013,,2025-10-09 22:35:31+00:00,,Topeka K-4  I-470,KTA-KTA179NB,nan,-,,KTA,0.24,
2025-10-13,249646853757696,B6010119922,8348,,2025-10-12 10:52:14+00:00,,Southern Terminal: Border  US-160,KTA-KTA017SB,nan,-,,KTA,2.62,
2025-10-09,510356805136741,B5010022319,8627,,2025-10-08 12:33:48+00:00,,73 - Army Trail Road Mainline,73,nan,-,,ILTOLL,8.15,
2025-10-15,103319236807244,B6010057268,S23012,,2025-10-14 08:04:13+00:00,,Exit 266 - Morgan Mill Road,M12,nan,-,,NCTA,0.64,
2025-10-14,331328070635029,B6010086525,8645,,2025-10-10 11:01:26+00:00,,Sam Houston Central Plaza,SHT-SAMC-11,nan,-,,HCTRA,7.0,
2025-10-11,445589476766090,B6010174780,S17033,,2025-10-10 06:25:50+00:00,,Sam Houston Central Plaza,SHT-SAMC-12,nan,-,,HCTRA,1.35,
2025-10-11,337527216124987,B5010055205,8512,,2025-10-09 19:57:26+00:00,,gpw-cmbml-21,GPW-CMBML,nan,-,,HCTRA,6.84,
2025-10-12,176317140366526,B6010035659,8546,,2025-10-10 15:59:56+00:00,,gpw-mokml-50,GPW-MOKML,nan,-,,HCTRA,5.6,
2025-10-14,352183338093246,B6010086458,8643,,2025-10-13 09:02:54+00:00,,Chelyan (Toll Plaza C),C,nan,-,,WVPEDTA,13.0,
2025-10-11,187330465760062,B5010061401,8517,,2025-10-09 07:20:35+00:00,,13c-blusb-01,13C-BLUSB,nan,-,,HCTRA,27.81,
2025-10-09,281287727573227,B6010035670,8547,,2025-10-08 10:46:14+00:00,,Cassoday K-177  El Dorado US-77,KTA-KTA087SB,nan,-,,KTA,2.21,
2025-10-08,342381364940519,B5010022427,1789,,2025-10-07 22:23:03+00:00,,gpw-spnml-51,GPW-SPNML,nan,-,,HCTRA,10.04,
2025-10-11,871795166266327,B6010057263,S23027,,2025-10-10 15:18:02+00:00,,Cassoday K-177  El Dorado US-77,KTA-KTA087SB,nan,-,,KTA,0.77,
2025-10-10,306001413304786,B6010039104,8332,,2025-10-09 09:57:42+00:00,,Airport Plaza,H13-APORT,nan,-,,HCTRA,6.54,
2025-10-11,415414321838132,B6010075120,8622,,2025-10-09 13:04:09+00:00,,Streetsboro,187,nan,-,,OTC,1.5,
2025-10-23,271204004026523,B6010174786,S20046,,2025-10-12 13:22:49+00:00,,15E - Newark/Jersey City,15E,nan,-,,NJTP,46.74,
2025-10-11,974152945079085,B6010057263,S23027,,2025-10-10 16:55:03+00:00,,Lecompton K-10  Topeka I-70  K-4,KTA-KTA191EB,nan,-,,KTA,0.72,
2025-10-14,506190515248668,B5010022290,S22013,,2025-10-09 13:44:46+00:00,,Wichita US-54  K-15,KTA-KTA047NB,nan,-,,KTA,0.24,
2025-10-14,130914298924458,B5010058928,S23000,,2025-10-13 22:18:16+00:00,,Sam Houston North Plaza,SHT-SAMN-09,nan,-,,HCTRA,1.35,
2025-10-13,807143459012828,B6010108042,8618,,2025-10-12 16:15:10+00:00,,35 - Cermak Mainline (22nd St),35,nan,-,,ILTOLL,8.15,
2025-10-10,174109893060650,B5010058942,259,,2025-10-09 22:19:16+00:00,,East Topeka: I-70,KTA-KTA183WB,nan,-,,KTA,0.28,
2025-10-09,231120983446868,B5010022290,S22013,,2025-10-08 14:48:27+00:00,,El Dorado US-77  Andover 21st,KTA-KTA061SB,nan,-,,KTA,0.67,
2025-10-12,814167801392956,B5010022314,224319,,2025-10-10 21:50:05+00:00,,jkt-wstrn,JKT-WSTRN-05,nan,-,,OTA,2.04,
2025-10-15,270257600259378,B6010204230,8516,,2025-10-14 12:48:50+00:00,,Mainline Plaza: East of I-45,GPW-HRDML,nan,-,,HCTRA,2.2,
2025-10-19,497541571628743,B6010075136,8438,,2025-10-14 14:23:34+00:00,,Vinita-US 60,WR-ML-08,nan,-,,OTA,22.12,
2025-10-16,912033220454782,B6010119901,8329,,2025-10-14 09:23:30+00:00,,A 113,A113,nan,-,,PTC,7.16,
2025-10-09,115313136197770,B6010108558,S24036,,2025-10-07 23:04:22+00:00,,FMT : Fort McHenry Tunnel,FMT,nan,-,,MdTA,4.0,
2025-10-11,326808605934285,U511883-TN,15059,,2025-10-08 03:38:23+00:00,,Coit Main Lane Gantry (MLP7),PGBT-MLP7-13,nan,-,,NTTA,9.9,
2025-10-18,696349844742576,B5010061409,8530,,2025-10-09 07:17:14+00:00,,Sam Houston North Plaza,SHT-SAMN-10,nan,-,,HCTRA,7.0,
2025-10-13,681408690596951,B6010052900,8616,,2025-10-12 09:36:41+00:00,,130-dkcrp-06 307,H13-DECKC,nan,-,,HCTRA,6.54,
2025-10-14,313786991642739,B6010107768,8509,,2025-10-13 05:04:28+00:00,,s45-semlp-04,S45-SEMLP-04/05,nan,-,,HCTRA,3.9,
2025-10-09,188448106534394,B6010035670,8547,,2025-10-08 11:17:56+00:00,,Wichita K-96  US-54 Kellogg,KTA-KTA050NB,nan,-,,KTA,0.41,
2025-10-13,291460515427360,B6010039150,8109,,2025-10-08 00:23:19+00:00,,Sam Houston SE Plaza,SHT-SAMSE-04,nan,-,,HCTRA,3.5,
2025-10-12,300363356200942,B6010039151,8429,,2025-10-09 20:53:05+00:00,,gpw-spnml-51,GPW-SPNML,nan,-,,HCTRA,10.04,
2025-10-09,197300984702095,B5010065476,S23032,,2025-10-08 08:02:39+00:00,,Exit 255 - U.S. 74 (West),M02,nan,-,,NCTA,0.3,
2025-10-14,103527490078232,B6010065788,8115,,2025-10-12 13:49:09+00:00,,I35W-ALLIANCE Gateway Entrance,I35W-ALLIANCE-19,nan,-,,NTTA,20.0,
2025-10-15,638424265498723,B6010119951,8311,,2025-10-14 14:43:56+00:00,,El Dorado US-77  US-254,KTA-KTA073SB,nan,-,,KTA,0.69,
2025-10-09,329018776557200,B6010035670,8547,,2025-10-08 09:50:20+00:00,,151sb,KTA-KTA151SB-03,nan,-,,KTA,4.14,
2025-10-14,143525319882778,B5010022290,S22013,,2025-10-09 16:35:29+00:00,,151sb,KTA-KTA151SB-03,nan,-,,KTA,1.44,
2025-10-12,299446500308869,U511827-TN,15003,,2025-10-09 03:56:27+00:00,,Frankford Main Lane Gantry (MLP8),PGBT-MLP8-08,nan,-,,NTTA,9.3,
2025-10-12,665291605005959,B6010205371,8401,,2025-10-11 18:41:52+00:00,,gpw-rfzml-16,GPW-RFZML,nan,-,,HCTRA,3.28,
2025-10-11,337665735182486,B5010017609,8441,,2025-10-10 13:36:54+00:00,,Mainline Plaza: East of I-45,GPW-HRDML,nan,-,,HCTRA,2.2,
2025-10-17,983685543191075,B6010035639,8540,,2025-10-11 03:44:21+00:00,,Vinita-US 60,WR-ML-08,nan,-,,OTA,22.12,
2025-10-10,155378292084389,B6010125738,S24038,,2025-10-08 02:20:17+00:00,,Mainline Plaza,101,nan,-,,VDOT,7.25,
2025-10-23,125924063473512,B6010219254,9118,,2025-10-13 12:51:08+00:00,,I78 : I-78 Br,O78,nan,-,,DRJTBC,22.5,
2025-10-09,178167672436218,B6010057263,S23027,,2025-10-08 16:36:22+00:00,,Lecompton K-10  Topeka I-70  K-4,KTA-KTA191EB,nan,-,,KTA,0.72,
2025-10-09,269939886077338,B6010105963,8316,,2025-10-08 09:27:18+00:00,,Denton Tap Main Lane Gantry (MLG1),SRT-MLG1-12,nan,-,,NTTA,2.96,
2025-10-13,100755037782381,B6010119884,8406,,2025-10-10 23:12:46+00:00,,13c-blusb-01,13C-BLUSB,nan,-,,HCTRA,27.81,
2025-10-11,127561928987572,B6010066112,S24003,,2025-10-10 22:15:35+00:00,,Lawrence : US-59,KTA-KTA202EB,nan,-,,KTA,0.1,
2025-10-11,108933292005519,B6010075444,8634,,2025-10-09 12:31:17+00:00,,Sam Houston North Plaza,SHT-SAMN-06,nan,-,,HCTRA,7.0,
2025-10-11,131273675248947,B6010075444,8634,,2025-10-10 10:59:34+00:00,,Belt Line Road (BELRD),DNT-BELRD-02,nan,-,,NTTA,1.8,
2025-10-10,143430961977141,B6010174719,214,,2025-10-08 06:00:58+00:00,,hdy-aldn-38,HDY-ALDN-39,nan,-,,HCTRA,5.0,
2025-10-11,238503240860072,B5010065474,S23015,,2025-10-09 21:10:43+00:00,,Exit 260 - N. Rocky River Road,M07,nan,-,,NCTA,0.63,
2025-10-14,906836866215123,B6010205359,8529,,2025-10-12 15:51:22+00:00,,13c-blusb-01,13C-BLUNB,nan,-,,HCTRA,27.81,
2025-10-15,194967968063971,B5010058928,S23000,,2025-10-14 06:28:09+00:00,,Tomball Tollway Mainlane,TMB-NPTML-10,nan,-,,HCTRA,1.35,
2025-10-11,338183362031471,B5010022318,255,,2025-10-09 07:51:59+00:00,,I-35,JKT-I35-04,nan,-,,OTA,2.27,
2025-10-15,147088798382760,B6010065780,9076,,2025-10-13 18:04:33+00:00,,Walters,HEB-WALTRSS-10,nan,-,,OTA,2.32,
2025-10-15,143546815902285,B6010108558,S24036,,2025-10-13 23:53:08+00:00,,FMT : Fort McHenry Tunnel,FMT,nan,-,,MdTA,4.0,
2025-10-12,118168748488659,B5010065474,S23015,,2025-10-10 21:18:05+00:00,,Exit 264 - U.S. 601,M09,nan,-,,NCTA,0.29,
2025-10-14,132609768536092,B5010022290,S22013,,2025-10-13 15:58:06+00:00,,Council Grove US-56  Emporia,KTA-KTA146NB,nan,-,,KTA,0.96,
2025-10-10,806403944707280,B6010205371,8401,,2025-10-08 15:53:48+00:00,,Sam Houston East Plaza,SHT-SAME-05,nan,-,,HCTRA,7.0,
2025-11-10,143069133446257,V5307HY-TN,265,,2025-10-10 06:21:58+00:00,,Decker Prairie Mainlane - EZ TAG Only,MCT-DECKR-09,nan,-,,HCTRA,6.14,
2025-10-10,217090269245331,B5010022318,255,,2025-10-08 07:45:57+00:00,,kkp-ne23st,KKP-NE23ST-01,nan,-,,OTA,4.76,
2025-10-20,609766180299843,B6010174786,S20046,,2025-10-08 11:31:05+00:00,,Delaware Memorial Bridge,DMB,nan,-,,DRBA,35.0,
2025-10-10,184207406065070,B5010065476,S23032,,2025-10-09 06:49:35+00:00,,Exit 266 - Morgan Mill Road,M12,nan,-,,NCTA,0.64,
2025-10-10,677604282054142,B6010034687,8403,,2025-10-09 07:27:22+00:00,,Sam Houston North Plaza,SHT-SAMN-05,nan,-,,HCTRA,7.0,
2025-10-15,274664972995036,B6010039150,8109,,2025-10-08 16:13:09+00:00,,Mainlane Plaza South of FM 565,GPW-CLPML,nan,-,,HCTRA,8.8,
2025-10-09,278010175228624,B6010086525,8645,,2025-10-08 13:44:28+00:00,,gdpw-565nb-01 816,GPW-565X,nan,-,,HCTRA,2.8,
2025-10-10,168775766172844,B6010167872,8310,,2025-10-09 13:53:57+00:00,,Wycliff Main Lane Gantry (MLP1),DNT-MLP1-10,nan,-,,NTTA,7.76,
2025-10-10,417206763396173,B6010106005,8418,,2025-10-09 12:44:53+00:00,,Josey Lane - South (SJOLN),SRT-SJOLN-02,nan,-,,NTTA,4.08,
2025-10-10,973431236356757,B6010107803,8660,,2025-10-09 12:29:56+00:00,,Andover 21st  Wichita K-96,KTA-KTA056SB,nan,-,,KTA,0.55,
2025-10-14,156030723735027,B6010057263,S23027,,2025-10-13 12:43:06+00:00,,Topeka K-4  I-470,KTA-KTA179NB,nan,-,,KTA,0.24,
2025-10-09,720922313974848,B6010174795,S20000,,2025-10-08 11:16:43+00:00,,25 - East Toll Plaza,AAE,nan,-,,FDOT,3.18,
2025-10-14,106775588817459,B5010022290,S22013,,2025-10-09 17:18:23+00:00,,Lawrence US-59S  Lecompton K-10,KTA-KTA201WB,nan,-,,KTA,0.24,
2025-10-11,127529272103278,B5010061410,8531,,2025-10-10 17:29:00+00:00,,151sb,KTA-KTA151SB-03,nan,-,,KTA,4.14,
2025-10-11,943330703959688,B6010052900,8616,,2025-10-10 10:30:59+00:00,,h13-mustc-06,H13-MUSTC,nan,-,,HCTRA,6.54,
2025-10-09,289516833804861,B5010058944,206,,2025-10-08 05:02:56+00:00,,Emporia I-35  Cassoday K-177,KTA-KTA123NB,nan,-,,KTA,4.83,
2025-10-16,159948333262674,B6010219254,9118,,2025-10-12 10:23:17+00:00,,16E - Lincoln Tunnel/NJ 3/Secaucus,16E,nan,-,,NJTP,11.89,
2025-10-10,118222602707606,B6010107803,8660,,2025-10-09 14:34:55+00:00,,Lawrence US-59S  Lecompton K-10,KTA-KTA201WB,nan,-,,KTA,0.69,
2025-10-12,105785810295324,B6010174719,214,,2025-10-08 21:55:16+00:00,,Sam Houston NE Mainlane,SHT-SAMNE-04,nan,-,,HCTRA,7.0,
2025-10-09,309628977199719,B6010039104,8332,,2025-10-08 14:21:22+00:00,,Wichita K-96  US-54 Kellogg,KTA-KTA050NB,nan,-,,KTA,0.41,
2025-10-10,185184646918890,B5010022290,S22013,,2025-10-09 17:10:18+00:00,,Lecompton K-10  Topeka I-70  K-4,KTA-KTA191EB,nan,-,,KTA,0.72,
2025-10-14,290003042181894,B5010022290,S22013,,2025-10-10 05:30:44+00:00,,Eastern Terminal,KTA-KTA217WB,nan,-,,KTA,1.2,
2025-10-13,633552105710246,B5010028610,8446,,2025-10-12 20:03:01+00:00,,Cameron Plaza,H13-CAMRO,nan,-,,HCTRA,6.54,
2025-10-12,949910748593387,C466HR-TN,S23012,,2025-10-10 21:03:51+00:00,,Exit 255 - U.S. 74 (West),M01,nan,-,,NCTA,0.3,
2025-10-15,111059701533434,B5010051658,8504,,2025-10-13 11:27:07+00:00,,Parker Main Lane Gantry (MLP3),DNT-MLP3-12,nan,-,,NTTA,6.15,
2025-10-14,141705103429717,B6010039142,7961,,2025-10-13 19:50:33+00:00,,Wichita I-135/I-235  Haysville-Derby,KTA-KTA040SB,nan,-,,KTA,0.41,
2025-10-16,297310685576655,B6010052909,8610,,2025-10-14 12:01:42+00:00,,T 310,T310,nan,-,,PTC,8.28,
2025-10-10,256142254690285,B6010204247,8436,,2025-10-09 12:27:05+00:00,,Marshall Drive (MARDR),PGBW-MARDR-02,nan,-,,NTTA,2.6,
2025-10-17,316977256278250,B5010022290,S22013,,2025-10-13 20:53:35+00:00,,Eastern Terminal,KTA-KTA217WB,nan,-,,KTA,1.2,
2025-10-16,219790563904594,B6010108554,S24035,,2025-10-14 00:23:18+00:00,,Sully Rd,063,nan,-,,VDOT,2.0,
2025-10-10,234543893492713,B5010058928,S23000,,2025-10-08 06:36:13+00:00,,Sam Houston North Plaza,SHT-SAMN-05,nan,-,,HCTRA,1.35,
2025-10-10,618409400812587,B6010204984,8508,,2025-10-09 11:49:10+00:00,,gpw-mokml-50,GPW-MOKML,nan,-,,HCTRA,5.6,
2025-10-11,229337434348211,B5010065476,S23032,,2025-10-10 05:18:15+00:00,,Exit 259 - Unionville-Indian Trail Road,M06,nan,-,,NCTA,0.22,
2025-10-10,269376787076772,C491HR-TN,S23032,,2025-10-08 21:04:33+00:00,,Exit 259 - Unionville-Indian Trail Road,M05,nan,-,,NCTA,0.22,
2025-10-11,424746599225192,B6010204247,8436,,2025-10-09 12:56:36+00:00,,Marshall Drive (MARDR),PGBW-MARDR-03,nan,-,,NTTA,2.6,
2025-10-16,168996758359169,B5010034041,212,,2025-10-13 22:27:53+00:00,,jkt-wstrn,JKT-WSTRN-05,nan,-,,OTA,4.6,
2025-10-14,224843393893629,B6010119921,8417,,2025-10-13 10:03:30+00:00,,"38 - U.S. 12-20, 95th St",38,nan,-,,ILTOLL,6.1,
2025-10-14,134644087840224,B6010086453,8649,,2025-10-13 09:24:09+00:00,,21 - Waukegan Mainline,21,nan,-,,ILTOLL,15.25,
2025-10-15,668569889402229,B5010065474,S23015,,2025-10-13 21:42:14+00:00,,Exit 264 - U.S. 601,M09,nan,-,,NCTA,0.29,
2025-10-12,196548492689608,B6010125735,S24018,,2025-10-10 23:01:50+00:00,,138 - Becker Road,004131,nan,-,,FDOT,0.43,
2025-10-15,172377463594456,B6010057268,S23012,,2025-10-14 08:12:47+00:00,,Exit 257 - Indian Trail-Fairview Road,M04,nan,-,,NCTA,0.36,
2025-10-15,790441449849661,B6010107762,8459,,2025-10-14 11:57:41+00:00,,288-wbsht-31 wbsh,288-WBSHT-31,nan,-,,HCTRA,5.92,
2025-10-08,281786398105794,B6010065767,9026,,2025-10-07 19:56:30+00:00,,gpw-cfml-21,GPW-CFML,nan,-,,HCTRA,6.08,
2025-10-11,177881086625069,B5010050873,1027,,2025-10-10 02:47:24+00:00,,Cameron Plaza,H13-CAMRO,nan,-,,HCTRA,6.54,
2025-10-14,122371386411244,B6010052900,8616,,2025-10-12 09:18:39+00:00,,130-skynp-01 4103,13C-SKYNB,nan,-,,HCTRA,12.73,
2025-10-15,175047732194363,B6010107782,8320,,2025-10-13 13:55:14+00:00,,Sam Houston NE Mainlane,SHT-SAMNE-04,nan,-,,HCTRA,7.0,
2025-10-17,246373976403676,B5010022290,S22013,,2025-10-13 14:01:25+00:00,,Andover 21st  Wichita K-96,KTA-KTA056SB,nan,-,,KTA,0.19,
2025-10-11,294700208703432,B6010125735,S24018,,2025-10-09 23:28:37+00:00,,138 - Becker Road,004131,nan,-,,FDOT,0.43,
2025-10-15,316234222497205,B6010107742,8602,,2025-10-14 08:54:20+00:00,,43 - I-80 WB,43,nan,-,,ILTOLL,6.1,
2025-10-10,138992460609686,B5010058942,259,,2025-10-09 05:19:16+00:00,,Lecompton K-10  Topeka I-70  K-4,KTA-KTA191EB,nan,-,,KTA,2.07,
2025-10-11,113631437948909,B5010058942,259,,2025-10-10 05:02:44+00:00,,Lawrence US-59S  Lecompton K-10,KTA-KTA201WB,nan,-,,KTA,0.69,
2025-10-14,386305187697042,B6010086453,8649,,2025-10-13 06:38:47+00:00,,29 - Touhy Mainline,29,nan,-,,ILTOLL,10.15,
2025-10-09,220059547067637,B6010204247,8436,,2025-10-08 08:18:04+00:00,,Pioneer Parkway (PIOPY),PGBW-PIOPY-02,nan,-,,NTTA,3.32,
2025-10-16,220834434754157,B6010075120,8622,,2025-10-14 18:09:32+00:00,,gpw-1405m,GPW-1405M,nan,-,,HCTRA,2.56,
2025-10-10,256580088528896,B5010065476,S23032,,2025-10-08 21:06:34+00:00,,Exit 260 - N. Rocky River Road,M07,nan,-,,NCTA,0.63,
2025-10-11,260889888939940,B5010028610,8446,,2025-10-09 23:08:58+00:00,,130-dkcrp-06 307,H13-DECKC,nan,-,,HCTRA,4.36,
2025-10-15,244014066936326,B6010174786,S20046,,2025-10-13 15:22:00+00:00,,Exit 43,H43,nan,-,,PTC,29.19,
2025-10-12,171585498789357,B6010205359,8529,,2025-10-10 09:18:30+00:00,,Sam Houston North Plaza,SHT-SAMN-06,nan,-,,HCTRA,7.0,
2025-10-15,311028025607421,B5010022290,S22013,,2025-10-10 13:09:01+00:00,,151sb,KTA-KTA151SB-03,nan,-,,KTA,1.44,
2025-10-11,172838027503778,B5010061403,8524,,2025-10-08 18:44:17+00:00,,Exit 260 - N. Rocky River Road,M07,nan,-,,NCTA,2.52,
2025-10-15,322448563352819,B6010219254,9118,,2025-10-13 10:43:06+00:00,,14 - Spring Valley,SV,nan,-,,NYSTA,7.09,
2025-10-12,225440665908556,B6010034687,8403,,2025-10-09 09:23:46+00:00,,Sam Houston NE Mainlane,SHT-SAMNE-04,nan,-,,HCTRA,7.0,
2025-10-15,758292183585444,B6010057271,S23022,,2025-10-10 22:07:40+00:00,,Oklahoma City,TRN-OKCWGT-04,nan,-,,OTA,5.4,
2025-10-11,217292172608590,B6010034703,8532,,2025-10-10 13:34:47+00:00,,130-dkcrp-06 307,H13-DECKC,nan,-,,HCTRA,6.54,
2025-11-07,269016493490498,V5307HY-TN,265,,2025-10-08 07:08:23+00:00,,FM 2920,TMB-F2920-48,nan,-,,HCTRA,3.6,
2025-10-11,274862805205590,B6010052900,8616,,2025-10-10 10:57:37+00:00,,Airport Plaza,H13-APORT,nan,-,,HCTRA,6.54,
2025-10-12,254251963926591,B5010058924,S23001,,2025-10-10 05:53:35+00:00,,Aldine Mail Route,HDY-ALDN-38,nan,-,,HCTRA,1.08,
2025-10-10,120116017763288,B6010107803,8660,,2025-10-09 12:18:12+00:00,,Wichita K-15  I-135/I-235,KTA-KTA043NB,nan,-,,KTA,0.41,
2025-10-10,136380724634088,B6010057263,S23027,,2025-10-09 12:45:23+00:00,,Lawrence : US-59,KTA-KTA202EB,nan,-,,KTA,0.1,
2025-10-09,308950377616650,B5010017609,8441,,2025-10-08 13:53:27+00:00,,gpw-spnml-51,GPW-SPNML,nan,-,,HCTRA,10.04,
2025-10-11,215179905041481,B6010107762,8459,,2025-10-09 11:21:15+00:00,,13c-blusb-01,13C-BLUSB,nan,-,,HCTRA,27.81,
2025-10-11,128204779208111,B5010065476,S23032,,2025-10-10 05:19:37+00:00,,Exit 257 - Indian Trail-Fairview Road,M04,nan,-,,NCTA,0.36,
2025-10-15,305885715404918,B6010204230,8516,,2025-10-14 12:50:09+00:00,,gpw-rfzml-16,GPW-RFZML,nan,-,,HCTRA,3.28,
2025-10-11,314360768247668,B6010086545,8405,,2025-10-09 14:27:23+00:00,,gpw-cmbml-21,GPW-CMBML,nan,-,,HCTRA,6.84,
2025-10-12,243392607582691,B6010174711,79,,2025-10-10 22:22:18+00:00,,East Main Plaza (78th Street),T65,nan,-,,FDOT,2.13,
2025-10-14,191519678674130,B6010075495,8630,,2025-10-13 09:59:43+00:00,,328 - Mitchell Boulevard Mainline,328,nan,-,,ILTOLL,2.5,
2025-10-09,602364959934652,B5010022290,S22013,,2025-10-08 13:52:06+00:00,,Emporia I-35  Cassoday K-177,KTA-KTA123NB,nan,-,,KTA,1.68,
2025-10-12,160654602338913,B6010167874,8444,,2025-10-11 08:30:21+00:00,,130-dkcrp-06 307,H13-DECKC,nan,-,,HCTRA,6.54,
2025-10-14,222592879204788,U512061-TN,15263,,2025-10-09 18:58:51+00:00,,Wycliff Main Lane Gantry (MLP1),DNT-MLP1-10,nan,-,,NTTA,11.64,
2025-10-11,105952166847641,B5010022289,S22012,,2025-10-10 15:37:25+00:00,,Tonganoxie-Eudora: 222nd St  Lawrence : US-59,KTA-KTA207WB,nan,-,,KTA,0.38,
2025-10-14,295433994683481,B6010052896,8605,,2025-10-13 18:33:50+00:00,,Trinity Mills Main Lane Gantry (MLP2),DNT-MLP2-04,nan,-,,NTTA,5.56,
2025-10-11,177496325750248,B6010205367,8427,,2025-10-10 07:22:03+00:00,,130-dkcrp-06 307,H13-DECKC,nan,-,,HCTRA,6.54,
2025-10-15,313251630918066,B5010058924,S23001,,2025-10-14 04:32:04+00:00,,McHard Mainlane - EZ TAG Only,BCT-MCHRD-02,nan,-,,HCTRA,1.86,
2025-10-14,929513527098132,B6010039142,7961,,2025-10-13 17:28:48+00:00,,Tonganoxie-Eudora: 222nd St  Lawrence : US-59,KTA-KTA207WB,nan,-,,KTA,1.1,
2025-10-12,282589747794841,C466HR-TN,S23012,,2025-10-10 21:06:15+00:00,,Exit 257 - Indian Trail-Fairview Road,M03,nan,-,,NCTA,0.36,
2025-10-12,122041284851223,410462470,S20034,,2025-10-10 22:06:55+00:00,,98 - Belvedere,098,nan,-,,FDOT,0.27,
2025-10-12,157673656405095,B6010035599,8543,,2025-10-10 12:43:06+00:00,,Marshall Drive (MARDR),PGBW-MARDR-02,nan,-,,NTTA,2.6,
2025-10-13,905197849351099,B6010086525,8645,,2025-10-10 10:54:33+00:00,,Sam Houston South Plaza,SHT-SAMS-11,nan,-,,HCTRA,7.0,
2025-10-13,314518966135337,B6010035599,8543,,2025-10-10 08:13:51+00:00,,I35E-IH635-HHBLV Harry Hines Blvd,I35E-IH635-40,nan,-,,NTTA,1.28,
2025-10-11,233684505318984,B6010105847,8343,,2025-10-10 14:49:03+00:00,,99 - Spring Creek Mainline,99,nan,-,,ILTOLL,16.3,
2025-10-12,866997536807997,B6010086559,8650,,2025-10-11 15:49:35+00:00,,Arkansas Lane (ARKLN),PGBW-ARKLN-03,nan,-,,NTTA,0.92,
2025-10-10,172891996213143,B6010204247,8436,,2025-10-09 10:15:49+00:00,,Shady Grove Road (SHGRD),PGBW-SHGRD-02,nan,-,,NTTA,2.28,
2025-10-15,339043766675701,B6010057268,S23012,,2025-10-14 08:15:12+00:00,,Exit 255 - U.S. 74 (West),M02,nan,-,,NCTA,0.3,
2025-10-15,292223585680279,B6010052896,8605,,2025-10-14 07:34:55+00:00,,Sandy Lake Main Lane Gantry (MLP9),PGBT-MLP9-13,nan,-,,NTTA,4.84,
2025-10-10,165318172913332,B6010034685,8537,,2025-10-08 14:33:34+00:00,,DFWC TSA Mainline One Plaza-MN1EB,DFWC-MN1EB-02,nan,-,,NTTA,3.48,
2025-10-16,688420517450897,B6010205368,8513,,2025-10-14 18:07:44+00:00,,Toll Gantry 2 288 ML Holly Hall NB,288-HOLLY-07,nan,-,,HCTRA,27.36,
2025-10-14,119938138834455,B5010061410,8531,,2025-10-11 14:51:07+00:00,,130-skysp-02 4104,13C-SKYSB,nan,-,,HCTRA,12.73,
2025-10-12,185281961511010,B6010205371,8401,,2025-10-11 18:21:27+00:00,,gpw-cmbml-21,GPW-CMBML,nan,-,,HCTRA,6.84,
2025-10-16,161368230797033,B5010060221,8152,,2025-10-13 14:54:44+00:00,,Cameron Plaza,H13-CAMRO,nan,-,,HCTRA,6.54,
2025-10-11,745655129796278,U1524HY-TN,77,,2025-10-09 20:20:10+00:00,,SR112 East (at 32nd Ave),A20,nan,-,,FDOT,0.66,
2025-10-15,149912948854885,B6010205436,1247,,2025-10-14 14:11:51+00:00,,Cameron Plaza,H13-CAMRO,nan,-,,HCTRA,6.54,
2025-10-15,485050007710583,B6010284390,8447,,2025-10-14 16:33:51+00:00,,John F Kennedy Bridge-RiverLink,DTS,nan,-,,RIVERLIN,13.33,
2025-10-12,201567400192354,B6010065788,8115,,2025-10-11 13:21:16+00:00,,Eastern Terminal,KTA-KTA217WB,nan,-,,KTA,3.45,
2025-10-11,885664024225259,B5010022289,S22012,,2025-10-10 15:30:54+00:00,,Lawrence : US-59,KTA-KTA202EB,nan,-,,KTA,0.1,
2025-10-10,152624763268918,B5010058944,206,,2025-10-09 00:11:23+00:00,,El Dorado US-77  US-254,KTA-KTA073SB,nan,-,,KTA,0.69,
2025-10-09,217986992291507,B5010017609,8441,,2025-10-08 13:31:59+00:00,,gpw-cfml-21,GPW-CFML,nan,-,,HCTRA,6.08,
2025-10-09,288799322844590,B5010060214,9112,,2025-10-08 18:06:30+00:00,,Merritt Main Lane Gantry (MLG5),PGBT-MLG5-09,nan,-,,NTTA,8.92,
2025-10-09,498104179455966,B5010060218,8185,,2025-10-08 10:21:20+00:00,,Airport Plaza,H13-APORT,nan,-,,HCTRA,6.54,
2025-10-11,169318080362187,B6010039150,8109,,2025-10-08 16:07:44+00:00,,gpw-1405m,GPW-1405M,nan,-,,HCTRA,2.56,
2025-10-15,187279164993118,B6010065787,8330,,2025-10-13 19:32:07+00:00,,Exit 264 - U.S. 601,M10,nan,-,,NCTA,1.16,
2025-10-15,314133202847920,B5010065476,S23032,,2025-10-14 08:41:41+00:00,,Exit 264 - U.S. 601,M10,nan,-,,NCTA,0.29,
2025-10-16,110561317063583,B6010052909,8610,,2025-10-14 11:37:14+00:00,,T 336,T336,nan,-,,PTC,6.04,
2025-10-17,180767181948306,B6010035639,8540,,2025-10-09 15:06:29+00:00,,130-dkcrp-06 307,H13-DECKC,nan,-,,HCTRA,6.54,
2025-10-12,928598116075866,B5010058942,259,,2025-10-11 05:10:31+00:00,,Lawrence : US-59,KTA-KTA202EB,nan,-,,KTA,0.28,
2025-10-15,575279779086164,B6010125735,S24018,,2025-10-14 00:37:23+00:00,,141 - Port St. Lucie,142,nan,-,,FDOT,0.35,
2025-10-11,337304777612003,B6010052906,8611,,2025-10-09 19:15:54+00:00,,Ghent (Toll Plaza A),AN,nan,-,,WVPEDTA,13.0,
2025-10-09,130033913723637,B5010065476,S23032,,2025-10-07 21:23:27+00:00,,Exit 255 - U.S. 74 (West),M01,nan,-,,NCTA,0.3,
2025-10-14,274538471598526,B6010075136,8438,,2025-10-13 15:22:46+00:00,,Hardy South Plaza,HDY-HDYS-06,nan,-,,HCTRA,7.0,
2025-10-14,996646767422501,B5010022290,S22013,,2025-10-13 13:49:57+00:00,,Wichita K-15  I-135/I-235,KTA-KTA043NB,nan,-,,KTA,0.14,
2025-10-14,208602980478663,B6010057263,S23027,,2025-10-13 15:00:27+00:00,,Wichita K-15  I-135/I-235,KTA-KTA043NB,nan,-,,KTA,0.14,
2025-10-12,123785713923594,B6010204283,8500,,2025-10-10 09:39:49+00:00,,Dalworth Street (DALST),PGBW-DALST-02,nan,-,,NTTA,1.36,
2025-10-15,270012567199267,B5010036855,266,,2025-10-14 00:51:59+00:00,,Wichita K-15  I-135/I-235,KTA-KTA043NB,nan,-,,KTA,0.41,
2025-10-16,151224212730202,B6010035639,8540,,2025-10-13 09:40:05+00:00,,Cameron Plaza,H13-CAMRO,nan,-,,HCTRA,6.54,
2025-10-14,314650644441063,B6010107768,8509,,2025-10-13 04:29:52+00:00,,h13-mustc-06,H13-MUSTC,nan,-,,HCTRA,6.54,
2025-10-14,172467640852767,B6010065783,8415,,2025-10-13 08:21:49+00:00,,US 79,H13-79N,nan,-,,HCTRA,2.76,
2025-10-17,222246686140490,B6010035722,8551,,2025-10-12 22:35:34+00:00,,Sam Houston Central Plaza,SHT-SAMC-05,nan,-,,HCTRA,7.0,
2025-10-10,303068353607982,B5010065474,S23015,,2025-10-08 21:45:01+00:00,,Exit 270 - Austin Chaney Road,M13,nan,-,,NCTA,0.48,
2025-10-11,210647460091917,1662893701108,207,,2025-10-08 21:52:13+00:00,,Sam Houston NE Mainlane,SHT-SAMNE-04,nan,-,,HCTRA,7.0,
2025-10-11,902174374337537,B5010022427,1789,,2025-10-09 18:02:11+00:00,,gpw-mokml-50,GPW-MOKML,nan,-,,HCTRA,5.6,
2025-10-15,308695563817131,B6010057263,S23027,,2025-10-14 15:10:38+00:00,,Andover 21st  Wichita K-96,KTA-KTA056SB,nan,-,,KTA,0.19,
2025-10-15,276695456586350,B5010022290,S22013,,2025-10-14 04:03:00+00:00,,Topeka K-4  I-470,KTA-KTA179NB,nan,-,,KTA,0.24,
2025-10-15,308397327701547,B6010052896,8605,,2025-10-14 07:15:18+00:00,,Lower Tarrant Mainlane Gantry (MLG11),PGBW-MLG11-11,nan,-,,NTTA,5.16,
2025-10-09,225889914226500,410462470,S20034,,2025-10-07 20:50:02+00:00,,47 - Miramar Plaza,047,nan,-,,FDOT,1.16,
2025-10-09,247765921117411,B5010065474,S23015,,2025-10-07 21:47:44+00:00,,Exit 260 - N. Rocky River Road,M07,nan,-,,NCTA,0.63,
2025-10-11,306038242488355,B6010205368,8513,,2025-10-09 14:17:30+00:00,,130-dkcrp-06 307,H13-DECKC,nan,-,,HCTRA,6.54,
2025-10-11,162969104887755,B6010057263,S23027,,2025-10-10 13:45:49+00:00,,Southern Terminal: Border  US-160,KTA-KTA017SB,nan,-,,KTA,0.91,
2025-10-10,200404589118179,B6010039125,8346,,2025-10-08 11:17:17+00:00,,SH183-COLN County Line Road,SH183-COLN-80,nan,-,,NTTA,7.12,
2025-10-10,104756914260812,B6010035659,8546,,2025-10-09 16:59:32+00:00,,Lower Tarrant Mainlane Gantry (MLG11),PGBW-MLG11-03,nan,-,,NTTA,5.16,
2025-10-13,689875692481545,B6010035600,8555,,2025-10-09 16:03:26+00:00,,Dalworth Street (DALST),PGBW-DALST-03,nan,-,,NTTA,0.68,
2025-10-11,322570018869407,B6010087081,8519,,2025-10-09 13:16:01+00:00,,Custer Main Lane Gantry (MLG3),SRT-MLG3-11,nan,-,,NTTA,10.56,
2025-10-13,180817287791626,B6010039142,7961,,2025-10-11 07:34:23+00:00,,130-dkcrp-06 307,H13-DECKC,nan,-,,HCTRA,6.54,
2025-10-10,240970059907340,B5010022318,255,,2025-10-08 09:56:16+00:00,,jkt-us77,JKT-US77-11,nan,-,,OTA,2.27,
2025-10-14,113063044284188,B6010167841,8324,,2025-10-13 17:42:42+00:00,,Sam Houston Ship Channel Bridge,SHT-SHIP-42,nan,-,,HCTRA,8.0,
2025-10-11,796967889134707,B6010107803,8660,,2025-10-10 18:51:11+00:00,,El Dorado US-77  US-254,KTA-KTA073SB,nan,-,,KTA,0.69,
2025-10-11,131366473066314,B6010066112,S24003,,2025-10-10 22:11:30+00:00,,Tonganoxie-Eudora: 222nd St  Lawrence : US-59,KTA-KTA207WB,nan,-,,KTA,0.38,
2025-10-14,182307713661104,B6010086453,8649,,2025-10-13 09:54:31+00:00,,33 - Irving Park Mainline (Illinois 19),33,nan,-,,ILTOLL,8.15,
2025-10-17,610183457126774,B6010057279,S24005,,2025-10-11 04:21:24+00:00,,heb-nwclml,HEB-NWCLML-13,nan,-,,OTA,1.79,
2025-10-10,332502743108257,B5010058942,259,,2025-10-09 05:29:14+00:00,,Lawrence : US-59,KTA-KTA202EB,nan,-,,KTA,0.28,
2025-10-14,232016464625142,B6010075444,8634,,2025-10-13 17:03:14+00:00,,Eldridge,KTY-ELDRW-01,nan,-,,HCTRA,7.0,
2025-10-14,214733091844557,B6010039119,8421,,2025-10-12 05:55:47+00:00,,13c-blusb-01,13C-BLUNB,nan,-,,HCTRA,27.81,
2025-10-11,201918194348273,B5010050873,1027,,2025-10-09 22:53:36+00:00,,Cameron Plaza,H13-CAMRO,nan,-,,HCTRA,2.18,
2025-10-08,262935085243960,B6010039125,8346,,2025-10-07 21:09:39+00:00,,h13-mustc-06,H13-MUSTC,nan,-,,HCTRA,6.54,
2025-10-13,237228376665208,B6010205359,8529,,2025-10-12 16:28:54+00:00,,Cameron Plaza,H13-CAMRO,nan,-,,HCTRA,6.54,
2025-11-10,153250174041741,V5307HY-TN,265,,2025-10-10 18:28:14+00:00,,Tomball Tollway Mainlane,TMB-NPTML-11,nan,-,,HCTRA,8.4,
2025-10-20,958194137369274,B6010066093,S24015,,2025-10-14 03:05:45+00:00,,SR874 North (at SR826),S40,nan,-,,MDX,0.47,
2025-10-14,232628973008263,B6010086453,8649,,2025-10-13 10:19:41+00:00,,89 - Boughton Mainline,89,nan,-,,ILTOLL,8.15,
2025-10-13,141446520621603,B5010058924,S23001,,2025-10-09 03:50:26+00:00,,McHard Mainlane - EZ TAG Only,BCT-MCHRD-02,nan,-,,HCTRA,1.86,
2025-10-15,100926841215514,B6010057268,S23012,,2025-10-14 08:06:30+00:00,,Exit 264 - U.S. 601,M10,nan,-,,NCTA,0.29,
2025-10-11,129340889258483,B6010311304,None,,2025-10-09 18:56:16+00:00,,89 - Boughton Mainline,89,nan,-,,ILTOLL,8.15,
2025-10-11,199361137587298,B5010058942,259,,2025-10-10 05:11:04+00:00,,Tonganoxie-Eudora: 222nd St  Lawrence : US-59,KTA-KTA207WB,nan,-,,KTA,1.1,
2025-10-15,310117831395112,B5010022290,S22013,,2025-10-10 15:04:09+00:00,,Andover 21st  Wichita K-96,KTA-KTA056SB,nan,-,,KTA,0.19,
2025-10-12,125459631779323,B6010039142,7961,,2025-10-09 14:06:11+00:00,,Airport Plaza,H13-APORT,nan,-,,HCTRA,6.54,
2025-10-10,274052929993873,B6010035637,8349,,2025-10-09 00:17:11+00:00,,gpw-cfml-21,GPW-CFML,nan,-,,HCTRA,6.08,
2025-10-13,173520568345151,B6010035599,8543,,2025-10-10 10:05:23+00:00,,I35E-VAVLN Valley View Ln,I35E-VAVLN-46,nan,-,,NTTA,3.44,
2025-10-15,264274093890080,B5010022289,S22012,,2025-10-10 14:23:06+00:00,,Emporia I-35  Cassoday K-177,KTA-KTA123NB,nan,-,,KTA,1.68,
2025-10-16,272436302937915,B6010035600,8555,,2025-10-14 16:59:41+00:00,,A 70,A70,nan,-,,PTC,9.4,
2025-10-15,287232183937185,B6010039141,8312,,2025-10-14 10:56:36+00:00,,Wichita I-135/I-235  Haysville-Derby,KTA-KTA040SB,nan,-,,KTA,0.41,
2025-10-11,293225407568459,B6010219218,8402,,2025-10-09 15:16:39+00:00,,I-35W/I-820 Entrance,I35WN-820-24,nan,-,,NTTA,18.0,
2025-10-11,729407148503768,B5010022289,S22012,,2025-10-10 09:47:50+00:00,,Lawrence : US-59,KTA-KTA202EB,nan,-,,KTA,0.1,
2025-10-08,122829296559422,B6010065767,9026,,2025-10-07 19:39:56+00:00,,gpw-nwml-90,GPW-NWML,nan,-,,HCTRA,5.2,
2025-10-14,774663336017872,B6010066112,S24003,,2025-10-13 22:20:14+00:00,,Lecompton K-10  Topeka I-70  K-4,KTA-KTA191EB,nan,-,,KTA,0.72,
2025-10-09,215732545679300,B6010075124,8625,,2025-10-08 10:59:02+00:00,,45 - I-80 EB,45,nan,-,,ILTOLL,6.1,
2025-10-11,772964840078686,B6010057271,S23022,,2025-10-09 03:26:44+00:00,,Flint Bridge/State Line,CHR-FLTBRG-01,nan,-,,OTA,3.08,
2025-10-16,588804163844820,B6010204283,8500,,2025-10-14 10:26:07+00:00,,wr-bgcbn,WR-BGCBN-13,nan,-,,OTA,11.31,
2025-10-13,721027734344234,B5010048788,76,,2025-10-11 06:11:22+00:00,,Sam Houston NE Mainlane,SHT-SAMNE-10,nan,-,,HCTRA,7.0,
2025-10-12,290381824509821,1662894601106,216,,2025-10-09 03:42:11+00:00,,Spencer Hwy,SHT-SPNCR-58,nan,-,,HCTRA,5.0,
2025-10-13,210161226323520,B6010035599,8543,,2025-10-10 10:01:28+00:00,,I35E-FKFRD Frankford Rd,I35E-FKFRD-66,nan,-,,NTTA,4.0,
2025-10-14,257820154747828,B5010022319,8627,,2025-10-13 09:35:17+00:00,,73 - Army Trail Road Mainline,73,nan,-,,ILTOLL,8.15,
2025-10-10,168126050295354,B6010125735,S24018,,2025-10-09 00:05:25+00:00,,138 - Becker Road,004131,nan,-,,FDOT,0.43,
2025-10-10,275177212157706,B6010075118,8620,,2025-10-08 16:52:31+00:00,,13c-blusb-01,13C-BLUNB,nan,-,,HCTRA,27.81,
2025-10-14,163431675184521,B6010205361,8518,,2025-10-13 11:11:58+00:00,,Mainlane Plaza West of SH 146 (Bus.),GPW-146BW,nan,-,,HCTRA,2.64,
2025-10-11,360208384602506,B6010066093,S24015,,2025-10-09 05:04:50+00:00,,SR836 East (at 97th Ave),D26,nan,-,,MDX,0.66,
2025-10-11,271147342254155,B6010075444,8634,,2025-10-09 12:08:30+00:00,,South Main / US 90,SHT-US90-90,nan,-,,HCTRA,4.0,
2025-10-25,195699245698024,B6010052915,8606,,2025-10-14 08:59:25+00:00,,CBB : Commodore Barry Br,CBB,nan,-,,DRPA,45.0,
2025-10-11,335207270522294,B6010108558,S24036,,2025-10-09 22:53:09+00:00,,FMT : Fort McHenry Tunnel,FMT,nan,-,,MdTA,4.0,
2025-10-12,358879513215327,B6010105847,8343,,2025-10-10 18:01:15+00:00,,41 - 163rd St Mainline,41,nan,-,,ILTOLL,8.15,
2025-10-14,750183736022651,B6010107803,8660,,2025-10-11 14:31:23+00:00,,"I820-35WS South Entrance, Exit 57C",I35WS-820-31,nan,-,,NTTA,19.4,
2025-10-11,157035482124497,B5010022289,S22012,,2025-10-10 11:48:59+00:00,,El Dorado US-77  Andover 21st,KTA-KTA061SB,nan,-,,KTA,0.67,
2025-10-11,105541440672739,B5010022290,S22013,,2025-10-08 15:26:39+00:00,,Southern Terminal: Border  US-160,KTA-KTA017SB,nan,-,,KTA,0.91,
2025-10-12,205004329346870,B6010311324,8448,,2025-10-09 04:50:52+00:00,,I35E-IH635-HHBLV Harry Hines Blvd,I635-I35E-13A,nan,-,,NTTA,5.4,
2025-10-15,424250904775652,B5010060214,9112,,2025-10-13 05:02:34+00:00,,wr-bgcbn,WR-BGCBN-13,nan,-,,OTA,11.31,
2025-10-10,163509423536169,B6010034685,8537,,2025-10-08 19:47:54+00:00,,Cameron Plaza,H13-CAMRO,nan,-,,HCTRA,6.54,
2025-11-10,244076148938148,V5307HY-TN,265,,2025-10-09 06:10:17+00:00,,Decker Prairie Mainlane - EZ TAG Only,MCT-DECKR-09,nan,-,,HCTRA,6.39,
2025-10-11,438739794463944,B6010039142,7961,,2025-10-09 13:59:54+00:00,,130-dkcrp-06 307,H13-DECKC,nan,-,,HCTRA,6.54,
2025-10-11,384236396568939,B5010022294,224320,,2025-10-09 05:17:05+00:00,,I-35,JKT-I35-04,nan,-,,OTA,0.66,
2025-10-15,189931889041834,B6010086520,8642,,2025-10-13 18:19:43+00:00,,Sam Houston NE Mainlane,SHT-SAMNE-09,nan,-,,HCTRA,7.0,
2025-10-12,234154370953438,B5010050873,1027,,2025-10-10 23:19:08+00:00,,13c-blusb-01,13C-BLUNB,nan,-,,HCTRA,27.81,
2025-10-08,204347088722853,B6010065767,9026,,2025-10-07 20:14:35+00:00,,gpw-vrml-51,GPW-VRML,nan,-,,HCTRA,8.8,
2025-10-12,253274555923323,B6010039151,8429,,2025-10-10 19:57:23+00:00,,Sam Houston North Plaza,SHT-SAMN-09,nan,-,,HCTRA,7.0,
2025-10-15,751931683881762,B5010022290,S22013,,2025-10-10 15:18:54+00:00,,Wichita I-135/I-235  Haysville-Derby,KTA-KTA040SB,nan,-,,KTA,0.14,
2025-10-09,157378675435488,B5010058942,259,,2025-10-08 22:41:54+00:00,,Lecompton K-10  Topeka I-70  K-4,KTA-KTA191EB,nan,-,,KTA,2.07,
2025-10-15,345723364616179,B6010107762,8459,,2025-10-14 09:58:32+00:00,,Sam Houston SW Plaza,SHT-SAMSW-05,nan,-,,HCTRA,1.35,
2025-10-11,170067328451576,B6010034704,8541,,2025-10-09 11:00:01+00:00,,Sam Houston Central Plaza,SHT-SAMC-08,nan,-,,HCTRA,7.0,
2025-10-12,237569974047880,B6010075120,8622,,2025-10-09 14:34:39+00:00,,173 - Cleveland,173,nan,-,,OTC,3.0,
2025-10-11,301740382675207,B6010167872,8310,,2025-10-09 14:02:55+00:00,,Belt Line Road (BELRD),DNT-BELRD-05,nan,-,,NTTA,1.8,
2025-10-11,201024279977900,B6010057263,S23027,,2025-10-10 20:31:43+00:00,,Lawrence : US-59,KTA-KTA202EB,nan,-,,KTA,0.1,
2025-10-12,255810727514592,B5010022318,255,,2025-10-10 03:09:47+00:00,,US 75-Glenpool,CRK-75GLPL-02,nan,-,,OTA,1.81,
2025-10-15,456873035547399,B6010125734,S24016,,2025-10-14 14:54:36+00:00,,100 - West Toll Plaza,AAW,nan,-,,FDOT,3.18,
2025-10-12,378672909890556,B5010017609,8441,,2025-10-09 13:32:20+00:00,,Sam Houston East Plaza,SHT-SAME-08,nan,-,,HCTRA,7.0,
2025-10-09,136982673810583,B6010039104,8332,,2025-10-08 14:46:48+00:00,,Mulvane K-53  US-160,KTA-KTA021SB,nan,-,,KTA,1.93,
2025-10-16,278867515720719,B6010035659,8546,,2025-10-13 12:10:23+00:00,,Sam Houston North Plaza,SHT-SAMN-12,nan,-,,HCTRA,7.0,
2025-10-11,615048810946996,B6010219254,9118,,2025-10-10 10:32:41+00:00,,East Topeka: I-70,KTA-KTA183WB,nan,-,,KTA,0.28,
2025-10-17,525239239959101,B5010022290,S22013,,2025-10-13 15:06:49+00:00,,Cassoday K-177  El Dorado US-77,KTA-KTA087SB,nan,-,,KTA,0.77,
2025-10-14,335086223957918,B6010107768,8509,,2025-10-13 10:09:34+00:00,,130-dkcrp-06 307,H13-DECKC,nan,-,,HCTRA,6.54,
2025-10-15,186539258519473,B6010075120,8622,,2025-10-14 18:49:47+00:00,,Mainlane Plaza West of FM 1485,GPW-1485ML,nan,-,,HCTRA,8.12,
2025-10-09,416298533353112,B6010174780,S17033,,2025-10-08 06:37:25+00:00,,Sam Houston Central Plaza,SHT-SAMC-12,nan,-,,HCTRA,1.35,
2025-10-13,788223477314587,B6010039141,8312,,2025-10-12 04:18:20+00:00,,Sam Houston Ship Channel Bridge,SHT-SHIP-42,nan,-,,HCTRA,8.0,
2025-10-09,244512692629007,B6010075118,8620,,2025-10-08 17:34:04+00:00,,Cameron Plaza,H13-CAMRO,nan,-,,HCTRA,6.54,
2025-10-13,720014071140048,B6010075119,8621,,2025-10-12 15:49:09+00:00,,130-dkcrp-06 307,H13-DECKC,nan,-,,HCTRA,6.54,
2025-10-18,209388590412853,B5010022290,S22013,,2025-10-13 11:22:25+00:00,,jkt-us77,JKT-US77-11,nan,-,,OTA,0.66,
2025-10-12,713334193241993,B6010174721,77,,2025-10-10 21:46:57+00:00,,0X - Golden Glades Plaza,006300,nan,-,,FDOT,4.64,
2025-10-08,316805187137957,B6010065767,9026,,2025-10-07 20:06:46+00:00,,gpw-rfzml-16,GPW-RFZML,nan,-,,HCTRA,3.28,
2025-10-15,154297293954887,B6010119951,8311,,2025-10-14 15:16:22+00:00,,Haysville-Derby 71st  Mulvane K-53,KTA-KTA036SB,nan,-,,KTA,0.83,
2025-10-09,398363308942327,B6010057268,S23012,,2025-10-07 21:24:49+00:00,,Exit 264 - U.S. 601,M09,nan,-,,NCTA,0.29,
2025-10-12,281743541636136,B6010219260,8322,,2025-10-10 17:44:43+00:00,,Cameron Plaza,H13-CAMRO,nan,-,,HCTRA,6.54,
2025-10-12,296978875341844,B6010119922,8348,,2025-10-11 08:10:49+00:00,,Airport Plaza,H13-APORT,nan,-,,HCTRA,6.54,
2025-10-11,128442391047109,B6010086514,8505,,2025-10-10 09:36:42+00:00,,Rankin Rd,HDY-RANKN-78,nan,-,,HCTRA,4.0,
2025-10-09,487178965329433,B5010058944,206,,2025-10-08 23:59:44+00:00,,Cassoday K-177  El Dorado US-77,KTA-KTA087SB,nan,-,,KTA,2.21,
2025-10-15,206963242596542,B6010119952,9046,,2025-10-14 11:10:07+00:00,,Sam Houston NE Mainlane,SHT-SAMNE-03,nan,-,,HCTRA,7.0,
2025-10-09,720170602688711,B5010065474,S23015,,2025-10-07 21:41:45+00:00,,Exit 255 - U.S. 74 (West),M01,nan,-,,NCTA,0.3,
2025-10-15,161656089570458,B6010119955,8347,,2025-10-14 12:27:14+00:00,,Topeka K-4  I-470,KTA-KTA179NB,nan,-,,KTA,0.69,
2025-10-10,940540179627298,B6010205359,8529,,2025-10-09 06:46:18+00:00,,gpw-cfml-21,GPW-CFML,nan,-,,HCTRA,6.08,
2025-10-11,286904260572076,B6010219254,9118,,2025-10-10 11:11:32+00:00,,Lecompton K-10  Topeka I-70  K-4,KTA-KTA191EB,nan,-,,KTA,2.07,
2025-10-14,449292454251479,B5010022290,S22013,,2025-10-10 04:34:02+00:00,,151sb,KTA-KTA151SB-03,nan,-,,KTA,1.44,
2025-10-12,177289975834395,B6010039151,8429,,2025-10-09 21:21:05+00:00,,Mainline Plaza: East of I-45,GPW-HRDML,nan,-,,HCTRA,2.2,
2025-10-11,249032638600975,B6010119859,8338,,2025-10-10 08:57:33+00:00,,Shiloh Main Lane Gantry (MLP6),PGBT-MLP6-12,nan,-,,NTTA,6.16,
2025-10-11,249033026882849,B6010075124,8625,,2025-10-10 05:04:31+00:00,,Ghent (Toll Plaza A),AS,nan,-,,WVPEDTA,13.0,
2025-10-09,260171106469497,B6010057263,S23027,,2025-10-08 15:36:25+00:00,,Emporia I-35  Cassoday K-177,KTA-KTA123NB,nan,-,,KTA,1.68,
2025-10-08,120492844839196,B5010058942,259,,2025-10-07 22:39:22+00:00,,Lecompton K-10  Topeka I-70  K-4,KTA-KTA191EB,nan,-,,KTA,2.07,
2025-10-14,110507920370641,B5010017613,8526,,2025-10-13 12:34:50+00:00,,h13-mustc-06,H13-MUSTC,nan,-,,HCTRA,2.18,
2025-10-14,196301002867497,B5010036855,266,,2025-10-13 23:59:58+00:00,,Lawrence : US-59,KTA-KTA202EB,nan,-,,KTA,0.69,
2025-10-15,950473755731344,B6010205368,8513,,2025-10-14 18:01:03+00:00,,sht-samsw-04,SHT-SAMSW-03,nan,-,,HCTRA,7.0,
2025-10-12,249391197656895,B6010057268,S23012,,2025-10-11 07:54:32+00:00,,Exit 266 - Morgan Mill Road,M12,nan,-,,NCTA,0.64,
2025-10-15,224894819248633,B6010065780,9076,,2025-10-13 15:14:23+00:00,,heb-chickml,HEB-CHICKML-10,nan,-,,OTA,7.05,
2025-10-08,146384378950713,B6010035659,8546,,2025-10-07 19:02:21+00:00,,Shiloh Main Lane Gantry (MLP6),PGBT-MLP6-11,nan,-,,NTTA,6.16,
2025-10-16,113396120320534,R721742-TX,8442,,2025-10-14 09:13:31+00:00,,Exit 264 - U.S. 601,M10,nan,-,,NCTA,1.16,
2025-10-12,268498558446294,B6010086545,8405,,2025-10-11 08:12:59+00:00,,Sam Houston North Plaza,SHT-SAMN-07,nan,-,,HCTRA,7.0,
2025-10-11,283821219978804,B5010058942,259,,2025-10-10 21:31:53+00:00,,Eastern Terminal,KTA-KTA217WB,nan,-,,KTA,3.45,
2025-10-11,295845292680136,B6010086526,8655,,2025-10-08 13:27:24+00:00,,SH183-RGLRW Regal Row,SH183-RGLRW-45,nan,-,,NTTA,2.08,
2025-10-13,237644180829639,B6010034700,8544,,2025-10-10 17:41:21+00:00,,130-dkcrp-06 307,H13-DECKC,nan,-,,HCTRA,6.54,
2025-10-11,808083664828930,B5010022273,420663,,2025-10-09 07:12:33+00:00,,Flint Bridge/State Line,CHR-FLTBRG-01,nan,-,,OTA,2.7,
2025-10-16,153448950054366,B5010022294,224320,,2025-10-14 06:12:39+00:00,,cimarron turnpike/hallet-sh 99,CHANDLER-SH 18,nan,-,,OTA,1.98,
2025-10-09,337438808486117,B5010058942,259,,2025-10-08 05:59:08+00:00,,Eastern Terminal,KTA-KTA217WB,nan,-,,KTA,3.45,
2025-10-15,170454647064476,B5010055206,8501,,2025-10-14 05:19:38+00:00,,Sam Houston Central Plaza,SHT-SAMC-11,nan,-,,HCTRA,7.0,
2025-10-14,271340332080355,B6010057263,S23027,,2025-10-09 14:56:02+00:00,,El Dorado US-77  US-254,KTA-KTA073SB,nan,-,,KTA,0.24,
2025-10-10,221701465488832,B6010052942,8608,,2025-10-09 09:01:56+00:00,,Pax (Toll Plaza B),B,nan,-,,WVPEDTA,13.0,
2025-10-08,197878078237751,B5010058942,259,,2025-10-07 22:11:12+00:00,,Eastern Terminal,KTA-KTA217WB,nan,-,,KTA,3.45,
2025-10-12,281744430166343,B6010105847,8343,,2025-10-10 16:55:24+00:00,,52 - Meyers Mainline,52,nan,-,,ILTOLL,8.15,
2025-10-16,333863276560285,B6010086519,8653,,2025-10-14 16:36:40+00:00,,Walters,HEB-WALTRSS-10,nan,-,,OTA,2.32,
2025-10-15,234525733229220,B6010105972,8315,,2025-10-14 12:10:52+00:00,,Lower Tarrant - South (SLTRD),PGBW-SLTRD-03,nan,-,,NTTA,1.36,
2025-10-10,635911969222319,B6010066093,S24015,,2025-10-07 20:33:46+00:00,,sr821 nw12th st sb mp27,SR821MP10-007602-60S,nan,-,,FDOT,2.32,
2025-10-08,513511687481866,B5010058944,206,,2025-10-07 22:47:15+00:00,,Cassoday K-177  El Dorado US-77,KTA-KTA087SB,nan,-,,KTA,2.21,
2025-10-14,311583529177101,B5010061410,8531,,2025-10-13 20:25:54+00:00,,Airport Plaza,H13-APORT,nan,-,,HCTRA,4.36,
2025-10-10,134980514710068,B6010039141,8312,,2025-10-08 04:51:38+00:00,,Sam Houston SE Plaza,SHT-SAMSE-04,nan,-,,HCTRA,7.0,
2025-10-10,226705534432322,B6010204230,8516,,2025-10-08 16:15:34+00:00,,h13-mustc-06,H13-MUSTC,nan,-,,HCTRA,6.54,
2025-10-15,209751407926201,B5010065474,S23015,,2025-10-13 21:33:30+00:00,,Exit 255 - U.S. 74 (West),M01,nan,-,,NCTA,0.3,
2025-10-16,981063457680090,B6010075145,8633,,2025-10-14 12:30:50+00:00,,T 291,T291,nan,-,,PTC,27.36,
2025-10-11,274739593713811,B6010086518,8432,,2025-10-08 21:35:35+00:00,,Sam Houston North Plaza,SHT-SAMN-05,nan,-,,HCTRA,7.0,
2025-10-16,570729807328002,B6010039142,7961,,2025-10-14 10:54:56+00:00,,i35ws-us287s-22,I35WS-US287S-,nan,-,,NTTA,16.6,
2025-10-12,273479949433880,B6010167834,8340,,2025-10-09 14:22:48+00:00,,64 - Perrysburg-Toledo,64,nan,-,,OTC,5.75,
2025-10-13,318209973726384,B6010052900,8616,,2025-10-10 10:41:30+00:00,,Cameron Plaza,H13-CAMRO,nan,-,,HCTRA,6.54,
2025-10-11,143500015807690,U057473-TN,2886,,2025-10-07 22:44:26+00:00,,Custer Main Lane Gantry (MLG3),SRT-MLG3-12,nan,-,,NTTA,15.84,
2025-10-11,674729687131555,B5010022289,S22012,,2025-10-08 05:14:46+00:00,,Eastern Terminal,KTA-KTA217WB,nan,-,,KTA,1.2,
2025-10-11,117909852412721,B6010086514,8505,,2025-10-10 09:33:24+00:00,,Hardy South Plaza,HDY-HDYS-04,nan,-,,HCTRA,7.0,
2025-10-13,105079778585644,B6010119884,8406,,2025-10-11 07:42:53+00:00,,h13-mustc-06,H13-MUSTC,nan,-,,HCTRA,6.54,
2025-10-08,121686204585849,B5010022289,S22012,,2025-10-07 21:32:17+00:00,,Lecompton K-10  Topeka I-70  K-4,KTA-KTA191EB,nan,-,,KTA,0.72,
2025-10-10,566767247480659,B5010036855,266,,2025-10-09 01:27:03+00:00,,Wichita US-54  K-15,KTA-KTA047NB,nan,-,,KTA,0.69,
2025-10-15,850415540101379,B6010039125,8346,,2025-10-14 17:22:04+00:00,,Belt Line Road (BELRD),DNT-BELRD-02,nan,-,,NTTA,1.8,
2025-10-17,605631762130135,B6010119909,8334,,2025-10-09 03:37:26+00:00,,h13-mustc-06,H13-MUSTC,nan,-,,HCTRA,6.54,
2025-10-09,553031307968610,B5010022319,8627,,2025-10-08 08:25:56+00:00,,35 - Cermak Mainline (22nd St),35,nan,-,,ILTOLL,8.15,
2025-10-11,288620059174368,B5010058924,S23001,,2025-10-09 21:43:11+00:00,,Aldine Mail Route,HDY-ALDN-30,nan,-,,HCTRA,1.08,
2025-10-15,166352977144130,B6010204228,8507,,2025-10-13 20:25:31+00:00,,John F Kennedy Bridge-RiverLink,DTS,nan,-,,RIVERLIN,13.33,
2025-10-17,242387172075564,B6010065780,9076,,2025-10-14 06:42:50+00:00,,"I820-35WS South Entrance, Exit 57C",I35WS-820-31,nan,-,,NTTA,27.8,
2025-10-12,905161378847820,B6010125735,S24018,,2025-10-10 23:31:37+00:00,,150 - Midway Road,150,nan,-,,FDOT,0.86,
2025-10-19,208625528795966,B5010022297,256,,2025-10-14 08:27:14+00:00,,N. End Gate I 40,JKT-I40SW15-01,nan,-,,OTA,2.04,
2025-10-11,194796654722098,B5010065476,S23032,,2025-10-09 20:52:43+00:00,,Exit 257 - Indian Trail-Fairview Road,M03,nan,-,,NCTA,0.36,
2025-10-10,216719701695506,B6010086526,8655,,2025-10-08 13:24:34+00:00,,SH114-S482 Spur 482,SH114-S482-45,nan,-,,NTTA,2.32,
2025-10-11,194388733668554,B6010219218,8402,,2025-10-10 13:57:13+00:00,,Emporia I-35  Cassoday K-177,KTA-KTA123NB,nan,-,,KTA,4.83,
2025-10-13,321156267332406,B5010061401,8517,,2025-10-12 10:50:08+00:00,,Sam Houston North Plaza,SHT-SAMN-05,nan,-,,HCTRA,7.0,
2025-10-15,249287124637514,B6010075122,8612,,2025-10-14 12:53:54+00:00,,Mainline Plaza: East of I-45,GPW-HRDML,nan,-,,HCTRA,2.2,
2025-10-16,322194929219419,B5010034041,212,,2025-10-14 06:47:23+00:00,,N. End Gate I 40,JKT-I40SW15-01,nan,-,,OTA,7.3,
2025-10-14,555478917282761,B5010058944,206,,2025-10-13 23:34:25+00:00,,Andover 21st  Wichita K-96,KTA-KTA056SB,nan,-,,KTA,0.55,
2025-10-16,177669255874296,B6010204230,8516,,2025-10-14 12:45:29+00:00,,gpw-mokml-50,GPW-MOKML,nan,-,,HCTRA,5.6,
2025-10-12,118901075308363,B6010057268,S23012,,2025-10-10 21:09:43+00:00,,Exit 260 - N. Rocky River Road,M07,nan,-,,NCTA,0.63,
2025-10-09,490906775491653,B5010017818,9115,,2025-10-08 16:42:26+00:00,,99 - Spring Creek Mainline,99,nan,-,,ILTOLL,16.3,
2025-10-10,195524421192190,B6010174711,79,,2025-10-08 23:56:42+00:00,,West Main Plaza (Hyde Park),T56,nan,-,,FDOT,5.6,
2025-10-14,333059577471260,B5010058942,259,,2025-10-13 21:31:45+00:00,,Eastern Terminal,KTA-KTA217WB,nan,-,,KTA,3.45,
2025-10-15,256466556457860,B6010075444,8634,,2025-10-14 14:54:51+00:00,,Wilcrest,KTY-WLCRE-01,nan,-,,HCTRA,7.0,
2025-10-15,260111635220121,B5010036855,266,,2025-10-14 00:58:20+00:00,,Wichita K-96  US-54 Kellogg,KTA-KTA050NB,nan,-,,KTA,0.41,
2025-10-15,139603201807479,B6010119951,8311,,2025-10-14 15:04:31+00:00,,Wichita K-96  US-54 Kellogg,KTA-KTA050NB,nan,-,,KTA,0.41,
2025-10-15,116396843264757,B6010167843,8430,,2025-10-08 14:44:51+00:00,,Vinita-US 60,WR-ML-08,nan,-,,OTA,22.12,
2025-11-06,197865663726312,B6010174786,S20046,,2025-10-11 11:27:26+00:00,,Exit 43,H43,nan,-,,PTC,-29.19,
2025-10-10,232070195021301,B6010219224,8455,,2025-10-09 00:55:03+00:00,,45 - I-80 EB,45,nan,-,,ILTOLL,4.6,
2025-10-09,107310941182584,B6010075145,8633,,2025-10-08 09:31:33+00:00,,Lewis and Clark Bridge,ECS,nan,-,,RIVERLIN,13.33,
2025-10-23,311621094474155,T903447-TN,2601,,2025-10-09 14:59:51+00:00,,Airport Plaza,H13-APORT,nan,-,,HCTRA,9.81,
2025-10-11,338622504829591,B5010061403,8524,,2025-10-08 18:40:56+00:00,,Exit 257 - Indian Trail-Fairview Road,M03,nan,-,,NCTA,1.44,
2025-10-12,253333289777916,B6010057268,S23012,,2025-10-10 21:18:48+00:00,,Exit 270 - Austin Chaney Road,M13,nan,-,,NCTA,0.48,
2025-10-14,140561746530041,B6010039142,7961,,2025-10-13 19:44:08+00:00,,Lawrence : US-59,KTA-KTA202EB,nan,-,,KTA,0.69,
2025-10-14,327736690210734,B6010066112,S24003,,2025-10-13 22:02:25+00:00,,Tonganoxie-Eudora: 222nd St  Lawrence : US-59,KTA-KTA207WB,nan,-,,KTA,0.38,
2025-10-12,123677282646607,B6010107779,8658,,2025-10-11 10:10:16+00:00,,s45-semlp-04,S45-SEMLP-04/05,nan,-,,HCTRA,3.9,
2025-10-10,520259619147205,B5010055206,8501,,2025-10-09 00:36:29+00:00,,Cameron Plaza,H13-CAMRO,nan,-,,HCTRA,6.54,
2025-10-11,296806015982323,B5010058942,259,,2025-10-10 22:04:31+00:00,,East Topeka: I-70,KTA-KTA183WB,nan,-,,KTA,0.28,
2025-11-06,970194185316379,B6010174786,S20046,,2025-10-13 15:22:00+00:00,,Exit 43,H 43,nan,-,,PTC,29.19,
2025-10-11,269843434816558,B6010066068,S24024,,2025-10-09 21:16:38+00:00,,Exit 260 - N. Rocky River Road,M07,nan,-,,NCTA,0.63,
2025-10-11,313402739854076,B6010035659,8546,,2025-10-10 16:33:31+00:00,,gpw-cfml-21,GPW-CFML,nan,-,,HCTRA,6.08,
2025-10-10,205297043362038,B5010058921,420661,,2025-10-08 10:32:10+00:00,,US 75-Glenpool,CRK-75GLPL-02,nan,-,,OTA,0.98,
2025-10-15,619870933369727,B6010219218,8402,,2025-10-14 15:13:23+00:00,,Arkansas Lane (ARKLN),PGBW-ARKLN-02,nan,-,,NTTA,1.84,
2025-10-09,243816920381680,B6010284390,8447,,2025-10-07 21:06:38+00:00,,Ghent (Toll Plaza A),AS,nan,-,,WVPEDTA,13.0,
2025-10-09,243317840247808,B5010022319,8627,,2025-10-07 19:43:55+00:00,,35 - Cermak Mainline (22nd St),35,nan,-,,ILTOLL,8.15,
2025-10-11,768664142107656,B5010061410,8531,,2025-10-10 16:38:43+00:00,,Tonganoxie-Eudora: 222nd St  Lawrence : US-59,KTA-KTA207WB,nan,-,,KTA,1.1,
2025-10-11,705830353429547,B5010055205,8512,,2025-10-09 19:37:56+00:00,,Mainline Plaza: East of I-45,GPW-HRDML,nan,-,,HCTRA,2.2,
2025-10-12,386505413361406,B6010174709,251,,2025-10-10 21:34:08+00:00,,0.4 - Mainline Plaza (Z-Move),4CO,nan,-,,FDOT,1.71,
2025-10-15,144549194371162,B6010075444,8634,,2025-10-10 10:07:05+00:00,,I635-TIBD TI Boulevard TEXpress Entrance,I635-I635W-7,nan,-,,NTTA,17.8,
2025-10-09,292002357149818,B6010057268,S23012,,2025-10-07 21:27:07+00:00,,Exit 266 - Morgan Mill Road,M11,nan,-,,NCTA,0.64,
2025-10-15,198490858674826,B6010057263,S23027,,2025-10-14 17:07:29+00:00,,Topeka K-4  I-470,KTA-KTA179NB,nan,-,,KTA,0.24,
2025-10-15,377804543782976,U1524HY-TN,77,,2025-10-13 21:07:43+00:00,,SR836 East (27th Ave NB),D36,nan,-,,FDOT,0.56,
2025-10-15,235895709998106,B6010065780,9076,,2025-10-13 04:39:52+00:00,,msk-mskml,MSK-MSKML-00,nan,-,,OTA,5.25,
2025-10-15,127579876204661,B6010065787,8330,,2025-10-13 19:29:46+00:00,,Exit 266 - Morgan Mill Road,M12,nan,-,,NCTA,2.56,
2025-10-14,177731271350069,B6010039142,7961,,2025-10-13 19:47:32+00:00,,Wichita K-15  I-135/I-235,KTA-KTA043NB,nan,-,,KTA,0.41,
2025-10-09,321194488592391,B6010057268,S23012,,2025-10-08 08:01:30+00:00,,Exit 255 - U.S. 74 (West),M02,nan,-,,NCTA,0.3,
2025-10-11,190922154239935,B6010107803,8660,,2025-10-10 16:58:31+00:00,,Lawrence : US-59,KTA-KTA202EB,nan,-,,KTA,0.28,
2025-10-13,125261656703435,B6010119922,8348,,2025-10-12 11:19:53+00:00,,Wichita US-54  K-15,KTA-KTA047NB,nan,-,,KTA,0.69,
2025-10-10,202658664171789,B6010057263,S23027,,2025-10-09 15:32:05+00:00,,Lawrence : US-59,KTA-KTA202EB,nan,-,,KTA,0.24,
2025-10-13,192549028242756,B6010119951,8311,,2025-10-10 12:58:58+00:00,,JFK : John F. Kennedy Memorial Highway,JFK,nan,-,,MdTA,48.0,
2025-10-14,276397748857140,B5010022290,S22013,,2025-10-09 17:32:16+00:00,,Eastern Terminal,KTA-KTA217WB,nan,-,,KTA,1.2,
2025-10-11,166209232182786,B6010167837,8445,,2025-10-09 17:25:55+00:00,,130-dkcrp-06 307,H13-DECKC,nan,-,,HCTRA,6.54,
2025-10-10,104762062501448,1662894601106,216,,2025-10-08 11:52:43+00:00,,Sam Houston North Plaza,SHT-SAMN-10,nan,-,,HCTRA,7.0,
2025-10-12,297000522787823,B5010058921,420661,,2025-10-10 07:54:44+00:00,,US 75-Glenpool,CRK-75GLPL-02,nan,-,,OTA,0.98,
2025-10-18,294883473704169,B6010039389,8111,,2025-10-13 15:50:57+00:00,,Pioneer Parkway (PIOPY),PGBW-PIOPY-02,nan,-,,NTTA,3.32,
2025-10-14,179068395807995,B5010036855,266,,2025-10-13 23:36:43+00:00,,El Dorado US-77  US-254,KTA-KTA073SB,nan,-,,KTA,0.69,
2025-10-16,481179543624979,B6010066073,S24028,,2025-10-14 09:46:40+00:00,,jkt-hfnrpk,JKT-HFNRPK-04,nan,-,,OTA,0.42,
2025-10-13,525179646205916,C903HR-TN,S24018,,2025-10-09 11:19:50+00:00,,SR836 West (at 97th Ave),D75,nan,-,,FDOT,0.66,
2025-10-10,309516155747061,B5010028619,8527,,2025-10-08 08:36:27+00:00,,130-dkcrp-06 307,H13-DECKC,nan,-,,HCTRA,6.54,
2025-10-13,333999360496858,B6010119922,8348,,2025-10-12 11:16:02+00:00,,Wichita K-15  I-135/I-235,KTA-KTA043NB,nan,-,,KTA,0.41,
2025-10-14,261897955754636,B6010167861,8411,,2025-10-13 12:45:46+00:00,,Mainlane Plaza North of SH 146,GPW-146ML,nan,-,,HCTRA,14.24,
2025-10-23,624130315863626,B6010174786,S20046,,2025-10-10 11:00:50+00:00,,14 - I-78/Newark Airport,14,nan,-,,NJTP,7.72,
2025-10-10,306790374743505,B6010065788,8115,,2025-10-09 16:35:35+00:00,,Mulvane K-53  US-160,KTA-KTA021SB,nan,-,,KTA,1.93,
2025-10-17,121912389005242,B6010057279,S24005,,2025-10-09 06:08:43+00:00,,heb-nwclml,HEB-NWCLML-13,nan,-,,OTA,1.79,
2025-10-13,195490801490192,B6010167874,8444,,2025-10-11 09:00:13+00:00,,13c-blusb-01,13C-BLUSB,nan,-,,HCTRA,27.81,
2025-10-12,134495624994219,B6010065788,8115,,2025-10-11 13:29:51+00:00,,Tonganoxie-Eudora: 222nd St  Lawrence : US-59,KTA-KTA207WB,nan,-,,KTA,1.1,
2025-10-17,858332622465013,B5010022290,S22013,,2025-10-13 13:46:52+00:00,,Wichita I-135/I-235  Haysville-Derby,KTA-KTA040SB,nan,-,,KTA,0.14,
2025-10-15,277693832848601,B6010034061,8409,,2025-10-13 15:27:17+00:00,,Hammerly Blvd / Kempwood,SHT-HMRLY-58,nan,-,,HCTRA,4.0,
2025-10-15,167142850335672,B6010075444,8634,,2025-10-14 14:59:17+00:00,,Wirt,KTY-WIRTE-01,nan,-,,HCTRA,7.0,
2025-10-10,100477565758186,B6010039121,8435,,2025-10-08 12:47:08+00:00,,Cameron Plaza,H13-CAMRO,nan,-,,HCTRA,6.54,
2025-10-12,256546099728527,B5010055206,8501,,2025-10-08 01:29:56+00:00,,I635-PRERD Preston Road Entrance,I635-PRERD-10,nan,-,,NTTA,7.8,
2025-10-13,250804753401545,B6010034700,8544,,2025-10-10 17:10:25+00:00,,13c-blusb-01,13C-BLUNB,nan,-,,HCTRA,27.81,
2025-10-08,295050053404551,B5010058942,259,,2025-10-07 22:25:15+00:00,,Lawrence : US-59,KTA-KTA202EB,nan,-,,KTA,0.28,
2025-10-09,308414896024964,B5010036855,266,,2025-10-08 01:37:58+00:00,,Andover 21st  Wichita K-96,KTA-KTA056SB,nan,-,,KTA,0.55,
2025-10-16,211726439284418,B6010039142,7961,,2025-10-14 10:51:32+00:00,,I35W-Keller Hicks Entrance,I35W-KELLERHICKS-18,nan,-,,NTTA,18.0,
2025-10-11,200687567277576,B6010125734,S24016,,2025-10-10 11:39:01+00:00,,0.4 - Mainline Plaza (Z-Move),4CO,nan,-,,FDOT,0.57,
2025-10-12,191294422828293,B5010022294,224320,,2025-10-10 20:39:32+00:00,,jkt-us77,JKT-US77-11,nan,-,,OTA,0.66,
2025-10-11,202772406683678,B5010058928,S23000,,2025-10-10 05:48:46+00:00,,249b-fm1774-45,249-174ML-45/46/47,nan,-,,HCTRA,2.6,
2025-10-14,276786587934454,B6010075118,8620,,2025-10-13 14:40:55+00:00,,Abraham Lincoln Bridge,DTN,nan,-,,RIVERLIN,13.33,
2025-10-10,315092007576157,B5010017613,8526,,2025-10-08 17:54:13+00:00,,Airport Plaza,H13-APORT,nan,-,,HCTRA,4.36,
2025-10-13,230530486292049,B6010119922,8348,,2025-10-12 11:28:39+00:00,,Andover 21st  Wichita K-96,KTA-KTA056SB,nan,-,,KTA,0.55,
2025-10-10,150144383440040,B6010057268,S23012,,2025-10-09 08:09:47+00:00,,Exit 260 - N. Rocky River Road,M08,nan,-,,NCTA,0.63,
2025-10-20,198909306714010,U057481-TN,2894,,2025-10-09 17:57:19+00:00,,gpw-cmbml-21,GPW-CMBML,nan,-,,HCTRA,10.28,
2025-10-13,103547452046863,B6010107803,8660,,2025-10-11 18:38:53+00:00,,130-skysp-02 4104,13C-SKYSB,nan,-,,HCTRA,12.73,
2025-10-16,704465401683700,B6010075145,8633,,2025-10-14 13:15:46+00:00,,T 341,T341,nan,-,,PTC,5.48,
2025-10-09,255292859757193,B6010107782,8320,,2025-10-08 14:38:17+00:00,,gpw-spnml-51,GPW-SPNML,nan,-,,HCTRA,10.04,
2025-10-09,297817276733879,B5010036855,266,,2025-10-08 01:26:15+00:00,,Wichita K-15  I-135/I-235,KTA-KTA043NB,nan,-,,KTA,0.41,
2025-10-10,184430737409484,B5010022294,224320,,2025-10-08 05:34:07+00:00,,Bristow-SH 66,TRN-BRSTW,nan,-,,OTA,3.36,
2025-10-09,226354291266256,B5010058942,259,,2025-10-08 22:28:56+00:00,,Lawrence US-59S  Lecompton K-10,KTA-KTA201WB,nan,-,,KTA,0.69,
2025-10-12,128715470488886,B6010205359,8529,,2025-10-10 12:10:52+00:00,,Hardy North Plaza,HDY-HDYN-09,nan,-,,HCTRA,7.0,
2025-10-12,228345243226726,B6010174780,S17033,,2025-10-09 21:40:41+00:00,,Sam Houston North Plaza,SHT-SAMN-10,nan,-,,HCTRA,1.35,
2025-10-12,472043790855297,B5010017613,8526,,2025-10-09 12:45:22+00:00,,Airport Plaza,H13-APORT,nan,-,,HCTRA,6.54,
2025-10-15,913806474908729,B5010061410,8531,,2025-10-13 20:32:29+00:00,,130-dkcrp-06 307,H13-DECKC,nan,-,,HCTRA,6.54,
2025-10-09,511959960882141,B6010035637,8349,,2025-10-07 20:55:45+00:00,,Cameron Plaza,H13-CAMRO,nan,-,,HCTRA,6.54,
2025-10-09,232932619251279,B6010039104,8332,,2025-10-08 14:00:00+00:00,,El Dorado US-77  US-254,KTA-KTA073SB,nan,-,,KTA,0.69,
2025-10-11,667558264060880,B6010075124,8625,,2025-10-10 04:37:32+00:00,,Pax (Toll Plaza B),B,nan,-,,WVPEDTA,13.0,
2025-10-11,151278245136254,B6010172695,274,,2025-10-09 22:59:41+00:00,,0.4 - Mainline Plaza (Z-Move),4CO,nan,-,,FDOT,2.28,
2025-10-12,285621595870945,B6010034703,8532,,2025-10-10 13:25:05+00:00,,Cameron Plaza,H13-CAMRO,nan,-,,HCTRA,6.54,
2025-10-12,318158825194390,B5010058921,420661,,2025-10-10 06:50:40+00:00,,I 40-Henryetta,IN-EFLML-05,nan,-,,OTA,2.53,
2025-10-12,303342007808413,B6010174780,S17033,,2025-10-10 21:52:35+00:00,,Sam Houston North Plaza,SHT-SAMN-09,nan,-,,HCTRA,1.35,
2025-10-12,248571985622819,B6010086526,8655,,2025-10-09 11:51:15+00:00,,Cullen Blvd (FM 865),SHT-CULLN-30,nan,-,,HCTRA,4.0,
2025-10-11,208739192448421,B5010061410,8531,,2025-10-10 18:47:21+00:00,,El Dorado US-77  Andover 21st,KTA-KTA061SB,nan,-,,KTA,1.93,
2025-10-19,223149068760553,B6010066093,S24015,,2025-10-13 19:13:09+00:00,,SR874 South (at SR826),S60,nan,-,,MDX,0.47,
2025-10-15,261377258606384,B6010167867,8333,,2025-10-13 16:35:25+00:00,,Ghent (Toll Plaza A),AN,nan,-,,WVPEDTA,13.0,
2025-10-16,139427438089101,B5010022318,255,,2025-10-14 03:27:49+00:00,,US 75-Glenpool,CRK-75GLPL-02,nan,-,,OTA,1.81,
2025-10-13,635018488333458,B6010119859,8338,,2025-10-10 08:29:53+00:00,,DFW-I35E-GRBLV Garden Ridge Blvd,I35E-GRBLV-86,nan,-,,NTTA,3.64,
2025-10-10,298762162993739,B5010022294,224320,,2025-10-08 21:06:27+00:00,,jkt-us77,JKT-US77-11,nan,-,,OTA,0.66,
2025-10-11,143803509597377,B6010057263,S23027,,2025-10-10 17:11:37+00:00,,Tonganoxie-Eudora: 222nd St  Lawrence : US-59,KTA-KTA207WB,nan,-,,KTA,0.38,
2025-10-11,270593416566561,B6010219260,8322,,2025-10-09 13:44:51+00:00,,130-dkcrp-06 307,H13-DECKC,nan,-,,HCTRA,6.54,
2025-10-10,180052106601800,B6010107803,8660,,2025-10-09 14:49:44+00:00,,Eastern Terminal,KTA-KTA217WB,nan,-,,KTA,3.45,
2025-10-09,198723905911050,B6010125734,S24016,,2025-10-08 15:17:55+00:00,,100 - West Toll Plaza,AAW,nan,-,,FDOT,3.18,
2025-10-09,853552843203582,B5010022294,224320,,2025-10-07 21:56:30+00:00,,jkt-us77,JKT-US77-11,nan,-,,OTA,0.66,
2025-10-11,515754229910805,B6010205367,8427,,2025-10-09 08:27:49+00:00,,Prairie Creek Mainline,NE49-PCMS-01,nan,-,,CTRMA,2.52,
2025-10-15,288889574277633,B6010075118,8620,,2025-10-14 09:46:12+00:00,,37 - I-55 (Stevenson Expressway),37,nan,-,,ILTOLL,3.05,
2025-10-14,126734355981119,B5010022290,S22013,,2025-10-09 17:19:53+00:00,,Lawrence : US-59,KTA-KTA202EB,nan,-,,KTA,0.1,
2025-10-13,445178938033032,B5010022314,224319,,2025-10-09 08:10:20+00:00,,heb-nwclml,HEB-NWCLML-13,nan,-,,OTA,1.79,
2025-10-11,716501533367089,B6010174780,S17033,,2025-10-08 22:11:52+00:00,,Sam Houston Central Plaza,SHT-SAMC-07,nan,-,,HCTRA,1.35,
2025-10-14,982060530396971,B5010022290,S22013,,2025-10-09 13:18:05+00:00,,Southern Terminal: Border  US-160,KTA-KTA017SB,nan,-,,KTA,0.91,
2025-10-10,128657058667006,B5010036855,266,,2025-10-09 23:50:43+00:00,,Wichita US-54  K-15,KTA-KTA047NB,nan,-,,KTA,0.69,
2025-10-13,222256822489552,B6010065769,8407,,2025-10-12 18:11:30+00:00,,h13-mustc-06,H13-MUSTC,nan,-,,HCTRA,6.54,
2025-10-15,312699452543000,B6010119951,8311,,2025-10-14 15:10:46+00:00,,Wichita K-15  I-135/I-235,KTA-KTA043NB,nan,-,,KTA,0.41,
2025-10-09,562353678934322,B5010022319,8627,,2025-10-08 14:50:25+00:00,,89 - Boughton Mainline,89,nan,-,,ILTOLL,8.15,
2025-10-15,325660180605008,B6010174780,S17033,,2025-10-14 07:27:47+00:00,,Sam Houston Central Plaza,SHT-SAMC-11,nan,-,,HCTRA,1.35,
2025-10-16,821043526741280,B6010065783,8415,,2025-10-13 08:55:35+00:00,,130-skysp-02 4104,13C-SKYSB,nan,-,,HCTRA,12.73,
2025-10-11,142619753510966,B5010022290,S22013,,2025-10-08 15:22:43+00:00,,Mulvane K-53  US-160,KTA-KTA021SB,nan,-,,KTA,0.67,
2025-10-13,120107326906512,B6010119884,8406,,2025-10-11 06:54:29+00:00,,13c-blusb-01,13C-BLUNB,nan,-,,HCTRA,27.81,
2025-10-16,121448378656169,B6010035600,8555,,2025-10-14 13:57:17+00:00,,T 353,T353,nan,-,,PTC,5.76,
2025-10-13,226825062857663,B6010039119,8421,,2025-10-11 18:38:17+00:00,,13c-blusb-01,13C-BLUSB,nan,-,,HCTRA,27.81,
2025-10-13,142408142319840,B6010205436,1247,,2025-10-12 15:14:35+00:00,,Cameron Plaza,H13-CAMRO,nan,-,,HCTRA,6.54,
2025-10-10,168916506458474,B6010066068,S24024,,2025-10-08 21:13:53+00:00,,Exit 259 - Unionville-Indian Trail Road,M05,nan,-,,NCTA,0.22,
2025-10-11,203075045828532,B6010057263,S23027,,2025-10-08 14:06:45+00:00,,Wichita I-135/I-235  Haysville-Derby,KTA-KTA040SB,nan,-,,KTA,0.14,
2025-10-15,130174321944609,B6010174711,79,,2025-10-14 00:13:08+00:00,,22nd Street,T60,nan,-,,FDOT,2.92,
2025-10-11,220116540833240,B5010022294,224320,,2025-10-09 21:57:49+00:00,,Oklahoma City,TRN-OKCWGT-03,nan,-,,OTA,1.98,
2025-10-14,209160281286264,B6010039142,7961,,2025-10-13 19:10:59+00:00,,Cassoday K-177  El Dorado US-77,KTA-KTA087SB,nan,-,,KTA,2.21,
2025-10-21,289986191640732,B5010017613,8526,,2025-10-13 12:08:17+00:00,,Airport Plaza,H13-APORT,nan,-,,HCTRA,6.54,
2025-10-15,289640868789928,B5010055206,8501,,2025-10-14 06:38:58+00:00,,Sam Houston North Plaza,SHT-SAMN-08,nan,-,,HCTRA,7.0,
2025-10-11,102288005992379,B6010039142,7961,,2025-10-09 14:17:08+00:00,,130-skysp-02 4104,13C-SKYSB,nan,-,,HCTRA,12.73,
2025-10-13,112888141308593,B6010119922,8348,,2025-10-11 08:17:44+00:00,,130-dkcrp-06 307,H13-DECKC,nan,-,,HCTRA,6.54,
2025-10-10,113042616524086,B5010017613,8526,,2025-10-08 18:10:25+00:00,,Cameron Plaza,H13-CAMRO,nan,-,,HCTRA,6.54,
2025-10-10,298605119154040,B6010035637,8349,,2025-10-08 23:56:16+00:00,,gpw-spnml-51,GPW-SPNML,nan,-,,HCTRA,10.04,
2025-10-12,331786686098189,B6010205371,8401,,2025-10-11 13:20:09+00:00,,Cameron Plaza,H13-CAMRO,nan,-,,HCTRA,6.54,
2025-10-09,781692469727476,B6010205436,1247,,2025-10-08 07:46:18+00:00,,h13-mustc-06,H13-MUSTC,nan,-,,HCTRA,2.18,
2025-10-09,176192385267182,B5010022319,8627,,2025-10-08 12:42:33+00:00,,328 - Mitchell Boulevard Mainline,328,nan,-,,ILTOLL,2.5,
2025-10-11,115862193268880,B6010204247,8436,,2025-10-10 06:16:40+00:00,,Marshall Drive (MARDR),PGBW-MARDR-02,nan,-,,NTTA,2.6,
2025-10-12,113537900210374,B6010105909,8413,,2025-10-10 09:00:10+00:00,,A 99,A99,nan,-,,PTC,7.16,
2025-10-10,310801328025709,U511827-TN,15003,,2025-10-09 03:39:05+00:00,,Merritt Main Lane Gantry (MLG5),PGBT-MLG5-03,nan,-,,NTTA,16.73,
2025-10-11,101056629395174,B5010022290,S22013,,2025-10-10 12:37:30+00:00,,Lecompton K-10  Topeka I-70  K-4,KTA-KTA191EB,nan,-,,KTA,0.72,
2025-10-09,573426781263737,B5010017609,8441,,2025-10-08 13:13:57+00:00,,gpw-rfzml-16,GPW-RFZML,nan,-,,HCTRA,3.28,
2025-10-13,223349609371166,B6010057271,S23022,,2025-10-11 06:54:17+00:00,,I-35,JKT-I35-04,nan,-,,OTA,0.66,
2025-10-14,204319074866428,B5010050873,1027,,2025-10-11 00:06:08+00:00,,h13-mustc-06,H13-MUSTC,nan,-,,HCTRA,6.54,
2025-10-11,267166136892343,B6010057263,S23027,,2025-10-10 14:15:12+00:00,,Wichita K-96  US-54 Kellogg,KTA-KTA050NB,nan,-,,KTA,0.14,
2025-10-12,219425839297427,B5010058924,S23001,,2025-10-10 21:35:39+00:00,,Aldine Mail Route,HDY-ALDN-30,nan,-,,HCTRA,1.08,
2025-10-12,921508866227782,B6010107803,8660,,2025-10-11 08:14:38+00:00,,Haysville-Derby 71st  Mulvane K-53,KTA-KTA036SB,nan,-,,KTA,0.83,
2025-11-13,202455482290121,V5307HY-TN,265,,2025-10-13 18:45:16+00:00,,249a-fm1488-20,249-148ML-20/21/22,nan,-,,HCTRA,11.96,
2025-10-15,108108107350735,B6010107768,8509,,2025-10-13 09:52:37+00:00,,130-skynp-01 4103,13C-SKYNB,nan,-,,HCTRA,12.73,
2025-10-08,208917024391068,B6010035670,8547,,2025-10-07 22:32:09+00:00,,Lawrence : US-59,KTA-KTA202EB,nan,-,,KTA,0.28,
2025-10-15,307929807635340,B6010167872,8310,,2025-10-13 18:35:28+00:00,,130-dkcrp-06 307,H13-DECKC,nan,-,,HCTRA,6.54,
2025-10-11,147880667043814,B6010057268,S23012,,2025-10-10 07:53:44+00:00,,Exit 257 - Indian Trail-Fairview Road,M04,nan,-,,NCTA,0.36,
2025-10-11,315482196774015,B5010063670,8184,,2025-10-10 08:59:12+00:00,,41 - 163rd St Mainline,41,nan,-,,ILTOLL,8.15,
2025-10-11,527916510316983,B6010107784,8661,,2025-10-10 11:40:52+00:00,,36 - 82nd Street Mainline,36,nan,-,,ILTOLL,8.15,
2025-10-15,314256894177330,C854HR-TN,S24015,,2025-10-10 04:07:07+00:00,,20 - Deerfield Plaza,S20,nan,-,,FDOT,0.23,
2025-10-11,154595137167277,410462470,S20034,,2025-10-09 22:39:55+00:00,,88 - Lantana,004200,nan,-,,FDOT,0.6,
2025-10-09,271122825915267,B5010017609,8441,,2025-10-08 13:15:08+00:00,,Mainline Plaza: East of I-45,GPW-HRDML,nan,-,,HCTRA,2.2,
2025-10-11,326138174599965,B5010022290,S22013,,2025-10-08 12:05:12+00:00,,Lawrence : US-59,KTA-KTA202EB,nan,-,,KTA,0.1,
2025-10-12,137204136194292,B6010057267,S23029,,2025-10-10 07:58:25+00:00,,I-35,JKT-I35-04,nan,-,,OTA,0.66,
2025-10-14,261900903459159,U227027-TN,13564,,2025-10-08 15:01:58+00:00,,gpw-rfzml-16,GPW-RFZML,nan,-,,HCTRA,4.92,
2025-10-15,247145030608381,B5010022290,S22013,,2025-10-10 12:44:29+00:00,,Topeka K-4  I-470,KTA-KTA179NB,nan,-,,KTA,0.24,
2025-10-09,237133584529076,B6010035670,8547,,2025-10-08 11:20:30+00:00,,Lawrence : US-59,KTA-KTA202EB,nan,-,,KTA,0.69,
2025-10-09,774291813733976,B5010017818,9115,,2025-10-08 10:24:25+00:00,,99 - Spring Creek Mainline,99,nan,-,,ILTOLL,16.3,
2025-10-09,258860739411923,B5010022290,S22013,,2025-10-08 15:06:55+00:00,,Wichita I-135/I-235  Haysville-Derby,KTA-KTA040SB,nan,-,,KTA,0.14,
2025-10-11,179666821498586,B5010055205,8512,,2025-10-09 20:07:28+00:00,,gpw-spnml-51,GPW-SPNML,nan,-,,HCTRA,10.04,
2025-10-14,263890346911771,B6010035599,8543,,2025-10-10 08:10:57+00:00,,I635-I635W TEXpress at US 75,I635-I35E-1A,nan,-,,NTTA,16.2,
2025-10-09,235425000315133,B6010284390,8447,,2025-10-07 20:36:12+00:00,,Pax (Toll Plaza B),B,nan,-,,WVPEDTA,13.0,
2025-10-12,292189657559996,B6010108554,S24035,,2025-10-10 00:54:58+00:00,,Washington-Dulles Access and Toll Road MLP,077,nan,-,,VDOT,4.0,
2025-10-14,160726766633076,B6010125735,S24018,,2025-10-10 09:34:38+00:00,,SR874 North (at SR826),S40,nan,-,,MDX,0.47,
2025-10-09,292556471510140,B6010057268,S23012,,2025-10-07 21:22:03+00:00,,Exit 260 - N. Rocky River Road,M07,nan,-,,NCTA,0.63,
2025-10-09,340262556427831,B6010057268,S23012,,2025-10-08 07:46:37+00:00,,Exit 270 - Austin Chaney Road,M14,nan,-,,NCTA,0.48,
2025-10-11,263861155481510,B6010075205,8644,,2025-10-10 15:31:52+00:00,,Belt Line Main Lane Gantry (MLP10),PGBT-MLP10-14,nan,-,,NTTA,2.96,
2025-10-15,194287374976530,B6010086514,8505,,2025-10-14 10:45:20+00:00,,Sam Houston Central Plaza,SHT-SAMC-12,nan,-,,HCTRA,3.5,
2025-10-10,142563944578383,B6010107782,8320,,2025-10-08 15:22:00+00:00,,gpw-vrml-51,GPW-VRML,nan,-,,HCTRA,8.8,
2025-10-09,586056621170170,B6010057263,S23027,,2025-10-08 15:04:26+00:00,,Cassoday K-177  El Dorado US-77,KTA-KTA087SB,nan,-,,KTA,0.77,
2025-10-12,185766443557642,B6010039104,8332,,2025-10-10 15:17:24+00:00,,Sam Houston Ship Channel Bridge,SHT-SHIP-51,nan,-,,HCTRA,8.0,
2025-10-10,764379899143907,B6010107803,8660,,2025-10-08 15:38:03+00:00,,Cameron Plaza,H13-CAMRO,nan,-,,HCTRA,6.54,
2025-10-15,286241348717414,B6010086520,8642,,2025-10-13 18:06:40+00:00,,Sam Houston Ship Channel Bridge,SHT-SHIP-51,nan,-,,HCTRA,8.0,
2025-10-11,219132859163054,B6010039142,7961,,2025-10-09 10:58:59+00:00,,"I820-35WS South Entrance, Exit 57C",I35WS-820-31,nan,-,,NTTA,22.4,
2025-10-13,327547145831785,B5010055206,8501,,2025-10-10 10:24:41+00:00,,Sam Houston East Plaza,SHT-SAME-05,nan,-,,HCTRA,7.0,
2025-10-11,202426537567813,B6010039104,8332,,2025-10-09 06:30:51+00:00,,i35ws-us287s-22,I35WS-US287S-,nan,-,,NTTA,18.0,
2025-10-11,107956503517964,B5010017609,8441,,2025-10-10 13:24:13+00:00,,gpw-obml-50,GPW-OBML,nan,-,,HCTRA,4.8,
2025-10-12,129894803604120,B6010174780,S17033,,2025-10-10 22:02:35+00:00,,Sam Houston Central Plaza,SHT-SAMC-08,nan,-,,HCTRA,1.35,
2025-10-13,133390931368417,B6010107803,8660,,2025-10-11 18:51:21+00:00,,13c-blusb-01,13C-BLUSB,nan,-,,HCTRA,27.81,
2025-10-15,175526413549546,B6010204230,8516,,2025-10-14 12:25:43+00:00,,gpw-nwml-90,GPW-NWML,nan,-,,HCTRA,5.2,
2025-10-15,182994057147507,B5010058942,259,,2025-10-14 05:16:46+00:00,,Eastern Terminal,KTA-KTA217WB,nan,-,,KTA,3.45,
2025-10-14,904738910053840,B5010036855,266,,2025-10-13 23:51:41+00:00,,Andover 21st  Wichita K-96,KTA-KTA056SB,nan,-,,KTA,0.55,
2025-10-09,198506505077363,1662691201105,223,,2025-10-08 03:51:44+00:00,,East Plaza,1853,nan,-,,SCNT,7.6,
2025-10-17,237003829912056,B6010065780,9076,,2025-10-13 14:49:07+00:00,,heb-nwclml,HEB-NWCLML-10,nan,-,,OTA,4.65,
2025-10-10,182091175402600,B5010036855,266,,2025-10-09 00:14:19+00:00,,El Dorado US-77  Andover 21st,KTA-KTA061SB,nan,-,,KTA,1.93,
2025-10-11,263315864535527,B6010086458,8643,,2025-10-09 16:51:20+00:00,,138 - Becker Road,004131,nan,-,,FDOT,1.1,
2025-10-10,307621216259084,B6010075444,8634,,2025-10-09 12:16:07+00:00,,Sam Houston South Plaza,SHT-SAMS-10,nan,-,,HCTRA,7.0,
2025-10-10,912232633085353,B6010108541,S24030,,2025-10-07 22:06:50+00:00,,"WPL : William Preston Lane, Jr. Memorial Bridge (Bay Bridge)",WPL,nan,-,,MdTA,4.0,
2025-10-11,107584366446058,B6010057263,S23027,,2025-10-08 14:16:25+00:00,,Wichita K-96  US-54 Kellogg,KTA-KTA050NB,nan,-,,KTA,0.14,
2025-10-11,291367754014684,B5010058944,206,,2025-10-10 00:07:44+00:00,,Cassoday K-177  El Dorado US-77,KTA-KTA087SB,nan,-,,KTA,2.21,
2025-10-09,101703644719746,B6010065767,9026,,2025-10-07 19:51:45+00:00,,gpw-obml-50,GPW-OBML,nan,-,,HCTRA,4.8,
2025-10-10,623405482354193,B5010061406,8525,,2025-10-08 18:19:35+00:00,,43 - I-80 WB,43,nan,-,,ILTOLL,6.1,
2025-10-15,173635347794549,B6010125735,S24018,,2025-10-13 23:08:53+00:00,,133 - Stuart,004140,nan,-,,FDOT,1.47,
2025-10-18,394014589396908,B6010035722,8551,,2025-10-14 14:37:28+00:00,,s45-semlp-04,S45-SEMLP-04/05,nan,-,,HCTRA,3.9,
2025-10-11,290207849693586,B6010057268,S23012,,2025-10-09 21:19:38+00:00,,Exit 270 - Austin Chaney Road,M13,nan,-,,NCTA,0.48,
2025-10-10,146819881563361,B6010057263,S23027,,2025-10-09 15:19:56+00:00,,El Dorado US-77  Andover 21st,KTA-KTA061SB,nan,-,,KTA,0.67,
2025-10-11,203226190746266,B6010035659,8546,,2025-10-09 17:04:29+00:00,,Arkansas Mainlane Gantry (MLG12),PGBW-MLG12-04,nan,-,,NTTA,5.4,
2025-10-11,286270463527494,B6010086458,8643,,2025-10-09 18:14:10+00:00,,98 - Belvedere,098,nan,-,,FDOT,0.7,
2025-10-11,186585180812264,B6010174721,77,,2025-10-10 03:37:53+00:00,,0X - Golden Glades Plaza,006300,nan,-,,FDOT,4.64,
2025-10-14,168486184668832,B6010039389,8111,,2025-10-13 16:19:24+00:00,,Dalworth Street (DALST),PGBW-DALST-03,nan,-,,NTTA,1.36,
2025-10-10,210386357028631,B5010063670,8184,,2025-10-09 12:17:06+00:00,,Lewis and Clark Bridge,ECN,nan,-,,RIVERLIN,13.33,
2025-10-12,264924695812959,B6010052900,8616,,2025-10-10 10:51:01+00:00,,130-dkcrp-06 307,H13-DECKC,nan,-,,HCTRA,6.54,
2025-10-15,174957555779632,B5010022290,S22013,,2025-10-10 12:23:52+00:00,,Lawrence : US-59,KTA-KTA202EB,nan,-,,KTA,0.1,
2025-10-14,188974940725930,B5010022290,S22013,,2025-10-10 05:24:56+00:00,,Tonganoxie-Eudora: 222nd St  Lawrence : US-59,KTA-KTA207WB,nan,-,,KTA,0.38,
2025-10-13,300304370829038,B6010219249,8309,,2025-10-11 16:39:21+00:00,,s45-semlp-04,S45-SEMLP-04/05,nan,-,,HCTRA,3.9,
2025-10-09,263576823843309,B6010057268,S23012,,2025-10-08 07:55:37+00:00,,Exit 260 - N. Rocky River Road,M08,nan,-,,NCTA,0.63,
2025-10-09,112717302427549,1662893701108,207,,2025-10-08 19:43:05+00:00,,Sam Houston NE Mainlane,SHT-SAMNE-09,nan,-,,HCTRA,7.0,
2025-10-09,191182537761913,B5010065474,S23015,,2025-10-07 21:56:48+00:00,,Exit 270 - Austin Chaney Road,M13,nan,-,,NCTA,0.48,
2025-10-09,403614328327091,B5010036855,266,,2025-10-08 01:32:29+00:00,,Wichita K-96  US-54 Kellogg,KTA-KTA050NB,nan,-,,KTA,0.41,
2025-10-15,336593850438683,B5010022290,S22013,,2025-10-10 15:12:14+00:00,,Lawrence : US-59,KTA-KTA202EB,nan,-,,KTA,0.24,
2025-10-11,205920592749258,B6010219218,8402,,2025-10-10 11:47:41+00:00,,Wichita I-135/I-235  Haysville-Derby,KTA-KTA040SB,nan,-,,KTA,0.41,
2025-10-08,256409633775155,B6010066112,S24003,,2025-10-07 21:57:05+00:00,,Tonganoxie-Eudora: 222nd St  Lawrence : US-59,KTA-KTA207WB,nan,-,,KTA,0.38,
2025-10-23,461685905367079,B6010174786,S20046,,2025-10-08 18:32:28+00:00,,15E - Newark/Jersey City,15E,nan,-,,NJTP,60.68,
2025-10-12,337767414204182,B5010058928,S23000,,2025-10-09 06:33:15+00:00,,Decker Prairie Mainlane - EZ TAG Only,MCT-DECKR-09,nan,-,,HCTRA,1.54,
2025-11-13,889287120493401,V5307HY-TN,265,,2025-10-13 18:37:17+00:00,,249b-fm1774-45,249-174ML-45/46/47,nan,-,,HCTRA,15.6,
2025-10-13,252935890791328,B6010105982,8120,,2025-10-12 08:49:44+00:00,,h13-mustc-06,H13-MUSTC,nan,-,,HCTRA,6.54,
2025-10-16,329487639411003,B6010075122,8612,,2025-10-14 12:45:44+00:00,,gpw-cfml-21,GPW-CFML,nan,-,,HCTRA,4.56,
2025-10-15,566069601816909,B5010036855,266,,2025-10-14 00:03:23+00:00,,Wichita K-15  I-135/I-235,KTA-KTA043NB,nan,-,,KTA,0.41,
2025-10-10,323314717248783,B5010058928,S23000,,2025-10-08 22:04:20+00:00,,Sam Houston North Plaza,SHT-SAMN-09,nan,-,,HCTRA,1.35,
2025-10-13,180033025447592,B6010119884,8406,,2025-10-09 04:30:17+00:00,,Wirt,KTY-WIRTW-01,nan,-,,HCTRA,7.0,
2025-10-14,236299721538445,B6010204228,8507,,2025-10-13 13:12:08+00:00,,42 - I-57/147th St (Illinois 83),42,nan,-,,ILTOLL,8.15,
2025-10-09,908346193145276,B5010065474,S23015,,2025-10-07 21:50:31+00:00,,Exit 264 - U.S. 601,M09,nan,-,,NCTA,0.29,
2025-10-12,331923622679170,B6010057268,S23012,,2025-10-11 07:50:30+00:00,,Exit 270 - Austin Chaney Road,M14,nan,-,,NCTA,0.48,
2025-10-10,121675128699199,B6010057263,S23027,,2025-10-09 13:05:36+00:00,,Topeka K-4  I-470,KTA-KTA179NB,nan,-,,KTA,0.24,
2025-10-10,301284670696114,B5010055206,8501,,2025-10-09 00:26:38+00:00,,h13-mustc-06,H13-MUSTC,nan,-,,HCTRA,6.54,
2025-11-09,324733365566096,V5307HY-TN,265,,2025-10-10 06:19:48+00:00,,sht-sh249-31,249-149N,nan,-,,HCTRA,3.68,
2025-10-13,209256340248661,B5010022314,224319,,2025-10-08 09:11:51+00:00,,N. End Gate I 40,JKT-I40SW15-01,nan,-,,OTA,2.04,
2025-10-11,204338269291169,B6010087000,8651,,2025-10-10 05:27:38+00:00,,John F Kennedy Bridge-RiverLink,DTS,nan,-,,RIVERLIN,13.33,
2025-10-09,210709078842290,B5010022289,S22012,,2025-10-08 04:30:52+00:00,,Topeka K-4  I-470,KTA-KTA179NB,nan,-,,KTA,0.24,
2025-11-06,473683885896783,B6010174786,S20046,,2025-10-11 11:27:26+00:00,,Exit 43,H 43,nan,-,,PTC,29.19,
2025-10-09,209318087228623,B6010075131,8629,,2025-10-08 06:15:42+00:00,,West Plaza,1851,nan,-,,SCNT,7.6,
2025-10-18,123328542765971,U782194-TN,18010,,2025-10-13 10:03:22+00:00,,Airport Plaza,H13-APORT,nan,-,,HCTRA,9.81,
2025-10-10,134137475283229,B6010052942,8608,,2025-10-09 08:33:15+00:00,,Chelyan (Toll Plaza C),C,nan,-,,WVPEDTA,13.0,
2025-10-15,204518632191981,U511847-TN,15023,,2025-10-09 14:29:25+00:00,,Sam Houston NE Mainlane,SHT-SAMNE-10,nan,-,,HCTRA,8.4,
2025-10-11,213468880923843,B5010022427,1789,,2025-10-09 17:54:46+00:00,,gpw-rfzml-16,GPW-RFZML,nan,-,,HCTRA,3.28,
2025-10-12,146352858309130,B6010065788,8115,,2025-10-11 13:53:49+00:00,,Topeka K-4  I-470,KTA-KTA179NB,nan,-,,KTA,0.69,
2025-10-11,199531861386972,B6010119859,8338,,2025-10-10 08:38:22+00:00,,MacArthur Boulevard (MACBD),SRT-MACBD-03,nan,-,,NTTA,1.36,
2025-10-09,136266121095061,B6010039104,8332,,2025-10-08 14:24:04+00:00,,Lawrence : US-59,KTA-KTA202EB,nan,-,,KTA,0.69,
2025-10-10,184417419720737,B5010058942,259,,2025-10-09 21:57:24+00:00,,Tonganoxie-Eudora: 222nd St  Lawrence : US-59,KTA-KTA207WB,nan,-,,KTA,1.1,
2025-10-15,504637481947874,B6010174710,8603,,2025-10-14 09:02:45+00:00,,gpw-cfml-21,GPW-CFML,nan,-,,HCTRA,6.08,
2025-10-09,329994299795567,1662894601106,216,,2025-10-07 22:15:35+00:00,,Sam Houston NE Mainlane,SHT-SAMNE-04,nan,-,,HCTRA,7.0,
2025-10-11,969145282750788,B6010052906,8611,,2025-10-09 20:10:27+00:00,,Chelyan (Toll Plaza C),C,nan,-,,WVPEDTA,13.0,
2025-10-13,527951985818005,B6010167874,8444,,2025-10-11 08:36:44+00:00,,Airport Plaza,H13-APORT,nan,-,,HCTRA,6.54,
2025-10-11,286793394965332,B6010174711,79,,2025-10-09 23:16:03+00:00,,East Main Plaza (78th Street),T64,nan,-,,FDOT,8.52,
2025-10-14,438420212305151,B6010075119,8621,,2025-10-12 16:06:26+00:00,,130-skysp-02 4104,13C-SKYSB,nan,-,,HCTRA,12.73,
2025-10-15,113157234994129,B6010205359,8529,,2025-10-14 11:58:20+00:00,,Wycliff Main Lane Gantry (MLP1),DNT-MLP1-10,nan,-,,NTTA,7.76,
2025-10-15,318584327853012,B6010119952,9046,,2025-10-14 11:28:59+00:00,,Fairmont Pkwy,SHT-FAIR-38,nan,-,,HCTRA,5.0,
2025-10-15,342196334624330,B6010039141,8312,,2025-10-14 12:32:36+00:00,,151sb,KTA-KTA151SB-03,nan,-,,KTA,4.14,
2025-10-14,205524268145210,B6010065769,8407,,2025-10-12 18:55:46+00:00,,13c-621x-01,13C-142X,nan,-,,HCTRA,4.1,
2025-10-17,203026728545827,B6010035722,8551,,2025-10-14 14:11:56+00:00,,Cameron Plaza,H13-CAMRO,nan,-,,HCTRA,6.54,
2025-10-15,683963576423664,B5010022318,255,,2025-10-10 15:17:21+00:00,,Tulsa,TRN-TULSA-06,nan,-,,OTA,22.12,
2025-10-18,334654691574561,B5010022290,S22013,,2025-10-14 15:40:11+00:00,,Andover 21st  Wichita K-96,KTA-KTA056SB,nan,-,,KTA,0.19,
2025-10-10,434680305729752,1662894601106,216,,2025-10-08 18:53:45+00:00,,249a-fm1488-20,249-148ML-20/21/22,nan,-,,HCTRA,7.96,
2025-10-08,215772658399676,B6010065767,9026,,2025-10-07 19:32:01+00:00,,gpw-spnml-51,GPW-SPNML,nan,-,,HCTRA,10.04,
2025-10-11,229103236043319,B6010119859,8338,,2025-10-10 04:06:58+00:00,,I-35W/I-820 Entrance,I35WN-820-24,nan,-,,NTTA,8.0,
2025-10-15,270178857864168,B6010035599,8543,,2025-10-10 10:07:31+00:00,,I30-GLBLVD Grand Lakes Blvd,I635-I35E-13D,nan,-,,NTTA,14.4,
2025-10-12,324570512194456,B6010125738,S24038,,2025-10-10 02:35:46+00:00,,Mainline Plaza,101,nan,-,,VDOT,7.25,
2025-10-11,104727696385628,B5010061410,8531,,2025-10-10 18:17:11+00:00,,Emporia I-35  Cassoday K-177,KTA-KTA123NB,nan,-,,KTA,4.83,
2025-10-11,165312037073464,B6010057268,S23012,,2025-10-10 07:50:13+00:00,,Exit 260 - N. Rocky River Road,M08,nan,-,,NCTA,0.63,
2025-10-11,297306129600814,B5010022273,420663,,2025-10-09 08:36:48+00:00,,wr-clmr,WR-CLMR-11,nan,-,,OTA,0.66,
2025-10-11,684164087203894,B6010125735,S24018,,2025-10-09 23:32:07+00:00,,141 - Port St. Lucie,142,nan,-,,FDOT,0.35,
2025-10-15,203760011961726,U226996-TN,13170,,2025-10-14 04:34:06+00:00,,North Gessner Rd,SHT-GESS-28,nan,-,,HCTRA,6.0,
2025-10-13,409212342091312,B5010050873,1027,,2025-10-10 03:24:49+00:00,,13c-blusb-01,13C-BLUSB,nan,-,,HCTRA,27.81,
2025-10-12,743872916586022,B5010022273,420663,,2025-10-10 08:03:00+00:00,,wr-clmr,WR-CLMR-11,nan,-,,OTA,0.66,
2025-10-16,263611616423253,B6010039142,7961,,2025-10-13 19:03:14+00:00,,Emporia I-35  Cassoday K-177,KTA-KTA123NB,nan,-,,KTA,4.83,
2025-10-12,175047333278910,B6010174711,79,,2025-10-10 23:38:38+00:00,,West Main Plaza (Hyde Park),T56,nan,-,,FDOT,5.6,
2025-10-12,308397804589230,B5010022318,255,,2025-10-10 07:16:59+00:00,,kkp-ne23st,KKP-NE23ST-01,nan,-,,OTA,4.76,
2025-10-15,989590877195156,B5010022290,S22013,,2025-10-14 12:05:20+00:00,,Lecompton K-10  Topeka I-70  K-4,KTA-KTA191EB,nan,-,,KTA,0.72,
2025-10-14,219303745293548,B6010125735,S24018,,2025-10-10 09:30:42+00:00,,SR874 North (at Killian),S30,nan,-,,MDX,0.23,
2025-10-09,682910516859746,B6010057268,S23012,,2025-10-08 07:59:02+00:00,,Exit 257 - Indian Trail-Fairview Road,M04,nan,-,,NCTA,0.36,
2025-10-11,246354513290461,B6010086458,8643,,2025-10-09 16:56:30+00:00,,133 - Stuart,004140,nan,-,,FDOT,3.7,
2025-10-09,325260428611812,B6010205367,8427,,2025-10-08 11:10:51+00:00,,Sam Houston Central Plaza,SHT-SAMC-14,nan,-,,HCTRA,7.0,
2025-10-14,215136369258241,B5010058924,S23001,,2025-10-11 03:55:45+00:00,,McHard Mainlane - EZ TAG Only,BCT-MCHRD-02,nan,-,,HCTRA,1.86,
2025-10-23,145173050798945,B6010174786,S20046,,2025-10-11 14:21:06+00:00,,15E - Newark/Jersey City,15E,nan,-,,NJTP,46.74,
2025-10-11,339560745102651,B5010036855,266,,2025-10-10 23:28:48+00:00,,Wichita K-96  US-54 Kellogg,KTA-KTA050NB,nan,-,,KTA,0.41,
2025-10-14,171370429599463,B6010075495,8630,,2025-10-13 11:26:03+00:00,,89 - Boughton Mainline,89,nan,-,,ILTOLL,8.15,
2025-10-11,331507726044207,B5010058944,206,,2025-10-10 00:34:29+00:00,,Andover 21st  Wichita K-96,KTA-KTA056SB,nan,-,,KTA,0.55,
2025-10-13,455644513915221,B6010035599,8543,,2025-10-10 09:57:20+00:00,,I35E-SH121 Hwy 121,I35E-SH121-76,nan,-,,NTTA,4.0,
2025-10-13,589579716589571,B5010028610,8446,,2025-10-12 20:33:15+00:00,,s45-semlp-04,S45-SEMLP-04/05,nan,-,,HCTRA,3.9,
2025-10-11,258199813547268,B6010107803,8660,,2025-10-10 18:39:57+00:00,,Cassoday K-177  El Dorado US-77,KTA-KTA087SB,nan,-,,KTA,2.21,
2025-10-15,429910280815994,B6010174710,8603,,2025-10-14 09:12:49+00:00,,gpw-rfzml-16,GPW-RFZML,nan,-,,HCTRA,3.28,
2025-10-18,116735026712850,U343893-TN,12108,,2025-10-09 22:44:23+00:00,,130-dkcrp-06 307,H13-DECKC,nan,-,,HCTRA,9.81,
2025-10-17,328682643207255,B6010057279,S24005,,2025-10-11 03:29:50+00:00,,heb-chickml,HEB-CHICKML-13,nan,-,,OTA,2.25,
2025-10-10,240284526051410,B5010055206,8501,,2025-10-09 00:51:58+00:00,,Airport Plaza,H13-APORT,nan,-,,HCTRA,4.36,
2025-10-11,914164907846906,B6010119884,8406,,2025-10-09 04:36:44+00:00,,Eldridge,KTY-ELDRW-01,nan,-,,HCTRA,7.0,
2025-10-14,306413127404991,B6010075495,8630,,2025-10-13 07:03:14+00:00,,42 - I-57/147th St (Illinois 83),42,nan,-,,ILTOLL,8.15,
2025-10-11,189376213686501,B5010065474,S23015,,2025-10-09 21:07:19+00:00,,Exit 257 - Indian Trail-Fairview Road,M03,nan,-,,NCTA,0.36,
2025-10-09,776821255788901,B6010174711,79,,2025-10-07 23:02:51+00:00,,East Main Plaza (78th Street),T65,nan,-,,FDOT,8.52,
2025-10-14,144541098502768,B6010075137,8635,,2025-10-13 16:23:10+00:00,,Arkansas Lane (ARKLN),PGBW-ARKLN-02,nan,-,,NTTA,1.84,
2025-11-13,146620802686826,V5307HY-TN,265,,2025-10-13 12:03:07+00:00,,Sam Houston North Plaza,SHT-SAMN-10,nan,-,,HCTRA,8.4,
2025-10-11,247202881945112,410462470,S20034,,2025-10-09 22:49:12+00:00,,98 - Belvedere,098,nan,-,,FDOT,0.27,
2025-10-09,116156894040390,B6010035637,8349,,2025-10-07 20:29:43+00:00,,130-skynp-01 4103,13C-SKYNB,nan,-,,HCTRA,12.73,
2025-10-12,919643111530779,B6010065788,8115,,2025-10-09 10:44:45+00:00,,I-35W/I-820 Entrance,I35WN-820-24,nan,-,,NTTA,16.0,
2025-10-14,209655962120591,B6010075495,8630,,2025-10-13 07:14:26+00:00,,39 - 83rd St Mainline,39,nan,-,,ILTOLL,8.15,
2025-10-16,985039637719201,B6010108541,S24030,,2025-10-13 22:25:20+00:00,,"WPL : William Preston Lane, Jr. Memorial Bridge (Bay Bridge)",WPL,nan,-,,MdTA,4.0,
2025-10-08,166974090398686,B6010086458,8643,,2025-10-07 22:57:45+00:00,,Sam Houston Central Plaza,SHT-SAMC-11,nan,-,,HCTRA,7.0,
2025-10-11,353637393305313,B6010119859,8338,,2025-10-09 23:40:16+00:00,,13c-blusb-01,13C-BLUNB,nan,-,,HCTRA,27.81,
2025-10-08,233087181990660,B6010035670,8547,,2025-10-07 22:27:56+00:00,,Tonganoxie-Eudora: 222nd St  Lawrence : US-59,KTA-KTA207WB,nan,-,,KTA,1.1,
2025-10-15,169463903690242,B6010204230,8516,,2025-10-14 12:57:11+00:00,,gpw-vrml-51,GPW-VRML,nan,-,,HCTRA,8.8,
2025-10-15,388616796430632,U057481-TN,2894,,2025-10-09 18:20:18+00:00,,Mainline Plaza: East of I-45,GPW-HRDML,nan,-,,HCTRA,3.32,
2025-10-15,118496940122186,B6010065780,9076,,2025-10-14 09:45:02+00:00,,Airport Plaza,H13-APORT,nan,-,,HCTRA,6.54,
2025-10-19,228724026411560,B6010035722,8551,,2025-10-13 15:39:11+00:00,,h13-mustc-06,H13-MUSTC,nan,-,,HCTRA,6.54,
2025-10-14,301308823606810,B6010119921,8417,,2025-10-13 00:30:08+00:00,,43 - I-80 WB,43,nan,-,,ILTOLL,4.6,
2025-10-15,261129930143203,B6010107742,8602,,2025-10-13 17:55:41+00:00,,45 - I-80 EB,45,nan,-,,ILTOLL,6.1,
2025-10-11,889400482214934,B5010061410,8531,,2025-10-10 19:05:57+00:00,,Wichita I-135/I-235  Haysville-Derby,KTA-KTA040SB,nan,-,,KTA,0.41,
2025-10-10,190696690884686,1662894601106,216,,2025-10-08 19:04:13+00:00,,Tomball Tollway Mainlane,TMB-NPTML-10,nan,-,,HCTRA,7.0,
2025-10-15,321004054549487,B6010119955,8347,,2025-10-14 14:42:54+00:00,,Wichita K-15  I-135/I-235,KTA-KTA043NB,nan,-,,KTA,0.41,
2025-10-11,117370229235691,B5010036855,266,,2025-10-10 22:07:32+00:00,,Cassoday K-177  El Dorado US-77,KTA-KTA087SB,nan,-,,KTA,2.21,
2025-10-14,189113058572523,B5010061410,8531,,2025-10-11 11:32:35+00:00,,"I820-35WS South Entrance, Exit 57C",I35WS-820-31,nan,-,,NTTA,16.2,
2025-10-14,213669626221475,B6010107742,8602,,2025-10-13 15:43:49+00:00,,73 - Army Trail Road Mainline,73,nan,-,,ILTOLL,8.15,
2025-10-10,262631398737602,B5010022294,224320,,2025-10-07 22:28:48+00:00,,Oklahoma City,TRN-OKCWGT-03,nan,-,,OTA,1.98,
2025-10-15,523003707142160,B6010065780,9076,,2025-10-13 05:59:37+00:00,,US 64 / SH 48 / Tulsa,CIM-HLLT-03,nan,-,,OTA,2.27,
2025-10-09,150691969547239,B6010035637,8349,,2025-10-07 20:46:46+00:00,,130-dkcrp-06 307,H13-DECKC,nan,-,,HCTRA,6.54,
2025-10-10,270408078966925,B5010017818,9115,,2025-10-08 17:12:53+00:00,,45 - I-80 EB,45,nan,-,,ILTOLL,6.1,
2025-10-15,202870526888381,B5010065476,S23032,,2025-10-13 21:38:23+00:00,,Exit 255 - U.S. 74 (West),M01,nan,-,,NCTA,0.3,
2025-10-15,215446240504431,B5010065476,S23032,,2025-10-14 08:35:30+00:00,,Exit 270 - Austin Chaney Road,M14,nan,-,,NCTA,0.48,
2025-10-12,247989583350886,B6010039151,8429,,2025-10-10 20:06:19+00:00,,Sam Houston Central Plaza,SHT-SAMC-09,nan,-,,HCTRA,7.0,
2025-10-10,156926264459027,B5010065474,S23015,,2025-10-08 21:26:16+00:00,,Exit 255 - U.S. 74 (West),M01,nan,-,,NCTA,0.3,
2025-10-14,165655858350337,B5010022290,S22013,,2025-10-13 16:36:59+00:00,,Lecompton K-10  Topeka I-70  K-4,KTA-KTA191EB,nan,-,,KTA,0.72,
2025-10-13,121413024634992,B6010075118,8620,,2025-10-12 12:48:11+00:00,,West Plaza,1851,nan,-,,SCNT,7.6,
2025-10-09,262996510682192,B6010125734,S24016,,2025-10-08 11:26:24+00:00,,East Main Plaza (78th Street),T65,nan,-,,FDOT,2.13,
2025-10-12,136652391810719,B5010058942,259,,2025-10-11 04:52:03+00:00,,East Topeka: I-70,KTA-KTA183WB,nan,-,,KTA,0.28,
2025-10-14,135906332358779,B6010039141,8312,,2025-10-13 15:36:06+00:00,,Cameron Plaza,H13-CAMRO,nan,-,,HCTRA,6.54,
2025-10-14,304479304022504,B6010205462,8327,,2025-10-12 17:48:37+00:00,,h13-mustc-06,H13-MUSTC,nan,-,,HCTRA,6.54,
2025-10-14,293056733079294,B6010065783,8415,,2025-10-13 08:28:49+00:00,,Cameron Plaza,H13-CAMRO,nan,-,,HCTRA,6.54,
2025-10-15,986440639056577,B6010086474,8648,,2025-10-13 04:11:46+00:00,,13c-blusb-01,13C-BLUSB,nan,-,,HCTRA,27.81,
2025-10-14,233858058361929,B6010066112,S24003,,2025-10-13 21:52:53+00:00,,Eastern Terminal,KTA-KTA217WB,nan,-,,KTA,1.2,
2025-10-09,147281499384946,B6010174709,251,,2025-10-07 22:23:24+00:00,,East Main Plaza (78th Street),T65,nan,-,,FDOT,6.39,
2025-10-14,183408705694432,B6010065788,8115,,2025-10-12 13:54:12+00:00,,i35ws-us287s-22,I35WS-US287S-,nan,-,,NTTA,14.2,
2025-10-14,102056377867132,B5010022290,S22013,,2025-10-10 04:58:35+00:00,,Topeka K-4  I-470,KTA-KTA179NB,nan,-,,KTA,0.24,
2025-10-10,318804153345664,B6010204984,8508,,2025-10-09 11:53:57+00:00,,gpw-cfml-21,GPW-CFML,nan,-,,HCTRA,6.08,
2025-10-11,238117462983606,B5010036855,266,,2025-10-10 00:09:10+00:00,,El Dorado US-77  Andover 21st,KTA-KTA061SB,nan,-,,KTA,1.93,
2025-10-14,683966733416031,B6010086985,8554,,2025-10-12 09:43:51+00:00,,I 40-Henryetta,IN-EFLML-04,nan,-,,OTA,8.28,
2025-10-16,291074870656605,B6010075120,8622,,2025-10-14 18:06:48+00:00,,Mainlane Plaza West of SH 146 (Bus.),GPW-146BE,nan,-,,HCTRA,2.64,
2025-10-09,184328022822300,B6010057263,S23027,,2025-10-08 20:30:43+00:00,,Tonganoxie-Eudora: 222nd St  Lawrence : US-59,KTA-KTA207WB,nan,-,,KTA,0.38,
2025-10-10,228491359776654,1662894601106,216,,2025-10-08 19:15:19+00:00,,Sam Houston North Plaza,SHT-SAMN-03,nan,-,,HCTRA,7.0,
2025-10-10,741476060128078,B5010036855,266,,2025-10-09 00:03:19+00:00,,El Dorado US-77  US-254,KTA-KTA073SB,nan,-,,KTA,0.69,
2025-10-13,219674024197877,B6010075120,8622,,2025-10-12 08:35:59+00:00,,Hardy South Plaza,HDY-HDYS-05,nan,-,,HCTRA,7.0,
2025-10-10,137365743962256,B6010086545,8405,,2025-10-09 14:37:57+00:00,,gpw-spnml-51,GPW-SPNML,nan,-,,HCTRA,10.04,
2025-10-18,312450178186089,B6010119884,8406,,2025-10-09 16:07:18+00:00,,h13-mustc-06,H13-MUSTC,nan,-,,HCTRA,6.54,
2025-10-14,186812369234535,B6010167861,8411,,2025-10-13 02:01:04+00:00,,Sam Houston NE Mainlane,SHT-SAMNE-10,nan,-,,HCTRA,7.0,
2025-10-16,281854341707331,B6010035600,8555,,2025-10-14 14:21:56+00:00,,A 27,A27,nan,-,,PTC,7.44,
2025-10-15,425777811333154,B5010065476,S23032,,2025-10-14 08:44:27+00:00,,Exit 260 - N. Rocky River Road,M08,nan,-,,NCTA,0.63,
2025-10-15,146655079243863,B5010065476,S23032,,2025-10-13 21:44:08+00:00,,Exit 260 - N. Rocky River Road,M07,nan,-,,NCTA,0.63,
2025-10-10,189047342386015,B5010065476,S23032,,2025-10-09 06:56:36+00:00,,Exit 259 - Unionville-Indian Trail Road,M06,nan,-,,NCTA,0.22,
2025-10-10,161403788707593,B6010066068,S24024,,2025-10-07 21:39:57+00:00,,Exit 260 - N. Rocky River Road,M07,nan,-,,NCTA,0.63,
2025-10-11,309054644959843,B6010039121,8435,,2025-10-08 09:22:40+00:00,,I35W-ALLIANCE Gateway Entrance,I35W-ALLIANCE-19,nan,-,,NTTA,29.0,
2025-10-13,275036685048147,B6010034678,8534,,2025-10-12 06:22:07+00:00,,Pax (Toll Plaza B),B,nan,-,,WVPEDTA,13.0,
2025-10-12,141452579759872,B6010205371,8401,,2025-10-11 18:11:53+00:00,,gpw-spnml-51,GPW-SPNML,nan,-,,HCTRA,10.04,
2025-10-12,707748663723137,B6010205371,8401,,2025-10-11 18:18:30+00:00,,gpw-nwml-90,GPW-NWML,nan,-,,HCTRA,5.2,
2025-10-09,107490875162039,B5010022289,S22012,,2025-10-08 04:49:08+00:00,,Lawrence US-59S  Lecompton K-10,KTA-KTA201WB,nan,-,,KTA,0.24,
2025-10-09,227344170331631,B6010204259,8425,,2025-10-08 06:56:32+00:00,,Parker Main Lane Gantry (MLP3),DNT-MLP3-11,nan,-,,NTTA,4.92,
2025-10-23,128168413844875,B6010034631,8636,,2025-10-13 12:04:03+00:00,,E-P : Easton-Phillipsburg Br,EP,nan,-,,DRJTBC,22.5,
2025-10-17,828497364296838,B6010107755,8439,,2025-10-08 14:47:53+00:00,,gpw-obml-50,GPW-OBML,nan,-,,HCTRA,4.8,
2025-10-14,845216995429556,B6010205367,8427,,2025-10-13 05:22:39+00:00,,Lower Tarrant Mainlane Gantry (MLG11),PGBW-MLG11-12,nan,-,,NTTA,5.16,
2025-10-11,235860431511655,B5010022290,S22013,,2025-10-10 14:20:36+00:00,,Emporia I-35  Cassoday K-177,KTA-KTA123NB,nan,-,,KTA,1.68,
2025-10-11,237295418061358,B5010058942,259,,2025-10-10 22:00:36+00:00,,Lecompton K-10  Topeka I-70  K-4,KTA-KTA191EB,nan,-,,KTA,2.07,
2025-10-13,260822566985018,B6010119884,8406,,2025-10-11 07:32:59+00:00,,Cameron Plaza,H13-CAMRO,nan,-,,HCTRA,6.54,
2025-10-15,280790965469234,B5010022290,S22013,,2025-10-14 11:52:33+00:00,,Lawrence : US-59,KTA-KTA202EB,nan,-,,KTA,0.1,
2025-10-13,827276554238924,B6010205459,1951,,2025-10-11 02:59:52+00:00,,Sam Houston Ship Channel Bridge,SHT-SHIP-50,nan,-,,HCTRA,8.0,
2025-10-10,289124643268822,B5010065474,S23015,,2025-10-08 21:40:00+00:00,,Exit 266 - Morgan Mill Road,M11,nan,-,,NCTA,0.64,
2025-10-08,272892084625646,B6010065767,9026,,2025-10-07 20:01:51+00:00,,gpw-mokml-50,GPW-MOKML,nan,-,,HCTRA,5.6,
2025-10-10,147875348406243,B6010057267,S23029,,2025-10-07 23:18:45+00:00,,jkt-wstrn,JKT-WSTRN-05,nan,-,,OTA,1.08,
2025-10-09,684102588083251,B6010108554,S24035,,2025-10-07 23:50:22+00:00,,Washington-Dulles Access and Toll Road MLP,077,nan,-,,VDOT,4.0,
2025-10-11,317013618037789,B6010311324,8448,,2025-10-09 04:59:48+00:00,,Denton Tap Main Lane Gantry (MLG1),SRT-MLG1-03,nan,-,,NTTA,2.96,
2025-10-08,215497662555118,B5010058928,S23000,,2025-10-07 21:49:34+00:00,,Sam Houston North Plaza,SHT-SAMN-09,nan,-,,HCTRA,1.35,
2025-10-08,333342809910845,B6010066112,S24003,,2025-10-07 21:47:27+00:00,,Eastern Terminal,KTA-KTA217WB,nan,-,,KTA,1.2,
2025-10-15,203420507604217,B5010065474,S23015,,2025-10-13 21:48:26+00:00,,Exit 270 - Austin Chaney Road,M13,nan,-,,NCTA,0.48,
2025-10-14,224904859407551,B6010039142,7961,,2025-10-13 19:36:13+00:00,,Andover 21st  Wichita K-96,KTA-KTA056SB,nan,-,,KTA,0.55,
2025-10-15,267559417027088,B6010205436,1247,,2025-10-14 14:27:11+00:00,,Airport Plaza,H13-APORT,nan,-,,HCTRA,6.54,
2025-10-16,317088999619279,B6010174786,S20046,,2025-10-14 10:19:58+00:00,,Exit 43,H43,nan,-,,PTC,29.19,
2025-10-08,295816656822630,B5010058942,259,,2025-10-07 22:21:16+00:00,,Tonganoxie-Eudora: 222nd St  Lawrence : US-59,KTA-KTA207WB,nan,-,,KTA,1.1,
2025-10-15,260568573741606,B6010125735,S24018,,2025-10-13 23:17:08+00:00,,141 - Port St. Lucie,142,nan,-,,FDOT,0.35,
2025-10-09,302946748969286,B6010039150,8109,,2025-10-07 22:59:38+00:00,,Sam Houston South Plaza,SHT-SAMS-07,nan,-,,HCTRA,3.5,
2025-10-12,331563109287776,B6010205371,8401,,2025-10-11 13:10:25+00:00,,h13-mustc-06,H13-MUSTC,nan,-,,HCTRA,6.54,
2025-10-10,177736082275864,B5010058928,S23000,,2025-10-09 06:57:23+00:00,,Sam Houston North Plaza,SHT-SAMN-05,nan,-,,HCTRA,1.35,
2025-10-17,456618016596809,B6010057263,S23027,,2025-10-13 14:27:56+00:00,,El Dorado US-77  US-254,KTA-KTA073SB,nan,-,,KTA,0.33,
2025-10-10,281255083687613,B6010107784,8661,,2025-10-08 15:00:34+00:00,,Sam Houston NE Mainlane,SHT-SAMNE-10,nan,-,,HCTRA,7.0,
2025-10-14,109442403387682,B5010060221,8152,,2025-10-13 15:05:13+00:00,,h13-mustc-06,H13-MUSTC,nan,-,,HCTRA,4.36,
2025-10-13,190433433036740,B6010205462,8327,,2025-10-12 18:14:10+00:00,,Airport Plaza,H13-APORT,nan,-,,HCTRA,6.54,
2025-10-12,717035300090144,B6010107803,8660,,2025-10-08 18:54:38+00:00,,I35W-I-30 W US 287 Entrance,I35W-I35WI30EAST-37,nan,-,,NTTA,27.2,
2025-10-11,107782815083835,B6010174711,79,,2025-10-09 23:46:37+00:00,,West Main Plaza (Hyde Park),T56,nan,-,,FDOT,5.6,
2025-10-10,739311479686335,B5010051658,8504,,2025-10-08 20:21:30+00:00,,Sam Houston North Plaza,SHT-SAMN-07,nan,-,,HCTRA,7.0,
2025-10-11,912736623897932,B5010022294,224320,,2025-10-08 23:40:43+00:00,,I-35,CIM-177ML-13,nan,-,,OTA,1.16,
2025-10-14,314456922046438,B6010108042,8618,,2025-10-13 10:39:06+00:00,,1 - South Beloit Mainline,1,nan,-,,ILTOLL,10.15,
2025-10-19,948154356925290,B6010066093,S24015,,2025-10-13 19:16:20+00:00,,SR874 South (at Killian),S70,nan,-,,MDX,0.23,
2025-10-13,723101203296068,B6010167843,8430,,2025-10-12 16:04:06+00:00,,Trinity Mills Main Lane Gantry (MLP2),DNT-MLP2-09,nan,-,,NTTA,5.56,
2025-10-13,178041546715129,B6010125738,S24038,,2025-10-11 02:01:43+00:00,,Washington-Dulles Access and Toll Road MLP,078,nan,-,,VDOT,4.0,
2025-10-12,983303477210293,B5010065474,S23015,,2025-10-10 21:20:22+00:00,,Exit 266 - Morgan Mill Road,M11,nan,-,,NCTA,0.64,
2025-10-11,117762954356155,B5010022289,S22012,,2025-10-10 11:52:36+00:00,,Andover 21st  Wichita K-96,KTA-KTA056SB,nan,-,,KTA,0.19,
2025-10-12,818598748741548,B6010107803,8660,,2025-10-11 08:02:34+00:00,,Wichita K-96  US-54 Kellogg,KTA-KTA050NB,nan,-,,KTA,0.41,
2025-10-17,162215016534402,B5010048788,76,,2025-10-14 10:34:35+00:00,,Aldine Mail Route,HDY-ALDN-30,nan,-,,HCTRA,5.0,
2025-10-13,295975695607215,C903HR-TN,S24018,,2025-10-09 11:15:11+00:00,,SR836 West (at 57th Ave),D64,nan,-,,FDOT,0.66,
2025-10-15,147301077917969,B6010087036,7452,,2025-10-12 17:47:49+00:00,,"WPL : William Preston Lane, Jr. Memorial Bridge (Bay Bridge)",WPL,nan,-,,MdTA,8.0,
2025-10-11,315306010987806,B5010022427,1789,,2025-10-09 18:30:54+00:00,,gpw-nwml-90,GPW-NWML,nan,-,,HCTRA,5.2,
2025-10-09,500828665177142,B5010058942,259,,2025-10-08 05:36:29+00:00,,Lecompton K-10  Topeka I-70  K-4,KTA-KTA191EB,nan,-,,KTA,2.07,
2025-10-13,169326498942091,B6010219249,8309,,2025-10-11 16:01:53+00:00,,h13-mustc-06,H13-MUSTC,nan,-,,HCTRA,6.54,
2025-10-15,220916141596082,B6010057268,S23012,,2025-10-13 21:34:08+00:00,,Exit 266 - Morgan Mill Road,M11,nan,-,,NCTA,0.64,
2025-10-12,282770772548829,B6010105983,9042,,2025-10-11 14:38:21+00:00,,h13-mustc-06,H13-MUSTC,nan,-,,HCTRA,6.54,
2025-10-11,208671994658319,B6010086458,8643,,2025-10-09 17:14:14+00:00,,113 - Jupiter,116,nan,-,,FDOT,1.5,
2025-10-15,213596217281189,B5010058928,S23000,,2025-10-14 06:07:45+00:00,,249b-fm1774-45,249-174ML-45/46/47,nan,-,,HCTRA,2.6,
2025-11-13,223624486987658,V5307HY-TN,265,,2025-10-13 19:07:29+00:00,,Sam Houston North Plaza,SHT-SAMN-03,nan,-,,HCTRA,7.0,
2025-10-18,269065499634828,B5010022290,S22013,,2025-10-14 15:51:52+00:00,,Wichita K-15  I-135/I-235,KTA-KTA043NB,nan,-,,KTA,0.14,
2025-10-11,222814893698594,B6010205368,8513,,2025-10-09 14:00:42+00:00,,s45-semlp-08,S45-SEMLP-08/09,nan,-,,HCTRA,3.9,
2025-10-08,225173732795615,B6010086458,8643,,2025-10-07 22:51:18+00:00,,Sam Houston South Plaza,SHT-SAMS-11,nan,-,,HCTRA,7.0,
2025-10-13,337679945282433,B5010022318,255,,2025-10-08 00:45:56+00:00,,Oklahoma City,TRN-OKCWGT-03,nan,-,,OTA,22.12,
2025-10-17,104872638440053,B6010039142,7961,,2025-10-09 13:40:57+00:00,,h13-mustc-06,H13-MUSTC,nan,-,,HCTRA,6.54,
2025-10-10,325283443308751,B5010065476,S23032,,2025-10-09 06:57:57+00:00,,Exit 257 - Indian Trail-Fairview Road,M04,nan,-,,NCTA,0.36,
2025-10-10,876411372910527,B6010108558,S24036,,2025-10-08 23:05:30+00:00,,FMT : Fort McHenry Tunnel,FMT,nan,-,,MdTA,4.0,
2025-10-14,904070388851148,B6010066093,S24015,,2025-10-09 19:03:56+00:00,,SR874 South (at Tpke),S80,nan,-,,MDX,0.23,
2025-10-12,112541565285921,B6010105909,8413,,2025-10-10 10:55:10+00:00,,A 77,A77,nan,-,,PTC,8.0,
2025-10-13,264662136263956,B6010034700,8544,,2025-10-10 17:23:03+00:00,,130-skynp-01 4103,13C-SKYNB,nan,-,,HCTRA,12.73,
2025-10-12,983918627186987,B5010022318,255,,2025-10-10 07:37:32+00:00,,I-35,JKT-I35-04,nan,-,,OTA,2.27,
2025-10-10,118233368655568,410462470,S20034,,2025-10-08 23:22:27+00:00,,88 - Lantana,004200,nan,-,,FDOT,0.6,
2025-10-13,860911530050710,B5010048788,76,,2025-10-11 04:17:07+00:00,,Spencer Hwy,SHT-SPNCR-58,nan,-,,HCTRA,5.0,
2025-10-12,265544576164770,B6010105983,9042,,2025-10-11 14:18:38+00:00,,130-dkcrp-06 307,H13-DECKC,nan,-,,HCTRA,6.54,
2025-10-11,272373686434053,B5010058942,259,,2025-10-10 21:46:06+00:00,,Lawrence : US-59,KTA-KTA202EB,nan,-,,KTA,0.28,
2025-10-16,130610086320857,B6010065780,9076,,2025-10-14 10:08:02+00:00,,13c-blusb-01,13C-BLUSB,nan,-,,HCTRA,27.81,
2025-10-15,160407281779170,B6010057263,S23027,,2025-10-14 15:29:58+00:00,,El Dorado US-77  Andover 21st,KTA-KTA061SB,nan,-,,KTA,0.67,
2025-10-16,715600676145405,B6010205436,1247,,2025-10-14 14:50:23+00:00,,13c-blusb-01,13C-BLUSB,nan,-,,HCTRA,27.81,
2025-10-16,263534039251586,R721742-TX,8442,,2025-10-14 09:19:31+00:00,,Exit 257 - Indian Trail-Fairview Road,M04,nan,-,,NCTA,1.44,
2025-10-14,301402318330271,B5010061410,8531,,2025-10-13 20:52:26+00:00,,h13-mustc-06,H13-MUSTC,nan,-,,HCTRA,4.36,
2025-10-14,154365803226261,B6010075137,8635,,2025-10-13 15:44:40+00:00,,Arkansas Lane (ARKLN),PGBW-ARKLN-03,nan,-,,NTTA,1.84,
2025-10-18,100456674673141,B6010105909,8413,,2025-10-12 15:08:21+00:00,,wr-ml,WR-ML-01,nan,-,,OTA,22.12,
2025-10-16,816475111554838,B5010058921,420661,,2025-10-14 08:56:02+00:00,,I 40-Henryetta,IN-EFLML-05,nan,-,,OTA,2.53,
2025-10-14,782474138242662,B5010022290,S22013,,2025-10-09 13:47:20+00:00,,Wichita K-96  US-54 Kellogg,KTA-KTA050NB,nan,-,,KTA,0.14,
2025-10-10,235821809553608,B5010036855,266,,2025-10-09 00:23:31+00:00,,Wichita K-96  US-54 Kellogg,KTA-KTA050NB,nan,-,,KTA,0.41,
2025-10-15,531837131592910,B5010022290,S22013,,2025-10-14 11:48:57+00:00,,Tonganoxie-Eudora: 222nd St  Lawrence : US-59,KTA-KTA207WB,nan,-,,KTA,0.38,
2025-10-13,194315532467232,B6010052873,8317,,2025-10-12 19:45:07+00:00,,h13-mustc-06,H13-MUSTC,nan,-,,HCTRA,6.54,
2025-10-11,744739388517542,B6010086458,8643,,2025-10-10 10:01:55+00:00,,96 - Forest Boulevard,096,nan,-,,FDOT,0.9,
2025-10-12,151691246661612,B6010065788,8115,,2025-10-11 16:07:17+00:00,,Mulvane K-53  US-160,KTA-KTA021SB,nan,-,,KTA,1.93,
2025-10-13,324547592119208,B5010060214,9112,,2025-10-12 15:59:44+00:00,,h13-mustc-06,H13-MUSTC,nan,-,,HCTRA,6.54,
2025-10-19,107602539413303,B6010039142,7961,,2025-10-11 07:28:02+00:00,,Airport Plaza,H13-APORT,nan,-,,HCTRA,6.54,
2025-10-10,198426857336379,B5010058928,S23000,,2025-10-09 06:28:54+00:00,,249a-fm1488-20,249-148ML-20/21/22,nan,-,,HCTRA,1.99,
2025-10-13,958096782763285,B5010022314,224319,,2025-10-11 08:01:30+00:00,,jkt-hfnrpk,JKT-HFNRPK-04,nan,-,,OTA,0.42,
2025-10-10,256889108782717,B5010061403,8524,,2025-10-09 12:07:45+00:00,,Exit 257 - Indian Trail-Fairview Road,M04,nan,-,,NCTA,1.44,
2025-10-13,670441235653154,B5010028619,8527,,2025-10-08 08:53:42+00:00,,130-skysp-02 4104,13C-SKYSB,nan,-,,HCTRA,12.73,
2025-10-11,142514071100432,B6010086458,8643,,2025-10-10 10:32:44+00:00,,113 - Jupiter,116,nan,-,,FDOT,1.5,
2025-10-12,108357475970363,B6010087081,8519,,2025-10-09 17:32:08+00:00,,Merritt Main Lane Gantry (MLG5),PGBT-MLG5-09,nan,-,,NTTA,8.92,
2025-10-10,200262316615558,B6010065784,8344,,2025-10-09 19:00:46+00:00,,East Topeka: I-70,KTA-KTA183WB,nan,-,,KTA,0.28,
2025-10-10,268079050584399,B5010036855,266,,2025-10-09 22:38:30+00:00,,El Dorado US-77  US-254,KTA-KTA073SB,nan,-,,KTA,0.69,
2025-10-11,330216410305220,B6010086525,8645,,2025-10-10 08:44:19+00:00,,Sam Houston South Plaza,SHT-SAMS-07,nan,-,,HCTRA,7.0,
2025-10-14,924092967282077,B5010022290,S22013,,2025-10-09 13:35:29+00:00,,Haysville-Derby 71st  Mulvane K-53,KTA-KTA036SB,nan,-,,KTA,0.29,
2025-10-08,224959246629522,B6010174780,S17033,,2025-10-07 22:01:10+00:00,,Sam Houston Central Plaza,SHT-SAMC-07,nan,-,,HCTRA,1.35,
2025-10-20,255757476954290,B6010119884,8406,,2025-10-11 07:17:29+00:00,,Airport Plaza,H13-APORT,nan,-,,HCTRA,6.54,
2025-10-12,105676667331799,1662894601106,216,,2025-10-09 03:36:19+00:00,,Sam Houston Ship Channel Bridge,SHT-SHIP-42,nan,-,,HCTRA,8.0,
2025-10-13,233902180342909,B6010075158,8506,,2025-10-09 14:46:31+00:00,,Belt Line Road (BELRD),DNT-BELRD-02,nan,-,,NTTA,1.8,
2025-10-10,297821561246070,B6010057268,S23012,,2025-10-08 21:19:59+00:00,,Exit 260 - N. Rocky River Road,M07,nan,-,,NCTA,0.63,
2025-10-11,387381442280320,B6010057263,S23027,,2025-10-10 21:10:33+00:00,,Lecompton K-10  Topeka I-70  K-4,KTA-KTA191EB,nan,-,,KTA,0.72,
2025-10-10,219172805810548,B5010058942,259,,2025-10-09 22:03:02+00:00,,Lawrence US-59S  Lecompton K-10,KTA-KTA201WB,nan,-,,KTA,0.69,
2025-10-09,440043199296223,B5010065476,S23032,,2025-10-08 08:00:17+00:00,,Exit 257 - Indian Trail-Fairview Road,M04,nan,-,,NCTA,0.36,
2025-10-09,721647245093187,B6010125735,S24018,,2025-10-07 21:24:23+00:00,,0X - Golden Glades Plaza,006300,nan,-,,FDOT,1.16,
2025-10-12,148037978982930,B6010219260,8322,,2025-10-10 17:34:52+00:00,,130-dkcrp-06 307,H13-DECKC,nan,-,,HCTRA,6.54,
2025-10-12,369253891445830,B6010035710,8549,,2025-10-10 12:58:54+00:00,,Custer Main Lane Gantry (MLG3),SRT-MLG3-10,nan,-,,NTTA,10.56,
2025-10-16,109887056320349,B5010058928,S23000,,2025-10-14 06:20:43+00:00,,Decker Prairie Mainlane - EZ TAG Only,MCT-DECKR-09,nan,-,,HCTRA,1.54,
2025-10-10,526171884671179,B6010075444,8634,,2025-10-08 07:41:27+00:00,,290/130 Flyover,SH 130 DIRECT C,nan,-,,CTRMA,3.0,
2025-10-09,425213790988073,B5010022319,8627,,2025-10-07 19:56:55+00:00,,29 - Touhy Mainline,29,nan,-,,ILTOLL,10.15,
2025-10-14,301198026457854,B6010057263,S23027,,2025-10-13 15:23:48+00:00,,Southern Terminal: Border  US-160,KTA-KTA017SB,nan,-,,KTA,0.91,
2025-10-14,707906077343237,B6010205357,1116,,2025-10-12 19:33:55+00:00,,35 - Cermak Mainline (22nd St),35,nan,-,,ILTOLL,8.15,
2025-10-11,110691296526424,B6010167833,8122,,2025-10-10 05:13:58+00:00,,Chelyan (Toll Plaza C),C,nan,-,,WVPEDTA,13.0,
2025-10-14,227364991998829,B6010039142,7961,,2025-10-13 18:32:54+00:00,,Council Grove US-56  Emporia,KTA-KTA146NB,nan,-,,KTA,2.76,
2025-10-16,236178017932960,B6010204254,8105,,2025-10-14 14:09:00+00:00,,Ghent (Toll Plaza A),AN,nan,-,,WVPEDTA,13.0,
2025-10-11,155761348980678,B6010039151,8429,,2025-10-09 21:02:20+00:00,,gpw-cmbml-21,GPW-CMBML,nan,-,,HCTRA,6.84,
2025-10-12,212465142216846,B6010167874,8444,,2025-10-11 08:21:20+00:00,,Cameron Plaza,H13-CAMRO,nan,-,,HCTRA,6.54,
2025-10-16,118096103755369,B6010039142,7961,,2025-10-14 10:57:30+00:00,,"I820-35WS South Entrance, Exit 57C",I35WS-820-31,nan,-,,NTTA,24.4,
2025-10-09,204797964764500,B6010035637,8349,,2025-10-07 20:40:31+00:00,,Airport Plaza,H13-APORT,nan,-,,HCTRA,6.54,
2025-10-12,179150631856997,B5010058928,S23000,,2025-10-10 06:21:20+00:00,,Sam Houston North Plaza,SHT-SAMN-05,nan,-,,HCTRA,1.35,
2025-10-11,704367343263637,B6010125738,S24038,,2025-10-09 02:20:26+00:00,,Washington-Dulles Access and Toll Road MLP,078,nan,-,,VDOT,4.0,
2025-10-10,262499620932479,B6010174780,S17033,,2025-10-09 06:56:14+00:00,,Sam Houston Central Plaza,SHT-SAMC-11,nan,-,,HCTRA,1.35,
2025-10-10,106544938274163,B6010039104,8332,,2025-10-09 09:42:18+00:00,,Cameron Plaza,H13-CAMRO,nan,-,,HCTRA,6.54,
2025-10-14,326366599224730,B6010205462,8327,,2025-10-12 19:09:31+00:00,,13c-blusb-01,13C-BLUSB,nan,-,,HCTRA,27.81,
2025-10-15,328027518041126,B6010057268,S23012,,2025-10-13 21:29:05+00:00,,Exit 260 - N. Rocky River Road,M07,nan,-,,NCTA,0.63,
2025-10-12,262584645878278,B6010034700,8544,,2025-10-10 17:50:58+00:00,,Cameron Plaza,H13-CAMRO,nan,-,,HCTRA,6.54,
2025-10-15,383900458150848,B6010205371,8401,,2025-10-13 14:55:48+00:00,,I635-I635W TEXpress at US 75,I635-I35E-3,nan,-,,NTTA,22.2,
2025-10-12,106036112223480,B6010105909,8413,,2025-10-10 09:26:21+00:00,,A 70,A70,nan,-,,PTC,9.4,
2025-10-15,154005010603313,B6010167867,8333,,2025-10-14 10:58:31+00:00,,Abraham Lincoln Bridge,DTN,nan,-,,RIVERLIN,13.33,
2025-10-10,319919688773657,B6010107803,8660,,2025-10-09 14:15:48+00:00,,Topeka K-4  I-470,KTA-KTA179NB,nan,-,,KTA,0.69,
2025-10-11,152109764174025,B6010057263,S23027,,2025-10-10 15:06:32+00:00,,El Dorado US-77  US-254,KTA-KTA073SB,nan,-,,KTA,0.24,
2025-10-19,721003783201737,B5010051658,8504,,2025-10-14 13:45:20+00:00,,h13-mustc-06,H13-MUSTC,nan,-,,HCTRA,4.36,
2025-10-11,293671769304043,B5010028610,8446,,2025-10-09 23:02:21+00:00,,Airport Plaza,H13-APORT,nan,-,,HCTRA,4.36,
2025-10-13,223127606626429,B6010105982,8120,,2025-10-12 08:24:48+00:00,,Airport Plaza,H13-APORT,nan,-,,HCTRA,6.54,
2025-10-18,196775734544493,B5010060221,8152,,2025-10-14 14:01:43+00:00,,130-skysp-02 4104,13C-SKYSB,nan,-,,HCTRA,12.73,
2025-10-15,323889135937534,B6010284390,8447,,2025-10-14 12:48:25+00:00,,Lewis and Clark Bridge,ECN,nan,-,,RIVERLIN,13.33,
2025-10-11,332050131846732,B5010065476,S23032,,2025-10-10 05:13:28+00:00,,Exit 264 - U.S. 601,M10,nan,-,,NCTA,0.29,
2025-10-14,135167084426033,B5010061410,8531,,2025-10-13 20:41:58+00:00,,Cameron Plaza,H13-CAMRO,nan,-,,HCTRA,6.54,
2025-10-15,160798250387301,B5010022290,S22013,,2025-10-10 17:21:49+00:00,,I-35,JKT-I35-04,nan,-,,OTA,1.56,
2025-10-11,222239664057048,B6010107803,8660,,2025-10-10 16:46:03+00:00,,Eastern Terminal,KTA-KTA217WB,nan,-,,KTA,3.45,
2025-10-10,853787309905023,B6010174780,S17033,,2025-10-08 22:18:44+00:00,,Sam Houston South Plaza,SHT-SAMS-07,nan,-,,HCTRA,1.35,
2025-10-09,696390243412335,B6010205367,8427,,2025-10-08 02:25:51+00:00,,gpw-nwml-90,GPW-NWML,nan,-,,HCTRA,5.2,
2025-10-10,135060364460387,B6010204984,8508,,2025-10-08 11:13:01+00:00,,Sam Houston North Plaza,SHT-SAMN-06,nan,-,,HCTRA,7.0,
2025-10-11,657016749412995,B6010174709,251,,2025-10-09 22:13:21+00:00,,0.4 - Mainline Plaza (Z-Move),4CO,nan,-,,FDOT,1.71,
2025-10-11,889826066789719,B5010061410,8531,,2025-10-10 16:55:39+00:00,,Lecompton K-10  Topeka I-70  K-4,KTA-KTA191EB,nan,-,,KTA,2.07,
2025-10-10,301435289447055,B5010058942,259,,2025-10-08 05:29:30+00:00,,East Topeka: I-70,KTA-KTA183WB,nan,-,,KTA,0.28,
2025-10-10,293486884604681,B5010036855,266,,2025-10-09 22:27:17+00:00,,Cassoday K-177  El Dorado US-77,KTA-KTA087SB,nan,-,,KTA,2.21,
2025-10-16,207727758394060,B6010205436,1247,,2025-10-14 14:38:24+00:00,,130-skysp-02 4104,13C-SKYSB,nan,-,,HCTRA,12.73,
2025-10-14,187822427055732,B6010167861,8411,,2025-10-13 09:34:14+00:00,,Sam Houston NE Mainlane,SHT-SAMNE-04,nan,-,,HCTRA,7.0,
2025-10-11,193231737666687,B6010125735,S24018,,2025-10-09 09:35:51+00:00,,SR836 East (at 57th Ave),D30,nan,-,,MDX,0.66,
2025-10-16,231871436770473,B6010052909,8610,,2025-10-14 11:32:44+00:00,,T 341,T341,nan,-,,PTC,5.48,
2025-10-15,286074044635567,B6010204247,8436,,2025-10-14 06:18:34+00:00,,Lower Tarrant Mainlane Gantry (MLG11),PGBW-MLG11-02,nan,-,,NTTA,2.58,
2025-11-09,137613922603763,V5307HY-TN,265,,2025-10-10 12:07:18+00:00,,Sam Houston North Plaza,SHT-SAMN-09,nan,-,,HCTRA,8.4,
2025-10-10,204038460686847,B6010086518,8432,,2025-10-08 21:25:29+00:00,,Sam Houston Central Plaza,SHT-SAMC-11,nan,-,,HCTRA,7.0,
2025-10-10,221009148859336,B6010119921,8417,,2025-10-09 01:57:40+00:00,,43 - I-80 WB,43,nan,-,,ILTOLL,4.6,
2025-10-12,279967289198208,B6010039142,7961,,2025-10-09 10:56:21+00:00,,i35ws-us287s-22,I35WS-US287S-,nan,-,,NTTA,17.0,
2025-10-18,887099907721162,B6010057267,S23029,,2025-10-13 14:54:44+00:00,,Tulsa,TRN-TULSA-06,nan,-,,OTA,5.4,
2025-10-21,178056672161226,B5010050873,1027,,2025-10-09 22:37:44+00:00,,Airport Plaza,H13-APORT,nan,-,,HCTRA,6.54,
2025-10-16,303230825358190,B6010119901,8329,,2025-10-14 09:16:08+00:00,,121 - Keyser Avenue Mainline Toll Plaza,A121,nan,-,,PTC,6.32,
2025-10-19,877020175143107,B6010034700,8544,,2025-10-14 14:39:38+00:00,,Merritt Main Lane Gantry (MLG5),PGBT-MLG5-02,nan,-,,NTTA,8.92,
2025-10-09,102256797478328,B6010035637,8349,,2025-10-08 15:03:24+00:00,,Airport Plaza,H13-APORT,nan,-,,HCTRA,6.54,
2025-10-13,104323742305065,B6010066093,S24015,,2025-10-08 19:58:52+00:00,,SR874 South (at SR826),S60,nan,-,,MDX,0.47,
2025-10-09,254743939299721,B6010119951,8311,,2025-10-07 21:15:49+00:00,,SH183-RGLRW Regal Row,SH183-RGLRW-45,nan,-,,NTTA,2.08,
2025-10-09,251846497725472,B6010167833,8122,,2025-10-08 03:22:00+00:00,,Ghent (Toll Plaza A),AS,nan,-,,WVPEDTA,13.0,
2025-10-09,213024285073707,B6010057263,S23027,,2025-10-08 17:03:27+00:00,,Tonganoxie-Eudora: 222nd St  Lawrence : US-59,KTA-KTA207WB,nan,-,,KTA,0.38,
2025-10-12,195634648356200,B6010065788,8115,,2025-10-11 14:35:57+00:00,,Council Grove US-56  Emporia,KTA-KTA146NB,nan,-,,KTA,2.76,
2025-10-15,127628136037492,B6010125735,S24018,,2025-10-13 23:41:41+00:00,,138 - Becker Road,004131,nan,-,,FDOT,0.43,
2025-10-16,258794426412817,R721742-TX,8442,,2025-10-14 09:11:16+00:00,,Exit 266 - Morgan Mill Road,M12,nan,-,,NCTA,2.56,
2025-10-09,447495993985335,B6010035670,8547,,2025-10-08 11:12:28+00:00,,Andover 21st  Wichita K-96,KTA-KTA056SB,nan,-,,KTA,0.55,
2025-10-11,142767148012588,B6010066112,S24003,,2025-10-10 21:40:12+00:00,,Eastern Terminal,KTA-KTA217WB,nan,-,,KTA,1.2,
2025-10-09,715830206295447,B5010022319,8627,,2025-10-08 08:35:32+00:00,,37 - I-55 (Stevenson Expressway),37,nan,-,,ILTOLL,3.05,
2025-10-09,188887677201595,B5010017818,9115,,2025-10-08 16:30:02+00:00,,89 - Boughton Mainline,89,nan,-,,ILTOLL,8.15,
2025-10-16,847902743897744,B6010052909,8610,,2025-10-14 08:53:02+00:00,,T 313,T313,nan,-,,PTC,6.6,
2025-10-11,539878180932933,B5010036855,266,,2025-10-10 22:38:46+00:00,,Wichita K-96  US-54 Kellogg,KTA-KTA050NB,nan,-,,KTA,0.41,
2025-10-13,878568069083293,B6010034678,8534,,2025-10-12 06:53:33+00:00,,Chelyan (Toll Plaza C),C,nan,-,,WVPEDTA,13.0,
2025-10-11,205913647172719,B6010119859,8338,,2025-10-10 00:03:32+00:00,,Airport Plaza,H13-APORT,nan,-,,HCTRA,6.54,
2025-10-12,189037858943982,B6010065787,8330,,2025-10-11 10:01:51+00:00,,45 - I-80 EB,45,nan,-,,ILTOLL,6.1,
2025-10-11,227314844306894,B6010086525,8645,,2025-10-10 11:19:35+00:00,,Rankin Rd,HDY-RANKN-78,nan,-,,HCTRA,4.0,
2025-10-11,324017956093612,B5010022319,8627,,2025-10-10 10:00:52+00:00,,89 - Boughton Mainline,89,nan,-,,ILTOLL,8.15,
2025-10-14,849584180389433,B6010125735,S24018,,2025-10-10 09:29:02+00:00,,SR874 North (at Tpke),107320,nan,-,,MDX,0.23,
2025-10-14,329632344026160,B6010075444,8634,,2025-10-13 16:56:24+00:00,,Wirt,KTY-WIRTW-01,nan,-,,HCTRA,7.0,
2025-10-10,951991249979836,B6010075444,8634,,2025-10-08 07:50:50+00:00,,U.S. 183 Ramps (Direct Connectors),905013,nan,-,,CTRMA,2.92,
2025-10-16,109962135503831,C854HR-TN,S24015,,2025-10-10 19:48:30+00:00,,SR874 South (at Tpke),S80,nan,-,,FDOT,0.23,
2025-10-09,273724419862145,B6010172695,274,,2025-10-07 22:37:48+00:00,,0.4 - Mainline Plaza (Z-Move),4CO,nan,-,,FDOT,2.28,
2025-10-13,335960360050016,B6010057271,S23022,,2025-10-08 00:16:43+00:00,,Oklahoma City,TRN-OKCWGT-04,nan,-,,OTA,5.4,
2025-10-10,829430483850215,B6010039141,8312,,2025-10-08 04:59:59+00:00,,Sam Houston East Plaza,SHT-SAME-08,nan,-,,HCTRA,7.0,
2025-10-10,209962802663102,1662894601106,216,,2025-10-08 18:57:35+00:00,,Decker Prairie Mainlane - EZ TAG Only,MCT-DECKR-08,nan,-,,HCTRA,6.14,
2025-10-15,198479458623607,B6010125734,S24016,,2025-10-14 10:59:50+00:00,,0.4 - Mainline Plaza (Z-Move),4CO,nan,-,,FDOT,0.57,
2025-10-16,167338850169817,B6010075145,8633,,2025-10-14 12:58:54+00:00,,T 322,T322,nan,-,,PTC,6.04,
2025-10-14,284927332870017,R797152-TX,8447,,2025-10-13 14:58:34+00:00,,SC 20,1854,nan,-,,SCNT,1.5,
2025-10-11,333162615688204,B6010205367,8427,,2025-10-10 12:37:36+00:00,,h13-mustc-06,H13-MUSTC,nan,-,,HCTRA,6.54,
2025-10-13,118354265161258,B5010060214,9112,,2025-10-10 03:48:24+00:00,,h13-mustc-06,H13-MUSTC,nan,-,,HCTRA,4.36,
2025-10-11,157319958243788,410462470,S20034,,2025-10-09 22:46:51+00:00,,96 - Forest Boulevard,096,nan,-,,FDOT,0.35,
2025-10-10,285958843441309,B5010036855,266,,2025-10-09 22:49:33+00:00,,El Dorado US-77  Andover 21st,KTA-KTA061SB,nan,-,,KTA,1.93,
2025-10-15,257111978470485,B6010107803,8660,,2025-10-11 14:23:28+00:00,,I35W-ALLIANCE Gateway Entrance,I35W-ALLIANCE-19,nan,-,,NTTA,24.4,
2025-10-12,141766879730549,B6010035600,8555,,2025-10-09 14:32:13+00:00,,Marshall Drive (MARDR),PGBW-MARDR-02,nan,-,,NTTA,2.6,
2025-10-16,134159238721921,B6010204254,8105,,2025-10-14 15:05:05+00:00,,Chelyan (Toll Plaza C),C,nan,-,,WVPEDTA,13.0,
2025-10-15,308761652231908,B6010174719,214,,2025-10-13 22:21:56+00:00,,Sam Houston NE Mainlane,SHT-SAMNE-04,nan,-,,HCTRA,7.0,
2025-10-11,127232325229599,B5010022289,S22012,,2025-10-10 14:47:02+00:00,,151sb,KTA-KTA151SB-03,nan,-,,KTA,1.44,
2025-10-14,275778533945034,B6010057263,S23027,,2025-10-13 15:03:35+00:00,,Wichita I-135/I-235  Haysville-Derby,KTA-KTA040SB,nan,-,,KTA,0.14,
2025-10-11,514921968600130,B6010167872,8310,,2025-10-09 15:40:00+00:00,,Wycliff Main Lane Gantry (MLP1),DNT-MLP1-06,nan,-,,NTTA,7.76,
2025-11-13,687870993104157,V5307HY-TN,265,,2025-10-14 06:37:43+00:00,,Decker Prairie Mainlane - EZ TAG Only,MCT-DECKR-09,nan,-,,HCTRA,6.39,
2025-10-15,754743904716793,B5010048788,76,,2025-10-14 04:04:25+00:00,,Spencer Hwy,SHT-SPNCR-58,nan,-,,HCTRA,5.0,
2025-10-13,113424683914488,B6010087000,8651,,2025-10-11 10:12:01+00:00,,h13-mustc-06,H13-MUSTC,nan,-,,HCTRA,6.54,
2025-10-10,236121423410959,410462470,S20034,,2025-10-08 23:38:29+00:00,,98 - Belvedere,098,nan,-,,FDOT,0.27,
2025-10-15,301952904658167,B6010125735,S24018,,2025-10-10 08:40:57+00:00,,SR874 South (at Killian),S70,nan,-,,MDX,0.23,
2025-10-09,114407259110991,B5010058928,S23000,,2025-10-08 06:07:39+00:00,,249a-fm1488-20,249-148ML-20/21/22,nan,-,,HCTRA,1.99,
2025-10-09,620966659052624,B6010205357,1116,,2025-10-08 11:22:39+00:00,,59 - Farnsworth Av,59,nan,-,,ILTOLL,6.1,
2025-10-10,234759199052328,B6010065787,8330,,2025-10-08 11:35:50+00:00,,wr-bgcbn,WR-BGCBN-13,nan,-,,OTA,11.31,
2025-10-10,977136325031770,B6010205361,8518,,2025-10-08 06:00:47+00:00,,13c-blusb-01,13C-BLUSB,nan,-,,HCTRA,27.81,
2025-10-14,211623413378157,B6010065787,8330,,2025-10-12 12:46:50+00:00,,Ghent (Toll Plaza A),AS,nan,-,,WVPEDTA,13.0,
2025-10-12,715887224498017,B6010065788,8115,,2025-10-11 13:33:13+00:00,,Lawrence : US-59,KTA-KTA202EB,nan,-,,KTA,0.28,
2025-10-23,304321201922010,B6010174786,S20046,,2025-10-13 18:29:21+00:00,,15E - Newark/Jersey City,15E,nan,-,,NJTP,46.74,
2025-10-15,154611474875835,B6010205371,8401,,2025-10-13 11:01:58+00:00,,I35E-IH635-HHBLV Harry Hines Blvd,I635-I35E-13A,nan,-,,NTTA,10.4,
2025-10-16,234429512799000,B6010119901,8329,,2025-10-14 09:58:58+00:00,,A 70,A70,nan,-,,PTC,9.4,
2025-10-16,300913250457684,B6010052909,8610,,2025-10-14 11:49:35+00:00,,T 322,T322,nan,-,,PTC,6.04,
2025-10-14,297109724294707,B6010086474,8648,,2025-10-13 03:20:36+00:00,,h13-mustc-06,H13-MUSTC,nan,-,,HCTRA,6.54,
2025-10-16,217217686165771,U1524HY-TN,77,,2025-10-13 10:05:34+00:00,,SR836 West (at 97th Ave),D75,nan,-,,FDOT,1.32,
2025-10-14,258798228260792,B6010057263,S23027,,2025-10-13 12:19:15+00:00,,Tonganoxie-Eudora: 222nd St  Lawrence : US-59,KTA-KTA207WB,nan,-,,KTA,0.38,
2025-10-13,321150875902045,B5010048788,76,,2025-10-11 04:11:04+00:00,,Sam Houston Ship Channel Bridge,SHT-SHIP-42,nan,-,,HCTRA,8.0,
2025-10-11,942902360867419,B6010119884,8406,,2025-10-09 15:44:34+00:00,,130-dkcrp-06 307,H13-DECKC,nan,-,,HCTRA,6.54,
2025-10-15,455155551781328,B6010174710,8603,,2025-10-14 09:20:31+00:00,,gpw-vrml-51,GPW-VRML,nan,-,,HCTRA,8.8,
2025-10-12,217342660316045,B5010022427,1789,,2025-10-09 17:56:13+00:00,,Mainline Plaza: East of I-45,GPW-HRDML,nan,-,,HCTRA,2.2,
2025-10-14,318225932346230,B5010022290,S22013,,2025-10-13 13:39:11+00:00,,Mulvane K-53  US-160,KTA-KTA021SB,nan,-,,KTA,0.67,
2025-10-15,528274130056323,B6010119951,8311,,2025-10-14 15:29:17+00:00,,Mulvane K-53  US-160,KTA-KTA021SB,nan,-,,KTA,1.93,
2025-10-10,249483413977760,B6010311324,8448,,2025-10-09 06:48:20+00:00,,Josey Main Lane Gantry (MLG2),SRT-MLG2-12,nan,-,,NTTA,7.64,
2025-10-16,327408118830495,B5010058921,420661,,2025-10-14 10:05:54+00:00,,US 75-Glenpool,CRK-75GLPL-02,nan,-,,OTA,0.98,
2025-10-15,300226858737619,B5010022290,S22013,,2025-10-10 15:15:44+00:00,,Wichita K-15  I-135/I-235,KTA-KTA043NB,nan,-,,KTA,0.14,
2025-10-09,167017798580080,B6010057263,S23027,,2025-10-08 15:56:47+00:00,,Council Grove US-56  Emporia,KTA-KTA146NB,nan,-,,KTA,0.96,
2025-10-16,194370203879387,B6010205368,8513,,2025-10-14 18:09:04+00:00,,Toll Gantry 1 288 ML Brays Bayou NB,288-BRAYS-01,nan,-,,HCTRA,10.2,
2025-10-11,280195157605610,B5010065474,S23015,,2025-10-09 21:19:44+00:00,,Exit 270 - Austin Chaney Road,M13,nan,-,,NCTA,0.48,
2025-10-09,281542636782626,B5010065476,S23032,,2025-10-07 21:25:48+00:00,,Exit 257 - Indian Trail-Fairview Road,M03,nan,-,,NCTA,0.36,
2025-10-14,339897747739561,B6010086458,8643,,2025-10-13 07:44:41+00:00,,Ghent (Toll Plaza A),AN,nan,-,,WVPEDTA,13.0,
2025-10-12,207293464670950,B6010035659,8546,,2025-10-10 16:37:43+00:00,,Tomball Tollway Mainlane,TMB-NPTML-11,nan,-,,HCTRA,7.0,
2025-10-10,217750346783680,B6010065788,8115,,2025-10-09 16:49:02+00:00,,Wichita US-54  K-15,KTA-KTA047NB,nan,-,,KTA,0.69,
2025-10-15,267060382581079,B6010057263,S23027,,2025-10-14 14:47:54+00:00,,Mulvane K-53  US-160,KTA-KTA021SB,nan,-,,KTA,0.67,
2025-10-12,200157943024955,B6010057268,S23012,,2025-10-11 07:56:49+00:00,,Exit 264 - U.S. 601,M10,nan,-,,NCTA,0.29,
2025-10-15,901306908316265,B6010075495,8630,,2025-10-14 08:56:11+00:00,,John F Kennedy Bridge-RiverLink,DTS,nan,-,,RIVERLIN,13.33,
2025-10-09,207815847991159,B6010204254,8105,,2025-10-08 09:20:12+00:00,,Pax (Toll Plaza B),B,nan,-,,WVPEDTA,13.0,
2025-10-14,256336305171468,B6010066093,S24015,,2025-10-09 18:53:57+00:00,,SR874 South (at SR826),S60,nan,-,,MDX,0.47,
2025-10-13,306846487909111,B6010035637,8349,,2025-10-12 07:57:26+00:00,,gpw-nwml-90,GPW-NWML,nan,-,,HCTRA,5.2,
2025-10-16,147396237109617,B6010035639,8540,,2025-10-13 09:50:06+00:00,,130-dkcrp-06 307,H13-DECKC,nan,-,,HCTRA,6.54,
2025-10-12,168639023407667,B6010108541,S24030,,2025-10-09 22:02:40+00:00,,"WPL : William Preston Lane, Jr. Memorial Bridge (Bay Bridge)",WPL,nan,-,,MdTA,4.0,
2025-10-10,147474480002360,B6010057271,S23022,,2025-10-07 22:58:41+00:00,,jkt-us77,JKT-US77-11,nan,-,,OTA,0.66,
2025-10-11,101786305416349,B6010125738,S24038,,2025-10-09 02:08:45+00:00,,Mainline Plaza,101,nan,-,,VDOT,7.25,
2025-10-13,312217402575353,B6010035637,8349,,2025-10-12 08:03:44+00:00,,gpw-spnml-51,GPW-SPNML,nan,-,,HCTRA,10.04,
2025-10-12,217630793675156,B6010039104,8332,,2025-10-09 10:09:06+00:00,,130-skysp-02 4104,13C-SKYSB,nan,-,,HCTRA,12.73,
2025-10-11,170478349295944,B6010057263,S23027,,2025-10-10 20:02:25+00:00,,Eastern Terminal,KTA-KTA217WB,nan,-,,KTA,1.2,
2025-10-14,981827293892025,B5010048788,76,,2025-10-13 12:22:00+00:00,,Aldine Mail Route,HDY-ALDN-30,nan,-,,HCTRA,1.08,
2025-10-09,294793966012829,B6010107782,8320,,2025-10-08 14:57:37+00:00,,gpw-obml-50,GPW-OBML,nan,-,,HCTRA,4.8,
2025-10-10,460006427748962,B6010065788,8115,,2025-10-09 16:45:37+00:00,,Wichita K-15  I-135/I-235,KTA-KTA043NB,nan,-,,KTA,0.41,
2025-10-14,208996933204544,B6010107807,8659,,2025-10-13 12:51:27+00:00,,East Plaza,1853,nan,-,,SCNT,7.6,
2025-10-11,482105421875706,B6010105847,8343,,2025-10-10 09:02:31+00:00,,43 - I-80 WB,43,nan,-,,ILTOLL,6.1,
2025-10-11,660847894573159,B6010057263,S23027,,2025-10-10 13:57:59+00:00,,Mulvane K-53  US-160,KTA-KTA021SB,nan,-,,KTA,0.67,
2025-10-08,226449498407358,B6010035637,8349,,2025-10-07 21:05:39+00:00,,h13-mustc-06,H13-MUSTC,nan,-,,HCTRA,6.54,
2025-10-16,198386096091287,B5010022318,255,,2025-10-10 23:01:23+00:00,,Oklahoma City,TRN-OKCWGT-04,nan,-,,OTA,22.12,
2025-11-08,162230693740295,V5307HY-TN,265,,2025-10-08 07:05:15+00:00,,Decker Prairie Mainlane - EZ TAG Only,MCT-DECKR-09,nan,-,,HCTRA,6.39,
2025-10-14,249888765865531,B5010022290,S22013,,2025-10-09 13:41:13+00:00,,Wichita K-15  I-135/I-235,KTA-KTA043NB,nan,-,,KTA,0.14,
2025-10-10,209729125331578,B5010036855,266,,2025-10-09 01:29:37+00:00,,Wichita K-96  US-54 Kellogg,KTA-KTA050NB,nan,-,,KTA,0.41,
2025-10-11,253880059529140,B6010119909,8334,,2025-10-09 04:13:52+00:00,,130-skysp-02 4104,13C-SKYSB,nan,-,,HCTRA,12.73,
2025-10-14,129329368056745,B6010086453,8649,,2025-10-13 10:08:06+00:00,,51 - York Mainline,51,nan,-,,ILTOLL,8.15,
2025-10-15,365534596507107,B6010167872,8310,,2025-10-13 18:19:28+00:00,,s45-semlp-08,S45-SEMLP-08/09,nan,-,,HCTRA,3.9,
2025-10-14,439865170924156,B6010107782,8320,,2025-10-13 16:39:42+00:00,,Eldridge,KTY-ELDRW-01,nan,-,,HCTRA,7.0,
2025-10-12,249495923521596,B6010108558,S24036,,2025-10-10 23:19:23+00:00,,FMT : Fort McHenry Tunnel,FMT,nan,-,,MdTA,4.0,
2025-10-08,136145117056489,B6010174780,S17033,,2025-10-07 21:51:09+00:00,,Sam Houston North Plaza,SHT-SAMN-10,nan,-,,HCTRA,1.35,
2025-10-12,179375776435361,C466HR-TN,S23012,,2025-10-10 21:07:39+00:00,,Exit 259 - Unionville-Indian Trail Road,M05,nan,-,,NCTA,0.22,
2025-10-12,485263333345071,B5010065476,S23032,,2025-10-10 21:17:59+00:00,,Exit 260 - N. Rocky River Road,M07,nan,-,,NCTA,0.63,
2025-10-10,193091277236052,B6010039125,8346,,2025-10-08 12:56:10+00:00,,I-820 East Entrance,I820-I35W-3,nan,-,,NTTA,24.2,
2025-10-08,796529023437635,B5010058944,206,,2025-10-07 22:39:05+00:00,,Emporia I-35  Cassoday K-177,KTA-KTA123NB,nan,-,,KTA,4.83,
2025-10-10,274832833732368,B6010174780,S17033,,2025-10-09 07:06:51+00:00,,Sam Houston North Plaza,SHT-SAMN-06,nan,-,,HCTRA,1.35,
2025-10-10,312810993851308,B6010204247,8436,,2025-10-09 11:08:39+00:00,,Marshall Drive (MARDR),PGBW-MARDR-03,nan,-,,NTTA,2.6,
2025-10-18,198445411190407,B6010057267,S23029,,2025-10-13 12:27:05+00:00,,Oklahoma City,TRN-OKCWGT-04,nan,-,,OTA,5.4,
2025-10-11,244837184018838,B5010022289,S22012,,2025-10-10 10:48:49+00:00,,Council Grove US-56  Emporia,KTA-KTA146NB,nan,-,,KTA,0.96,
2025-10-11,272277729603646,B6010105847,8343,,2025-10-10 16:49:37+00:00,,77 - Roosevelt Road (Illinois 38),77,nan,-,,ILTOLL,5.7,
2025-10-12,448100399104563,B6010034685,8537,,2025-10-10 08:18:34+00:00,,Sam Houston North Plaza,SHT-SAMN-06,nan,-,,HCTRA,7.0,
2025-10-11,269539679512294,B5010061410,8531,,2025-10-10 16:29:18+00:00,,Eastern Terminal,KTA-KTA217WB,nan,-,,KTA,3.45,
2025-10-10,211807014267756,B6010107803,8660,,2025-10-09 13:47:15+00:00,,Council Grove US-56  Emporia,KTA-KTA146NB,nan,-,,KTA,2.76,
2025-10-10,476946501178441,B6010119955,8347,,2025-10-09 16:36:43+00:00,,John F Kennedy Bridge-RiverLink,DTS,nan,-,,RIVERLIN,13.33,
2025-10-09,199204499863183,B6010066112,S24003,,2025-10-08 21:16:54+00:00,,Lawrence : US-59,KTA-KTA202EB,nan,-,,KTA,0.1,
2025-10-09,224078105590442,U511883-TN,15059,,2025-10-08 03:32:55+00:00,,Frankford Main Lane Gantry (MLP8),PGBT-MLP8-12,nan,-,,NTTA,9.3,
2025-10-09,485342455118766,B6010205361,8518,,2025-10-08 05:37:35+00:00,,Airport Plaza,H13-APORT,nan,-,,HCTRA,6.54,
2025-10-09,216140607246705,B6010205357,1116,,2025-10-08 11:04:31+00:00,,51 - York Mainline,51,nan,-,,ILTOLL,8.15,
2025-10-14,268235783450837,B6010057263,S23027,,2025-10-13 14:48:51+00:00,,Andover 21st  Wichita K-96,KTA-KTA056SB,nan,-,,KTA,0.19,
2025-10-17,156402994890943,B6010035722,8551,,2025-10-13 15:04:36+00:00,,s45-semlp-08,S45-SEMLP-08/09,nan,-,,HCTRA,3.9,
2025-10-11,219266588201873,B5010022289,S22012,,2025-10-10 10:32:12+00:00,,151sb,KTA-KTA151SB-03,nan,-,,KTA,1.44,
2025-10-13,300186821301395,B5010022318,255,,2025-10-11 02:08:58+00:00,,US 75-Glenpool,CRK-75GLPL-02,nan,-,,OTA,1.81,
2025-10-15,143846659584256,B6010075120,8622,,2025-10-14 18:22:28+00:00,,Mainlane Plaza North of SH 146,GPW-146ML,nan,-,,HCTRA,14.24,
2025-10-12,493412608798322,B6010057268,S23012,,2025-10-11 07:59:36+00:00,,Exit 260 - N. Rocky River Road,M08,nan,-,,NCTA,0.63,
2025-10-11,257744639310979,B5010058944,206,,2025-10-10 04:58:22+00:00,,Cassoday K-177  El Dorado US-77,KTA-KTA087SB,nan,-,,KTA,2.21,
2025-10-10,115907831818498,B6010107803,8660,,2025-10-09 14:26:22+00:00,,Lecompton K-10  Topeka I-70  K-4,KTA-KTA191EB,nan,-,,KTA,2.07,
2025-10-10,305263300975633,B6010057263,S23027,,2025-10-09 15:58:55+00:00,,Southern Terminal: Border  US-160,KTA-KTA017SB,nan,-,,KTA,0.91,
2025-10-10,197375244551370,B5010058921,420661,,2025-10-08 09:23:21+00:00,,I 40-Henryetta,IN-EFLML-05,nan,-,,OTA,2.53,
2025-10-12,318592247772624,B6010039104,8332,,2025-10-10 03:02:36+00:00,,Sam Houston East Plaza,SHT-SAME-08,nan,-,,HCTRA,7.0,
2025-10-15,648420477829649,B6010057268,S23012,,2025-10-14 08:09:19+00:00,,Exit 260 - N. Rocky River Road,M08,nan,-,,NCTA,0.63,
2025-11-09,175183599300202,V5307HY-TN,265,,2025-10-09 17:46:44+00:00,,249b-fm1774-45,249-174ML-45/46/47,nan,-,,HCTRA,15.6,
2025-10-10,176226600761824,B6010087000,8651,,2025-10-09 12:27:45+00:00,,45 - I-80 EB,45,nan,-,,ILTOLL,6.1,
2025-10-10,868445043635014,B6010174721,77,,2025-10-09 03:42:08+00:00,,0X - Golden Glades Plaza,006300,nan,-,,FDOT,4.64,
2025-10-16,132462554726163,B6010119901,8329,,2025-10-14 09:34:57+00:00,,A 99,A99,nan,-,,PTC,7.16,
2025-10-14,562276615621332,B6010205357,1116,,2025-10-13 11:40:13+00:00,,73 - Army Trail Road Mainline,73,nan,-,,ILTOLL,8.15,
2025-10-12,485942583182015,B6010107803,8660,,2025-10-11 17:59:19+00:00,,h13-mustc-06,H13-MUSTC,nan,-,,HCTRA,6.54,
2025-10-09,175861323736788,U057473-TN,2886,,2025-10-07 22:33:35+00:00,,Parker Main Lane Gantry (MLP3),DNT-MLP3-11,nan,-,,NTTA,7.38,
2025-10-13,133101452425239,B6010039142,7961,,2025-10-11 07:43:34+00:00,,Cameron Plaza,H13-CAMRO,nan,-,,HCTRA,6.54,
2025-10-11,203622807011338,B5010061410,8531,,2025-10-10 18:25:05+00:00,,Cassoday K-177  El Dorado US-77,KTA-KTA087SB,nan,-,,KTA,2.21,
2025-10-10,283655945241588,B6010057267,S23029,,2025-10-08 07:18:53+00:00,,I-35,JKT-I35-04,nan,-,,OTA,0.66,
2025-10-14,279011596177123,B6010219218,8402,,2025-10-13 13:01:15+00:00,,El Dorado US-77  Andover 21st,KTA-KTA061SB,nan,-,,KTA,1.93,
2025-10-08,170706300924797,B5010058944,206,,2025-10-07 23:13:58+00:00,,Andover 21st  Wichita K-96,KTA-KTA056SB,nan,-,,KTA,0.55,
2025-10-12,234823520157469,B6010107803,8660,,2025-10-11 07:53:12+00:00,,El Dorado US-77  Andover 21st,KTA-KTA061SB,nan,-,,KTA,1.93,
2025-10-10,226357813650154,B5010065474,S23015,,2025-10-08 21:37:08+00:00,,Exit 264 - U.S. 601,M09,nan,-,,NCTA,0.29,
2025-10-20,314307086094967,B6010086558,8640,,2025-10-13 14:50:21+00:00,,Sam Houston Ship Channel Bridge,SHT-SHIP-51,nan,-,,HCTRA,8.0,
2025-10-11,453072608936958,B6010219260,8322,,2025-10-09 13:25:10+00:00,,h13-mustc-06,H13-MUSTC,nan,-,,HCTRA,6.54,
2025-10-15,304866510099504,B6010167867,8333,,2025-10-13 17:58:26+00:00,,Chelyan (Toll Plaza C),C,nan,-,,WVPEDTA,13.0,
2025-10-11,146429956474260,B6010119859,8338,,2025-10-10 08:45:41+00:00,,Frankford Main Lane Gantry (MLP8),PGBT-MLP8-13,nan,-,,NTTA,6.2,
2025-10-13,522298771712101,B6010119884,8406,,2025-10-10 23:00:39+00:00,,130-skysp-02 4104,13C-SKYSB,nan,-,,HCTRA,12.73,
2025-10-14,123594822079536,B6010057263,S23027,,2025-10-13 15:19:50+00:00,,Mulvane K-53  US-160,KTA-KTA021SB,nan,-,,KTA,0.67,
2025-10-12,152864923382870,B6010034685,8537,,2025-10-08 20:27:35+00:00,,13c-blusb-01,13C-BLUSB,nan,-,,HCTRA,27.81,
2025-10-10,174496568160289,B6010119909,8334,,2025-10-09 03:47:24+00:00,,Cameron Plaza,H13-CAMRO,nan,-,,HCTRA,6.54,
2025-10-09,127962662469189,B5010017609,8441,,2025-10-08 13:47:05+00:00,,gpw-nwml-90,GPW-NWML,nan,-,,HCTRA,5.2,
2025-10-09,171875364988219,B5010058944,206,,2025-10-08 04:30:05+00:00,,Cassoday K-177  El Dorado US-77,KTA-KTA087SB,nan,-,,KTA,2.21,
2025-10-15,171873998714948,B5010051658,8504,,2025-10-14 14:03:58+00:00,,130-dkcrp-06 307,H13-DECKC,nan,-,,HCTRA,6.54,
2025-10-12,250554067352355,B6010065788,8115,,2025-10-11 15:13:11+00:00,,Cassoday K-177  El Dorado US-77,KTA-KTA087SB,nan,-,,KTA,2.21,
2025-10-13,204085240676571,B5010028610,8446,,2025-10-12 19:52:53+00:00,,h13-mustc-06,H13-MUSTC,nan,-,,HCTRA,4.36,
2025-10-16,393423464587456,B6010035722,8551,,2025-10-13 15:29:19+00:00,,Cameron Plaza,H13-CAMRO,nan,-,,HCTRA,6.54,
2025-10-15,259786993913407,B5010055206,8501,,2025-10-08 01:28:17+00:00,,I635-TIBD TI Boulevard TEXpress Entrance,I635-I635W-7,nan,-,,NTTA,7.8,
2025-10-15,160176067759240,B6010057263,S23027,,2025-10-14 15:46:15+00:00,,Cassoday K-177  El Dorado US-77,KTA-KTA087SB,nan,-,,KTA,0.77,
2025-10-24,294809185261675,B6010174711,79,,2025-10-13 23:15:10+00:00,,West Main Plaza (Hyde Park),101720,nan,-,,THEA,5.6,
2025-10-15,310108938428950,B6010119951,8311,,2025-10-14 15:13:50+00:00,,Wichita I-135/I-235  Haysville-Derby,KTA-KTA040SB,nan,-,,KTA,0.41,
2025-10-10,126530763861521,B5010022318,255,,2025-10-08 08:04:43+00:00,,Turner Turnpike - KKP ML,TRN-KKPML-03,nan,-,,OTA,5.36,
2025-10-11,131776658346135,B6010039125,8346,,2025-10-08 13:16:48+00:00,,SH183-RGLRW Regal Row,SH183-RGLRW-45,nan,-,,NTTA,2.08,
2025-10-09,526245563555320,B6010075131,8629,,2025-10-08 07:25:12+00:00,,West Plaza,1851,nan,-,,SCNT,7.6,
2025-10-10,205075023564202,410462470,S20034,,2025-10-08 23:36:05+00:00,,96 - Forest Boulevard,096,nan,-,,FDOT,0.35,
2025-10-10,310074225852202,B5010036855,266,,2025-10-09 00:29:47+00:00,,Wichita K-15  I-135/I-235,KTA-KTA043NB,nan,-,,KTA,0.41,
2025-10-13,198769661943116,B6010105982,8120,,2025-10-12 08:30:59+00:00,,130-dkcrp-06 307,H13-DECKC,nan,-,,HCTRA,6.54,
2025-10-14,262731097721875,B6010108042,8618,,2025-10-12 17:31:15+00:00,,1 - South Beloit Mainline,1,nan,-,,ILTOLL,10.15,
2025-10-15,206621641413209,1662893701108,207,,2025-10-13 22:21:40+00:00,,Sam Houston NE Mainlane,SHT-SAMNE-04,nan,-,,HCTRA,7.0,
2025-10-11,313835435101425,B5010022289,S22012,,2025-10-10 11:26:53+00:00,,Cassoday K-177  El Dorado US-77,KTA-KTA087SB,nan,-,,KTA,0.77,
2025-10-15,292958593336204,B6010075137,8635,,2025-10-13 07:49:55+00:00,,wr-miami,WR-MIAMI-11,nan,-,,OTA,7.66,
2025-10-11,328640862907871,B6010086458,8643,,2025-10-09 18:19:01+00:00,,96 - Forest Boulevard,096,nan,-,,FDOT,0.9,
2025-10-15,231361100428353,B5010051658,8504,,2025-10-14 13:55:07+00:00,,Cameron Plaza,H13-CAMRO,nan,-,,HCTRA,4.36,
2025-10-14,248187950513278,B5010036855,266,,2025-10-13 23:47:59+00:00,,El Dorado US-77  Andover 21st,KTA-KTA061SB,nan,-,,KTA,1.93,
2025-10-15,743191645325691,B5010065474,S23015,,2025-10-13 21:39:28+00:00,,Exit 260 - N. Rocky River Road,M07,nan,-,,NCTA,0.63,
2025-10-15,622397311031749,B5010036855,266,,2025-10-14 01:13:57+00:00,,El Dorado US-77  Andover 21st,KTA-KTA061SB,nan,-,,KTA,1.93,
2025-10-15,138864563675884,B6010075122,8612,,2025-10-14 12:33:35+00:00,,gpw-cmbml-21,GPW-CMBML,nan,-,,HCTRA,6.84,
2025-10-15,312411105001729,B6010052896,8605,,2025-10-14 07:23:48+00:00,,Belt Line Main Lane Gantry (MLP10),PGBT-MLP10-13,nan,-,,NTTA,2.96,
2025-10-15,229275111694253,B6010057263,S23027,,2025-10-14 14:53:06+00:00,,Haysville-Derby 71st  Mulvane K-53,KTA-KTA036SB,nan,-,,KTA,0.29,
2025-10-15,202411184463277,B6010057263,S23027,,2025-10-14 14:35:46+00:00,,Southern Terminal: Border  US-160,KTA-KTA017SB,nan,-,,KTA,0.91,
2025-10-08,906871323125977,B5010022427,1789,,2025-10-07 22:31:59+00:00,,gpw-nwml-90,GPW-NWML,nan,-,,HCTRA,5.2,
2025-10-12,330992980385629,B6010065788,8115,,2025-10-11 15:49:42+00:00,,Wichita K-15  I-135/I-235,KTA-KTA043NB,nan,-,,KTA,0.41,
2025-10-11,231127492742379,B5010058921,420661,,2025-10-09 06:05:40+00:00,,I 40-Henryetta,IN-EFLML-05,nan,-,,OTA,2.53,
2025-10-15,160143268460157,B6010205371,8401,,2025-10-13 14:54:51+00:00,,I635-I635W TEXpress at US 75,I635-I35E-14,nan,-,,NTTA,11.2,
2025-10-14,996103593220908,B6010205367,8427,,2025-10-13 09:54:14+00:00,,Arkansas Mainlane Gantry (MLG12),PGBW-MLG12-03,nan,-,,NTTA,5.4,
2025-10-11,288127357647436,B5010058924,S23001,,2025-10-09 03:51:03+00:00,,Toll Gantry 5 288 NB DC to Sam Houston Toll,288-NBSHT-41,nan,-,,HCTRA,11.84,
2025-10-11,313160792223668,B6010039142,7961,,2025-10-09 10:51:44+00:00,,I35W-ALLIANCE Gateway Entrance,I35W-ALLIANCE-19,nan,-,,NTTA,25.8,
2025-10-11,224092926603139,B5010022318,255,,2025-10-09 21:45:44+00:00,,jkt-us77,JKT-US77-11,nan,-,,OTA,2.27,
2025-10-15,115019151903701,B5010060221,8152,,2025-10-11 08:17:31+00:00,,Belt Line Road (BELRD),DNT-BELRD-02,nan,-,,NTTA,1.8,
2025-10-12,246757532887088,B6010174709,251,,2025-10-10 21:38:11+00:00,,East Main Plaza (78th Street),T65,nan,-,,FDOT,2.13,
2025-10-14,178195367360459,B6010219218,8402,,2025-10-13 12:50:38+00:00,,El Dorado US-77  US-254,KTA-KTA073SB,nan,-,,KTA,0.69,
2025-10-16,374800112295222,B6010075145,8633,,2025-10-14 12:47:33+00:00,,T 310,T310,nan,-,,PTC,8.28,
2025-10-23,183219365734262,B6010174786,S20046,,2025-10-10 08:09:13+00:00,,16W - Sprtsplx/NJ 3/Secaucus/Ruthrfrd,16W,nan,-,,NJTP,8.12,
2025-10-11,829165528990442,B5010022289,S22012,,2025-10-10 15:21:26+00:00,,Lecompton K-10  Topeka I-70  K-4,KTA-KTA191EB,nan,-,,KTA,0.72,
2025-10-11,858608512625760,B6010105935,8335,,2025-10-09 11:32:32+00:00,,Sam Houston North Plaza,SHT-SAMN-10,nan,-,,HCTRA,7.0,
2025-10-13,110825493021427,B6010108042,8618,,2025-10-12 16:04:51+00:00,,39 - 83rd St Mainline,39,nan,-,,ILTOLL,8.15,
2025-10-11,149528533451794,B5010028610,8446,,2025-10-09 23:26:46+00:00,,Cameron Plaza,H13-CAMRO,nan,-,,HCTRA,6.54,
2025-10-11,248426292271335,B5010050873,1027,,2025-10-09 22:15:27+00:00,,13c-blusb-01,13C-BLUNB,nan,-,,HCTRA,27.81,
2025-10-12,210628325646003,B6010125735,S24018,,2025-10-10 22:57:10+00:00,,133 - Stuart,004140,nan,-,,FDOT,1.47,
2025-10-09,104304013291976,B6010204230,8516,,2025-10-08 16:25:49+00:00,,Cameron Plaza,H13-CAMRO,nan,-,,HCTRA,6.54,
2025-10-09,212309763809340,B6010174719,214,,2025-10-07 21:46:59+00:00,,Sam Houston NE Mainlane,SHT-SAMNE-04,nan,-,,HCTRA,7.0,
2025-10-09,100420737150900,B6010035637,8349,,2025-10-07 20:17:48+00:00,,13c-blusb-01,13C-BLUNB,nan,-,,HCTRA,27.81,
2025-10-09,103110451061032,B6010205361,8518,,2025-10-08 05:22:25+00:00,,Cameron Plaza,H13-CAMRO,nan,-,,HCTRA,6.54,
2025-10-09,141193822167291,B6010057268,S23012,,2025-10-08 07:50:35+00:00,,Exit 266 - Morgan Mill Road,M12,nan,-,,NCTA,0.64,
2025-10-11,434988634694128,B6010219218,8402,,2025-10-10 12:01:36+00:00,,Andover 21st  Wichita K-96,KTA-KTA056SB,nan,-,,KTA,0.55,
2025-10-11,188050192525591,B5010065476,S23032,,2025-10-09 20:56:06+00:00,,Exit 260 - N. Rocky River Road,M07,nan,-,,NCTA,0.63,
2025-10-12,302446865468726,B5010022318,255,,2025-10-10 15:21:54+00:00,,I-35,JKT-I35-04,nan,-,,OTA,2.27,
2025-10-09,232317470704299,B6010066112,S24003,,2025-10-08 21:30:50+00:00,,Lecompton K-10  Topeka I-70  K-4,KTA-KTA191EB,nan,-,,KTA,0.72,
2025-10-09,204579643687794,B6010107803,8660,,2025-10-08 15:10:28+00:00,,s45-semlp-08,S45-SEMLP-08/09,nan,-,,HCTRA,3.9,
2025-10-09,293190827769524,B6010172681,221,,2025-10-07 22:21:35+00:00,,jkt-wstrn,JKT-WSTRN-05,nan,-,,OTA,4.6,
2025-10-10,229001734244790,B6010075118,8620,,2025-10-08 17:23:30+00:00,,130-dkcrp-06 307,H13-DECKC,nan,-,,HCTRA,6.54,
2025-10-10,312603506210473,B5010065476,S23032,,2025-10-08 21:03:11+00:00,,Exit 257 - Indian Trail-Fairview Road,M03,nan,-,,NCTA,0.36,
2025-10-14,289212991534770,B6010052900,8616,,2025-10-12 09:06:03+00:00,,13c-blusb-01,13C-BLUNB,nan,-,,HCTRA,27.81,
2025-10-11,108885647594056,B5010022289,S22012,,2025-10-10 09:49:23+00:00,,Lawrence US-59S  Lecompton K-10,KTA-KTA201WB,nan,-,,KTA,0.24,
2025-10-11,276508750403239,B5010061410,8531,,2025-10-10 16:42:29+00:00,,Lawrence : US-59,KTA-KTA202EB,nan,-,,KTA,0.28,
2025-10-13,321496314458024,B6010052900,8616,,2025-10-12 09:56:38+00:00,,h13-mustc-06,H13-MUSTC,nan,-,,HCTRA,6.54,
2025-10-17,255866209621481,B6010205462,8327,,2025-10-12 18:57:42+00:00,,130-skysp-02 4104,13C-SKYSB,nan,-,,HCTRA,12.73,
2025-10-12,229577402564280,B5010061401,8517,,2025-10-11 11:15:03+00:00,,Sam Houston Central Plaza,SHT-SAMC-14,nan,-,,HCTRA,7.0,
2025-10-22,328154354481327,B5010051658,8504,,2025-10-14 14:21:12+00:00,,130-skysp-02 4104,13C-SKYSB,nan,-,,HCTRA,12.73,
2025-10-11,150315803289533,B6010057267,S23029,,2025-10-09 07:27:56+00:00,,jkt-nwexp,JKT-NWEXP-02,nan,-,,OTA,1.08,
2025-10-15,296737914399359,B6010205359,8529,,2025-10-14 12:07:48+00:00,,Belt Line Road (BELRD),DNT-BELRD-05,nan,-,,NTTA,1.8,
2025-10-21,498377514553145,B5010051658,8504,,2025-10-14 15:04:27+00:00,,13c-blusb-01,13C-BLUSB,nan,-,,HCTRA,27.81,
2025-10-09,332125079279034,B6010204247,8436,,2025-10-08 10:28:20+00:00,,Marshall Drive (MARDR),PGBW-MARDR-03,nan,-,,NTTA,2.6,
2025-10-09,152752992446787,B6010057263,S23027,,2025-10-08 20:06:31+00:00,,Eastern Terminal,KTA-KTA217WB,nan,-,,KTA,1.2,
2025-10-11,284586457109636,B5010022289,S22012,,2025-10-10 12:00:36+00:00,,Lawrence : US-59,KTA-KTA202EB,nan,-,,KTA,0.24,
2025-10-13,124534640418287,B6010086525,8645,,2025-10-10 11:11:15+00:00,,Sam Houston North Plaza,SHT-SAMN-05,nan,-,,HCTRA,7.0,
2025-10-13,309104911035931,B6010035637,8349,,2025-10-12 07:38:05+00:00,,gpw-mokml-50,GPW-MOKML,nan,-,,HCTRA,5.6,
2025-10-16,241182459104009,B5010060221,8152,,2025-10-14 13:49:51+00:00,,Airport Plaza,H13-APORT,nan,-,,HCTRA,4.36,
2025-10-15,301634435450074,B6010174709,251,,2025-10-14 09:59:30+00:00,,0.4 - Mainline Plaza (Z-Move),4CO,nan,-,,FDOT,1.71,
2025-10-16,972004026800806,B6010086526,8655,,2025-10-14 09:03:54+00:00,,Fort Bend Pkwy Extension Mainlane from 90A,SHT-90A-03,nan,-,,HCTRA,7.0,
2025-10-09,227150873532782,B6010205367,8427,,2025-10-08 02:32:36+00:00,,gpw-spnml-51,GPW-SPNML,nan,-,,HCTRA,10.04,
2025-10-12,151916134496185,B6010086561,8654,,2025-10-10 14:48:25+00:00,,Sam Houston SE Plaza,SHT-SAMSE-04,nan,-,,HCTRA,7.0,
2025-10-14,200667394362214,B6010219218,8402,,2025-10-13 13:22:16+00:00,,Haysville-Derby 71st  Mulvane K-53,KTA-KTA036SB,nan,-,,KTA,0.83,
2025-10-15,296900995296521,B6010105982,8120,,2025-10-13 08:43:46+00:00,,wr-bgcbn,WR-BGCBN-13,nan,-,,OTA,11.31,
2025-10-08,175361819706348,B5010022289,S22012,,2025-10-07 20:52:03+00:00,,Lawrence : US-59,KTA-KTA202EB,nan,-,,KTA,0.1,
2025-10-16,175693744101268,B6010119901,8329,,2025-10-14 09:53:05+00:00,,A 77,A77,nan,-,,PTC,8.0,
2025-10-14,191433534447904,B5010058942,259,,2025-10-13 22:00:35+00:00,,Lawrence : US-59,KTA-KTA202EB,nan,-,,KTA,0.28,
2025-10-15,322496074175944,B6010057268,S23012,,2025-10-13 21:38:06+00:00,,Exit 270 - Austin Chaney Road,M13,nan,-,,NCTA,0.48,
2025-10-20,108094983189000,B6010066093,S24015,,2025-10-13 19:17:37+00:00,,SR874 South (at Tpke),S80,nan,-,,MDX,0.23,
2025-10-11,171390389600493,B6010172681,221,,2025-10-09 21:19:05+00:00,,jkt-wstrn,JKT-WSTRN-05,nan,-,,OTA,4.6,
2025-10-16,146696255573512,U227101-TN,13120,,2025-10-09 18:33:34+00:00,,Hardy South Plaza,HDY-HDYS-05,nan,-,,HCTRA,8.4,
2025-10-15,212268031611413,B6010086474,8648,,2025-10-13 03:59:09+00:00,,130-skysp-02 4104,13C-SKYSB,nan,-,,HCTRA,12.73,
2025-11-09,155641724647316,V5307HY-TN,265,,2025-10-09 06:08:12+00:00,,sht-sh249-31,249-149N,nan,-,,HCTRA,3.68,
2025-10-15,464293959923079,B6010057263,S23027,,2025-10-10 15:49:47+00:00,,Emporia I-35  Cassoday K-177,KTA-KTA123NB,nan,-,,KTA,1.68,
2025-10-16,270480245873327,B6010052909,8610,,2025-10-14 11:25:47+00:00,,T 349,T349,nan,-,,PTC,6.6,
2025-10-10,256184306691526,B6010107803,8660,,2025-10-09 12:44:50+00:00,,El Dorado US-77  US-254,KTA-KTA073SB,nan,-,,KTA,0.69,
2025-10-10,507448367044614,B6010174721,77,,2025-10-08 22:53:45+00:00,,49 - Hollywood,006120,nan,-,,FDOT,2.32,
2025-10-16,269774406711272,B6010052915,8606,,2025-10-14 09:48:56+00:00,,A 31,A31,nan,-,,PTC,8.0,
2025-10-08,179145464972352,B5010022289,S22012,,2025-10-07 21:20:56+00:00,,Lawrence US-59S  Lecompton K-10,KTA-KTA201WB,nan,-,,KTA,0.24,
2025-10-13,128248225387970,B6010108554,S24035,,2025-10-11 01:07:19+00:00,,Sully Rd,063,nan,-,,VDOT,2.0,
2025-10-09,184112727768001,B6010039121,8435,,2025-10-08 12:56:30+00:00,,130-dkcrp-06 307,H13-DECKC,nan,-,,HCTRA,6.54,
2025-10-12,108383579243517,B6010065788,8115,,2025-10-11 15:24:03+00:00,,El Dorado US-77  US-254,KTA-KTA073SB,nan,-,,KTA,0.69,
2025-10-10,170457306993098,B6010311304,None,,2025-10-09 14:26:30+00:00,,1 - South Beloit Mainline,1,nan,-,,ILTOLL,10.15,
2025-10-12,279298758782551,B6010052898,8615,,2025-10-10 11:29:07+00:00,,Arkansas Lane (ARKLN),PGBW-ARKLN-02,nan,-,,NTTA,1.84,
2025-10-10,852495290146197,B5010058942,259,,2025-10-09 21:34:04+00:00,,Eastern Terminal,KTA-KTA217WB,nan,-,,KTA,3.45,
2025-10-13,920000729139330,B5010060214,9112,,2025-10-12 15:49:39+00:00,,Cameron Plaza,H13-CAMRO,nan,-,,HCTRA,6.54,
2025-10-09,244771678209268,B6010057268,S23012,,2025-10-08 07:57:40+00:00,,Exit 259 - Unionville-Indian Trail Road,M06,nan,-,,NCTA,0.22,
2025-10-10,259813355338214,B6010284390,8447,,2025-10-09 14:39:06+00:00,,Lewis and Clark Bridge,ECN,nan,-,,RIVERLIN,13.33,
2025-10-15,121054600041859,B6010174711,79,,2025-10-13 23:46:11+00:00,,East Main Plaza (78th Street),T64,nan,-,,FDOT,8.52,
2025-10-10,144432000050325,B6010311304,None,,2025-10-09 15:39:50+00:00,,63 - Illinois 31,63,nan,-,,ILTOLL,6.1,
2025-10-16,107317119142481,B6010052909,8610,,2025-10-14 11:42:25+00:00,,T 331,T331,nan,-,,PTC,6.32,
2025-10-16,192396389833744,B6010119901,8329,,2025-10-14 09:12:41+00:00,,121 - Keyser Avenue Mainline Toll Plaza,A121,nan,-,,PTC,6.32,
2025-10-16,301329328227944,B5010058924,S23001,,2025-10-14 04:32:44+00:00,,Toll Gantry 5 288 NB DC to Sam Houston Toll,288-NBSHT-41,nan,-,,HCTRA,5.92,
2025-10-14,105146993195718,B6010035659,8546,,2025-10-13 12:20:01+00:00,,Sam Houston Central Plaza,SHT-SAMC-08,nan,-,,HCTRA,7.0,
2025-10-14,184983548538434,B6010119921,8417,,2025-10-13 17:27:14+00:00,,Lewis and Clark Bridge,ECS,nan,-,,RIVERLIN,13.33,
2025-10-10,741451738831840,B6010057268,S23012,,2025-10-08 21:29:03+00:00,,Exit 270 - Austin Chaney Road,M13,nan,-,,NCTA,0.48,
2025-10-14,122872118757834,B6010057271,S23022,,2025-10-09 07:51:27+00:00,,Tulsa,TRN-TULSA-06,nan,-,,OTA,5.4,
2025-10-11,181544044400837,B6010075128,8632,,2025-10-08 21:48:29+00:00,,US 75-Glenpool,CRK-75GLPL-02,nan,-,,OTA,2.98,
2025-10-10,186146315326293,B5010028619,8527,,2025-10-09 07:34:23+00:00,,Wilcrest,KTY-WLCRE-01,nan,-,,HCTRA,7.0,
2025-10-15,232921276020870,U057481-TN,2894,,2025-10-09 18:11:58+00:00,,gpw-cfml-21,GPW-CFML,nan,-,,HCTRA,9.12,
2025-10-16,942688488690305,B6010065780,9076,,2025-10-14 06:40:02+00:00,,i35ws-us287s-22,I35WS-US287S-,nan,-,,NTTA,18.0,
2025-10-15,250280394329703,B5010022294,224320,,2025-10-08 21:42:23+00:00,,Oklahoma City,TRN-OKCWGT-03,nan,-,,OTA,1.98,
2025-10-11,275976189630660,B6010167834,8340,,2025-10-09 12:17:58+00:00,,91 - Fremont-Port Clinton,91,nan,-,,OTC,13.0,
2025-10-13,325721388382950,B5010058921,420661,,2025-10-11 05:42:20+00:00,,I 40-Henryetta,IN-EFLML-05,nan,-,,OTA,3.17,
2025-10-14,917163997746754,B6010052900,8616,,2025-10-10 11:07:40+00:00,,s45-semlp-04,S45-SEMLP-04/05,nan,-,,HCTRA,3.9,
2025-10-11,997477188482336,B6010086458,8643,,2025-10-10 09:34:38+00:00,,69 - Sample Road,069,nan,-,,FDOT,1.12,
2025-10-15,142335936681187,B6010119955,8347,,2025-10-14 14:48:58+00:00,,Haysville-Derby 71st  Mulvane K-53,KTA-KTA036SB,nan,-,,KTA,0.83,
2025-10-09,113403634886822,B6010125735,S24018,,2025-10-07 23:50:08+00:00,,133 - Stuart,004140,nan,-,,FDOT,1.47,
2025-10-11,212723164351181,B6010219260,8322,,2025-10-09 13:51:16+00:00,,Airport Plaza,H13-APORT,nan,-,,HCTRA,6.54,
2025-10-11,323958028582146,B6010057263,S23027,,2025-10-10 17:04:53+00:00,,Lawrence : US-59,KTA-KTA202EB,nan,-,,KTA,0.1,
2025-10-13,103363655749378,B6010065769,8407,,2025-10-12 18:31:49+00:00,,130-dkcrp-06 307,H13-DECKC,nan,-,,HCTRA,6.54,
2025-10-09,310831758017291,B6010075124,8625,,2025-10-08 10:40:10+00:00,,99 - Spring Creek Mainline,99,nan,-,,ILTOLL,16.3,
2025-10-11,215268142223209,B6010035710,8549,,2025-10-10 12:49:49+00:00,,Josey Main Lane Gantry (MLG2),SRT-MLG2-11,nan,-,,NTTA,7.64,
2025-10-11,307675536690009,B6010086525,8645,,2025-10-10 08:53:47+00:00,,South Main / US 90,SHT-US90-98,nan,-,,HCTRA,4.0,
2025-10-11,460211432807754,B6010204247,8436,,2025-10-10 06:44:26+00:00,,Marshall Drive (MARDR),PGBW-MARDR-03,nan,-,,NTTA,1.3,
2025-10-12,117210501915074,B6010057263,S23027,,2025-10-11 04:19:33+00:00,,Eastern Terminal,KTA-KTA217WB,nan,-,,KTA,1.2,
2025-10-12,342734585850344,B6010205371,8401,,2025-10-11 18:48:55+00:00,,gpw-vrml-51,GPW-VRML,nan,-,,HCTRA,8.8,
2025-10-12,478170624669109,B6010172681,221,,2025-10-10 20:32:46+00:00,,jkt-wstrn,JKT-WSTRN-05,nan,-,,OTA,4.6,
2025-10-16,166127541876350,B6010065769,8407,,2025-10-12 19:05:36+00:00,,13c-blusb-01,13C-BLUSB,nan,-,,HCTRA,27.81,
2025-10-16,531084783096103,C854HR-TN,S24015,,2025-10-11 03:42:37+00:00,,SR836 East (at 97th Ave),D26,nan,-,,FDOT,0.66,
2025-10-09,117195958889747,B6010039150,8109,,2025-10-07 23:16:27+00:00,,sht-samsw-04,SHT-SAMSW-03,nan,-,,HCTRA,3.5,
2025-10-09,297387117888284,B6010107782,8320,,2025-10-08 15:12:05+00:00,,Mainline Plaza: East of I-45,GPW-HRDML,nan,-,,HCTRA,2.2,
2025-10-16,325971113804800,B6010086519,8653,,2025-10-14 16:34:48+00:00,,Walters,HEB-WALTRS-10,nan,-,,OTA,2.32,
2025-10-11,262152917648239,B6010167872,8310,,2025-10-09 15:24:36+00:00,,Belt Line Road (BELRD),DNT-BELRD-02,nan,-,,NTTA,1.8,
2025-10-11,793948552363842,B6010086458,8643,,2025-10-09 16:47:52+00:00,,141 - Port St. Lucie,142,nan,-,,FDOT,0.9,
2025-10-10,304083559246472,B6010174721,77,,2025-10-08 20:20:22+00:00,,SR836 East (at 57th Ave),D30,nan,-,,MDX,1.32,
2025-10-09,330806404318291,B5010022289,S22012,,2025-10-08 05:08:59+00:00,,Tonganoxie-Eudora: 222nd St  Lawrence : US-59,KTA-KTA207WB,nan,-,,KTA,0.38,
2025-10-08,414363586245442,B6010039125,8346,,2025-10-07 20:59:49+00:00,,Cameron Plaza,H13-CAMRO,nan,-,,HCTRA,6.54,
2025-10-09,299375502345360,B6010039104,8332,,2025-10-08 14:11:37+00:00,,El Dorado US-77  Andover 21st,KTA-KTA061SB,nan,-,,KTA,1.93,
2025-10-13,179565230300614,B6010119922,8348,,2025-10-11 08:38:41+00:00,,h13-mustc-06,H13-MUSTC,nan,-,,HCTRA,6.54,
2025-10-11,298312616491725,B5010017627,S22015,,2025-10-10 22:28:17+00:00,,Cassoday K-177  El Dorado US-77,KTA-KTA087SB,nan,-,,KTA,0.77,
2025-10-11,125803935383439,B6010105963,8316,,2025-10-08 07:45:23+00:00,,I635-COIRD Coit Road Entrance,I635-COIRD-11,nan,-,,NTTA,27.6,
2025-10-12,144392725434879,B6010057263,S23027,,2025-10-11 03:40:43+00:00,,Topeka K-4  I-470,KTA-KTA179NB,nan,-,,KTA,0.24,
2025-10-12,286611763789746,B6010039142,7961,,2025-10-11 07:53:36+00:00,,h13-mustc-06,H13-MUSTC,nan,-,,HCTRA,6.54,
2025-10-14,622818972016051,B6010086453,8649,,2025-10-13 00:27:44+00:00,,42 - I-57/147th St (Illinois 83),42,nan,-,,ILTOLL,6.1,
2025-10-14,280593908255087,B6010065769,8407,,2025-10-12 18:49:36+00:00,,130-skysp-02 4104,13C-SKYSB,nan,-,,HCTRA,12.73,
2025-10-09,156265516719111,B6010057263,S23027,,2025-10-08 16:46:13+00:00,,Lawrence : US-59,KTA-KTA202EB,nan,-,,KTA,0.1,
2025-10-10,302383703949535,B5010065476,S23032,,2025-10-08 21:00:50+00:00,,Exit 255 - U.S. 74 (West),M01,nan,-,,NCTA,0.3,
2025-10-10,318350338059458,410462470,S20034,,2025-10-08 21:00:28+00:00,,47 - Miramar Plaza,047,nan,-,,FDOT,1.16,
2025-10-09,107206443824404,B6010204254,8105,,2025-10-08 08:49:56+00:00,,Chelyan (Toll Plaza C),C,nan,-,,WVPEDTA,13.0,
2025-10-09,159576584737670,B6010057268,S23012,,2025-10-07 21:19:59+00:00,,Exit 259 - Unionville-Indian Trail Road,M05,nan,-,,NCTA,0.22,
2025-10-10,715700035096954,B5010058921,420661,,2025-10-08 08:17:10+00:00,,in-us270,IN-US270-10,nan,-,,OTA,0.35,
2025-10-10,866122924470407,B5010034041,212,,2025-10-08 16:32:36+00:00,,jkt-us77,JKT-US77-11,nan,-,,OTA,2.27,
2025-10-11,161728293585465,B5010058944,206,,2025-10-10 05:30:24+00:00,,Emporia I-35  Cassoday K-177,KTA-KTA123NB,nan,-,,KTA,4.83,
2025-10-09,153699856564821,B6010057263,S23027,,2025-10-08 13:58:55+00:00,,Mulvane K-53  US-160,KTA-KTA021SB,nan,-,,KTA,0.67,
2025-10-11,687597574684279,B5010022290,S22013,,2025-10-08 15:00:15+00:00,,Lawrence : US-59,KTA-KTA202EB,nan,-,,KTA,0.24,
2025-10-14,979590217620608,U227027-TN,13564,,2025-10-08 15:00:42+00:00,,Mainline Plaza: East of I-45,GPW-HRDML,nan,-,,HCTRA,3.32,
2025-10-10,152705469290029,B5010061401,8517,,2025-10-09 06:39:16+00:00,,Cameron Plaza,H13-CAMRO,nan,-,,HCTRA,6.54,
2025-10-10,280833551632462,B6010086526,8655,,2025-10-09 11:53:04+00:00,,Sam Houston SW Plaza,SHT-SAMSW-08,nan,-,,HCTRA,7.0,
2025-10-13,368308574825647,B5010017613,8526,,2025-10-09 12:57:04+00:00,,130-skysp-02 4104,13C-SKYSB,nan,-,,HCTRA,12.73,
2025-10-12,134446636579208,B5010060221,8152,,2025-10-11 12:52:32+00:00,,Hardy North Plaza,HDY-HDYN-04,nan,-,,HCTRA,7.0,
2025-10-12,247481485377569,B6010086545,8405,,2025-10-11 08:03:59+00:00,,Sam Houston Central Plaza,SHT-SAMC-14,nan,-,,HCTRA,7.0,
2025-10-14,313766891433620,1662893701108,207,,2025-10-10 21:42:47+00:00,,Sam Houston NE Mainlane,SHT-SAMNE-04,nan,-,,HCTRA,7.0,
2025-10-14,241268172428713,B6010219218,8402,,2025-10-13 13:13:04+00:00,,Lawrence : US-59,KTA-KTA202EB,nan,-,,KTA,0.69,
2025-10-15,287467110446634,B6010057267,S23029,,2025-10-13 14:59:05+00:00,,I-35,JKT-I35-04,nan,-,,OTA,0.66,
2025-10-11,128490732654782,B6010066068,S24024,,2025-10-09 21:10:26+00:00,,Exit 255 - U.S. 74 (West),M01,nan,-,,NCTA,0.3,
2025-10-11,788715392678747,B6010108541,S24030,,2025-10-08 22:09:46+00:00,,"WPL : William Preston Lane, Jr. Memorial Bridge (Bay Bridge)",WPL,nan,-,,MdTA,4.0,
2025-10-11,271747319840011,B6010065788,8115,,2025-10-09 10:38:46+00:00,,I35W-I-30 W US 287 Entrance,I35W-I35WI30EAST-37,nan,-,,NTTA,23.0,
2025-10-15,987481940141821,B5010017609,8441,,2025-10-14 17:59:51+00:00,,Sam Houston South Plaza,SHT-SAMS-11,nan,-,,HCTRA,7.0,
2025-10-11,203319546638209,B6010086561,8654,,2025-10-10 09:13:08+00:00,,Hillcroft Ave.,SHT-HILL-78,nan,-,,HCTRA,4.0,
2025-10-10,124752388759848,B6010107803,8660,,2025-10-09 13:51:12+00:00,,151sb,KTA-KTA151SB-03,nan,-,,KTA,4.14,
2025-10-10,265636791735187,B6010107803,8660,,2025-10-09 12:12:30+00:00,,Haysville-Derby 71st  Mulvane K-53,KTA-KTA036SB,nan,-,,KTA,0.83,
2025-10-15,251617344928406,B6010075122,8612,,2025-10-14 12:55:11+00:00,,gpw-rfzml-16,GPW-RFZML,nan,-,,HCTRA,3.28,
2025-10-11,248037197617921,B6010107803,8660,,2025-10-10 17:19:15+00:00,,Topeka K-4  I-470,KTA-KTA179NB,nan,-,,KTA,0.69,
2025-10-11,310279496790593,B6010219218,8402,,2025-10-10 11:40:31+00:00,,Mulvane K-53  US-160,KTA-KTA021SB,nan,-,,KTA,1.93,
2025-10-14,149612561392232,B5010022294,224320,,2025-10-09 03:55:52+00:00,,Bristow-SH 66,TRN-BRSTW,nan,-,,OTA,3.36,
2025-10-10,203016773295703,B6010034685,8537,,2025-10-08 20:03:53+00:00,,Airport Plaza,H13-APORT,nan,-,,HCTRA,6.54,
2025-10-10,205209104550412,B5010017613,8526,,2025-10-09 12:38:48+00:00,,130-dkcrp-06 307,H13-DECKC,nan,-,,HCTRA,6.54,
2025-10-12,180496013428474,B5010058942,259,,2025-10-11 04:59:37+00:00,,Lecompton K-10  Topeka I-70  K-4,KTA-KTA191EB,nan,-,,KTA,2.07,
2025-10-11,302823329399185,B6010066112,S24003,,2025-10-10 22:29:49+00:00,,Lecompton K-10  Topeka I-70  K-4,KTA-KTA191EB,nan,-,,KTA,0.72,
2025-10-13,440538549306217,B6010172681,221,,2025-10-11 05:57:48+00:00,,N. End Gate I 40,JKT-I40SW15-01,nan,-,,OTA,7.36,
2025-10-11,153857808753200,B5010036855,266,,2025-10-10 23:44:18+00:00,,El Dorado US-77  Andover 21st,KTA-KTA061SB,nan,-,,KTA,1.93,
2025-10-12,262989864522120,B5010017818,9115,,2025-10-11 09:58:53+00:00,,43 - I-80 WB,43,nan,-,,ILTOLL,6.1,
2025-10-16,769499761031332,B6010052909,8610,,2025-10-14 09:19:37+00:00,,T 341,T341,nan,-,,PTC,5.48,
2025-10-14,246335000185521,B6010057263,S23027,,2025-10-13 12:10:19+00:00,,Eastern Terminal,KTA-KTA217WB,nan,-,,KTA,1.2,
2025-10-14,119851483742361,U227101-TN,13120,,2025-10-13 11:36:04+00:00,,Custer Main Lane Gantry (MLG3),SRT-MLG3-11,nan,-,,NTTA,15.84,
2025-10-11,183727250682478,B6010219260,8322,,2025-10-09 14:14:09+00:00,,13c-blusb-01,13C-BLUSB,nan,-,,HCTRA,27.81,
2025-10-11,244871520957057,B6010204984,8508,,2025-10-09 11:44:47+00:00,,gpw-rfzml-16,GPW-RFZML,nan,-,,HCTRA,3.28,
2025-10-10,174263761389768,B6010066093,S24015,,2025-10-08 03:58:39+00:00,,SR874 North (at Killian),S30,nan,-,,MDX,0.23,
2025-10-14,239403537984525,B5010061406,8525,,2025-10-12 13:32:50+00:00,,130-skysp-02 4104,13C-SKYSB,nan,-,,HCTRA,12.73,
2025-10-15,863862302447299,B5010028610,8446,,2025-10-14 18:39:10+00:00,,130-dkcrp-06 307,H13-DECKC,nan,-,,HCTRA,6.54,
2025-10-12,180297495383287,B6010219260,8322,,2025-10-10 17:05:54+00:00,,13c-blusb-01,13C-BLUNB,nan,-,,HCTRA,27.81,
2025-10-11,411662295114924,B5010065474,S23015,,2025-10-09 21:08:40+00:00,,Exit 259 - Unionville-Indian Trail Road,M05,nan,-,,NCTA,0.22,
2025-10-11,144292904511052,1662894601106,216,,2025-10-08 18:46:10+00:00,,249b-fm1774-45,249-174ML-45/46/47,nan,-,,HCTRA,10.4,
2025-10-15,290114952328670,B5010058942,259,,2025-10-14 05:10:26+00:00,,Tonganoxie-Eudora: 222nd St  Lawrence : US-59,KTA-KTA207WB,nan,-,,KTA,1.1,
2025-10-14,331462397536089,B6010066112,S24003,,2025-10-13 22:06:19+00:00,,Lawrence : US-59,KTA-KTA202EB,nan,-,,KTA,0.1,
2025-10-09,181743929253897,B5010065476,S23032,,2025-10-08 07:51:57+00:00,,Exit 266 - Morgan Mill Road,M12,nan,-,,NCTA,0.64,
2025-10-09,278547866762732,B6010057263,S23027,,2025-10-08 14:04:05+00:00,,Haysville-Derby 71st  Mulvane K-53,KTA-KTA036SB,nan,-,,KTA,0.29,
2025-10-14,738410694528802,B5010060221,8152,,2025-10-13 14:38:41+00:00,,Airport Plaza,H13-APORT,nan,-,,HCTRA,2.18,
2025-10-15,151546263824935,B6010205367,8427,,2025-10-13 09:49:45+00:00,,Lower Tarrant Mainlane Gantry (MLG11),PGBW-MLG11-03,nan,-,,NTTA,5.16,
2025-10-12,168774079032397,B6010105983,9042,,2025-10-11 14:28:01+00:00,,Cameron Plaza,H13-CAMRO,nan,-,,HCTRA,6.54,
2025-10-09,338604618777970,B6010107791,8657,,2025-10-07 20:45:28+00:00,,Sam Houston Central Plaza,SHT-SAMC-12,nan,-,,HCTRA,7.0,
2025-10-13,199318779056863,B6010034704,8541,,2025-10-09 17:54:08+00:00,,Sam Houston North Plaza,SHT-SAMN-05,nan,-,,HCTRA,7.0,
2025-10-13,231202837060803,C854HR-TN,S24015,,2025-10-08 21:01:58+00:00,,SR874 South (at Killian),S70,nan,-,,FDOT,0.23,
2025-10-18,533674857389228,B6010108554,S24035,,2025-10-13 22:57:40+00:00,,"Silver Spring, MD 20905, Toll Gantry",I10,nan,-,,MdTA,0.43,
2025-10-11,161089752848545,B6010039104,8332,,2025-10-09 06:25:39+00:00,,I35W-ALLIANCE Gateway Entrance,I35W-ALLIANCE-19,nan,-,,NTTA,27.0,
2025-10-12,286114626925059,B6010174710,8603,,2025-10-10 11:29:53+00:00,,Sam Houston North Plaza,SHT-SAMN-05,nan,-,,HCTRA,7.0,
2025-10-12,874187870127257,B6010205367,8427,,2025-10-10 07:39:19+00:00,,130-skysp-02 4104,13C-SKYSB,nan,-,,HCTRA,12.73,
2025-10-15,152866664782980,B6010205367,8427,,2025-10-14 17:10:48+00:00,,Wilcrest,KTY-WLCRE-01,nan,-,,HCTRA,7.0,
2025-10-16,171008953163375,U1524HY-TN,77,,2025-10-13 21:03:43+00:00,,SR836 East (at 57th Ave),D30,nan,-,,FDOT,1.32,
2025-10-10,231125203829027,B5010022289,S22012,,2025-10-07 20:48:26+00:00,,Tonganoxie-Eudora: 222nd St  Lawrence : US-59,KTA-KTA207WB,nan,-,,KTA,0.38,
2025-10-09,881553291110614,B5010065474,S23015,,2025-10-07 21:44:15+00:00,,Exit 257 - Indian Trail-Fairview Road,M03,nan,-,,NCTA,0.36,
2025-10-15,291103646691425,B6010075118,8620,,2025-10-14 06:34:56+00:00,,39 - 83rd St Mainline,39,nan,-,,ILTOLL,8.15,
2025-10-11,337127400157843,B5010022289,S22012,,2025-10-10 11:58:02+00:00,,Wichita K-96  US-54 Kellogg,KTA-KTA050NB,nan,-,,KTA,0.14,
2025-10-10,900577721313887,B6010039104,8332,,2025-10-09 06:33:43+00:00,,"I820-35WS South Entrance, Exit 57C",I35WS-820-31,nan,-,,NTTA,28.0,
2025-10-10,172837147769795,B5010022318,255,,2025-10-08 12:02:12+00:00,,N. End Gate I 40,JKT-I40SW15-01,nan,-,,OTA,7.36,
2025-10-10,368374424339053,B6010075118,8620,,2025-10-08 17:16:53+00:00,,Airport Plaza,H13-APORT,nan,-,,HCTRA,6.54,
2025-10-11,116920178255494,B5010017613,8526,,2025-10-09 13:51:55+00:00,,13c-h20x-01,13C-H20N,nan,-,,HCTRA,6.84,
2025-10-10,285441562984897,B5010063666,8204,,2025-10-09 15:13:44+00:00,,Belt Line Road (BELRD),DNT-BELRD-02,nan,-,,NTTA,1.35,
2025-10-14,102207368213070,B6010205361,8518,,2025-10-13 09:55:22+00:00,,Mainlane Plaza West of SH 146 (Bus.),GPW-146BE,nan,-,,HCTRA,2.64,
2025-10-11,171389017993342,B6010086458,8643,,2025-10-10 09:54:23+00:00,,88 - Lantana,004200,nan,-,,FDOT,1.5,
2025-10-12,979970471048433,B5010050873,1027,,2025-10-10 23:56:25+00:00,,Cameron Plaza,H13-CAMRO,nan,-,,HCTRA,6.54,
2025-10-12,290443604669534,B5010060214,9112,,2025-10-10 04:25:10+00:00,,130-skysp-02 4104,13C-SKYSB,nan,-,,HCTRA,12.73,
2025-10-11,258977187269184,B6010086545,8405,,2025-10-09 14:15:21+00:00,,gpw-cfml-21,GPW-CFML,nan,-,,HCTRA,6.08,
2025-10-10,164749036252995,B5010022294,224320,,2025-10-08 05:38:31+00:00,,I-35,JKT-I35-04,nan,-,,OTA,0.66,
2025-10-09,210136653411288,B6010119951,8311,,2025-10-07 21:10:24+00:00,,Gantry 4 - Westbound,SH114-HDRD-55,nan,-,,NTTA,3.32,
2025-10-10,606917597092685,B5010036855,266,,2025-10-09 01:23:27+00:00,,Wichita K-15  I-135/I-235,KTA-KTA043NB,nan,-,,KTA,0.41,
2025-10-14,973515875515777,B6010086453,8649,,2025-10-13 06:27:07+00:00,,35 - Cermak Mainline (22nd St),35,nan,-,,ILTOLL,8.15,
2025-10-15,274670209385755,B6010057263,S23027,,2025-10-14 15:34:44+00:00,,El Dorado US-77  US-254,KTA-KTA073SB,nan,-,,KTA,0.24,
2025-10-10,142831557454658,B6010057268,S23012,,2025-10-08 21:22:47+00:00,,Exit 264 - U.S. 601,M09,nan,-,,NCTA,0.29,
2025-10-09,166971736258439,B6010086458,8643,,2025-10-07 23:07:12+00:00,,Sam Houston North Plaza,SHT-SAMN-06,nan,-,,HCTRA,7.0,
2025-10-09,217155353144058,B6010057268,S23012,,2025-10-07 21:16:13+00:00,,Exit 255 - U.S. 74 (West),M01,nan,-,,NCTA,0.3,
2025-10-11,307343865801493,U057473-TN,2886,,2025-10-07 22:29:31+00:00,,Trinity Mills Main Lane Gantry (MLP2),DNT-MLP2-09,nan,-,,NTTA,8.34,
2025-10-16,240060196223183,B6010205371,8401,,2025-10-13 15:06:25+00:00,,Wycliff Main Lane Gantry (MLP1),DNT-MLP1-07,nan,-,,NTTA,7.76,
2025-10-11,223176296997753,B5010055206,8501,,2025-10-09 11:07:33+00:00,,Wirt,KTY-WIRTE-01,nan,-,,HCTRA,7.0,
2025-10-16,310058778520329,B5010022297,256,,2025-10-10 06:18:16+00:00,,Wilshire,JKT-BRTNML-01,nan,-,,OTA,1.56,
2025-10-10,218085753574063,B6010105963,8316,,2025-10-08 09:29:20+00:00,,I35E-SH121 Hwy 121,I35E-SH121-70,nan,-,,NTTA,4.64,
2025-10-11,220805380736594,C854HR-TN,S24015,,2025-10-07 20:33:29+00:00,,SR874 South (at SR826),S60,nan,-,,FDOT,0.47,
2025-10-10,274155067223964,B5010022290,S22013,,2025-10-09 13:30:07+00:00,,Mulvane K-53  US-160,KTA-KTA021SB,nan,-,,KTA,0.67,
2025-10-10,296040127617248,B6010057268,S23012,,2025-10-08 21:25:03+00:00,,Exit 266 - Morgan Mill Road,M11,nan,-,,NCTA,0.64,
2025-10-15,181919460509429,B6010125735,S24018,,2025-10-13 23:46:24+00:00,,133 - Stuart,004140,nan,-,,FDOT,1.47,
2025-10-12,240686215944754,B6010052898,8615,,2025-10-10 15:15:49+00:00,,h13-mustc-06,H13-MUSTC,nan,-,,HCTRA,6.54,
2025-10-15,134663169370156,B6010125735,S24018,,2025-10-14 00:33:51+00:00,,138 - Becker Road,004131,nan,-,,FDOT,0.43,
2025-10-16,314354591206732,B6010035600,8555,,2025-10-14 14:38:47+00:00,,A 45,A45,nan,-,,PTC,7.72,
2025-10-18,129210580372254,U782196-TN,18012,,2025-10-12 15:23:00+00:00,,130-skynp-01 4103,13C-SKYNB,nan,-,,HCTRA,15.7,
2025-10-10,208644007577200,B6010205462,8327,,2025-10-08 15:55:16+00:00,,Ghent (Toll Plaza A),AN,nan,-,,WVPEDTA,13.0,
2025-10-14,322969445028231,B6010057263,S23027,,2025-10-13 14:57:02+00:00,,Lawrence : US-59,KTA-KTA202EB,nan,-,,KTA,0.24,
2025-10-13,275298184896703,B6010039119,8421,,2025-10-11 18:26:32+00:00,,130-skysp-02 4104,13C-SKYSB,nan,-,,HCTRA,12.73,
2025-10-13,763329467094534,B6010075205,8644,,2025-10-12 12:58:51+00:00,,h13-mustc-06,H13-MUSTC,nan,-,,HCTRA,6.54,
2025-10-10,218063903349124,B6010057263,S23027,,2025-10-09 04:30:19+00:00,,Lawrence : US-59,KTA-KTA202EB,nan,-,,KTA,0.1,
2025-10-11,277300280735728,B6010205368,8513,,2025-10-09 14:10:50+00:00,,Airport Plaza,H13-APORT,nan,-,,HCTRA,2.18,
2025-10-11,213078337914241,B6010219224,8455,,2025-10-09 09:03:54+00:00,,4 - Westgate,2,nan,-,,OTC,7.0,
2025-10-16,324120462198248,B6010075145,8633,,2025-10-14 07:54:50+00:00,,"6 - US 30 Irwin, Greensburg",R30,nan,-,,PTC,8.0,
2025-10-09,302949618603334,B6010204259,8425,,2025-10-08 07:04:59+00:00,,Custer Main Lane Gantry (MLG3),SRT-MLG3-11,nan,-,,NTTA,10.56,
2025-10-14,156925760525723,B6010065787,8330,,2025-10-12 11:51:17+00:00,,Chelyan (Toll Plaza C),C,nan,-,,WVPEDTA,13.0,
2025-10-15,322772547239485,B6010075122,8612,,2025-10-14 12:50:43+00:00,,gpw-mokml-50,GPW-MOKML,nan,-,,HCTRA,5.6,
2025-10-15,412614671990196,B6010057263,S23027,,2025-10-14 17:34:16+00:00,,Tonganoxie-Eudora: 222nd St  Lawrence : US-59,KTA-KTA207WB,nan,-,,KTA,0.38,
2025-10-12,296578443284264,B6010205371,8401,,2025-10-11 18:40:29+00:00,,Mainline Plaza: East of I-45,GPW-HRDML,nan,-,,HCTRA,2.2,
2025-10-10,332423014102519,B6010034687,8403,,2025-10-09 07:16:44+00:00,,Sam Houston Central Plaza,SHT-SAMC-12,nan,-,,HCTRA,7.0,
2025-10-14,331377811057107,B6010107742,8602,,2025-10-13 12:18:24+00:00,,41 - 163rd St Mainline,41,nan,-,,ILTOLL,8.15,
2025-10-16,133774116878141,R721742-TX,8442,,2025-10-14 09:21:50+00:00,,Exit 255 - U.S. 74 (West),M02,nan,-,,NCTA,1.2,
2025-10-14,116691322472240,B6010167861,8411,,2025-10-13 02:16:41+00:00,,Sam Houston North Plaza,SHT-SAMN-09,nan,-,,HCTRA,7.0,
2025-10-09,222710526976738,B6010204254,8105,,2025-10-08 09:47:48+00:00,,Ghent (Toll Plaza A),AS,nan,-,,WVPEDTA,13.0,
2025-10-15,606577537786182,B6010174710,8603,,2025-10-14 08:57:54+00:00,,gpw-obml-50,GPW-OBML,nan,-,,HCTRA,4.8,
2025-10-11,288727935490330,B6010219218,8402,,2025-10-10 13:24:11+00:00,,Cassoday K-177  El Dorado US-77,KTA-KTA087SB,nan,-,,KTA,2.21,
2025-10-12,604156485841974,B6010057263,S23027,,2025-10-10 11:51:10+00:00,,jkt-us77,JKT-US77-11,nan,-,,OTA,0.66,
2025-10-10,155514630035993,410282812,S20021,,2025-10-09 10:50:15+00:00,,Exit 259 - Unionville-Indian Trail Road,M06,nan,-,,NCTA,0.22,
2025-10-10,912362557226408,B6010057263,S23027,,2025-10-09 04:56:41+00:00,,Eastern Terminal,KTA-KTA217WB,nan,-,,KTA,1.2,
2025-10-10,102451273170765,B6010057263,S23027,,2025-10-09 04:10:02+00:00,,Topeka K-4  I-470,KTA-KTA179NB,nan,-,,KTA,0.24,
2025-10-15,709756111770736,B5010051658,8504,,2025-10-14 14:10:12+00:00,,Airport Plaza,H13-APORT,nan,-,,HCTRA,6.54,
2025-10-15,203005175706976,B6010057267,S23029,,2025-10-13 11:11:36+00:00,,jkt-us77,JKT-US77-11,nan,-,,OTA,0.66,
2025-10-15,274763249863573,B6010086558,8640,,2025-10-13 15:00:39+00:00,,Sam Houston NE Mainlane,SHT-SAMNE-08,nan,-,,HCTRA,7.0,
2025-10-14,139474045905837,B6010065783,8415,,2025-10-13 08:44:14+00:00,,Airport Plaza,H13-APORT,nan,-,,HCTRA,6.54,
2025-10-10,298871260067879,B6010125738,S24038,,2025-10-08 02:35:07+00:00,,Washington-Dulles Access and Toll Road MLP,078,nan,-,,VDOT,4.0,
2025-10-12,982094090553056,B6010119884,8406,,2025-10-09 15:27:33+00:00,,130-skynp-01 4103,13C-SKYNB,nan,-,,HCTRA,12.73,
2025-10-14,149344755070646,B6010219218,8402,,2025-10-13 12:31:26+00:00,,Emporia I-35  Cassoday K-177,KTA-KTA123NB,nan,-,,KTA,4.83,
2025-10-19,347210259386589,B6010105909,8413,,2025-10-13 15:04:46+00:00,,Walters,HEB-WALTRSS-10,nan,-,,OTA,2.32,
2025-10-11,311850489591718,B5010061410,8531,,2025-10-10 19:26:01+00:00,,Southern Terminal: Border  US-160,KTA-KTA017SB,nan,-,,KTA,2.62,
2025-10-12,147075721424028,B6010105974,8404,,2025-10-10 14:30:57+00:00,,Sam Houston SE Plaza,SHT-SAMSE-04,nan,-,,HCTRA,7.0,
2025-10-09,496011811766763,B6010075122,8612,,2025-10-08 11:08:19+00:00,,East Plaza,1853,nan,-,,SCNT,7.6,
2025-10-23,330923624677908,B6010174786,S20046,,2025-10-11 11:23:40+00:00,,6 - PA Turnpike/Florence,6,nan,-,,NJTP,46.74,
2025-10-15,207901298098350,B6010057271,S23022,,2025-10-09 22:29:16+00:00,,Oklahoma City,TRN-OKCWGT-04,nan,-,,OTA,5.4,
2025-10-14,617137443723679,B6010065783,8415,,2025-10-13 08:37:57+00:00,,130-dkcrp-06 307,H13-DECKC,nan,-,,HCTRA,6.54,
2025-10-11,268761219660264,B5010055205,8512,,2025-10-09 20:01:03+00:00,,gpw-nwml-90,GPW-NWML,nan,-,,HCTRA,5.2,
2025-10-11,321494314266132,B5010061410,8531,,2025-10-10 17:03:22+00:00,,Topeka K-4  I-470,KTA-KTA179NB,nan,-,,KTA,0.69,
2025-10-10,437982902058715,B6010107803,8660,,2025-10-09 14:43:39+00:00,,Tonganoxie-Eudora: 222nd St  Lawrence : US-59,KTA-KTA207WB,nan,-,,KTA,1.1,
2025-10-14,103673330150503,B6010057263,S23027,,2025-10-13 13:08:05+00:00,,151sb,KTA-KTA151SB-03,nan,-,,KTA,1.44,
2025-10-15,311390034104987,B6010075118,8620,,2025-10-14 09:27:56+00:00,,33 - Irving Park Mainline (Illinois 19),33,nan,-,,ILTOLL,8.15,
2025-10-11,161770157220849,R648023-TX,8109,,2025-10-10 09:59:10+00:00,,East Plaza,1853,nan,-,,SCNT,7.6,
2025-10-10,281640708600926,B6010034685,8537,,2025-10-08 20:15:26+00:00,,130-skysp-02 4104,13C-SKYSB,nan,-,,HCTRA,12.73,
2025-10-13,247797435631419,B6010075119,8621,,2025-10-12 15:55:29+00:00,,Airport Plaza,H13-APORT,nan,-,,HCTRA,6.54,
2025-10-09,127460826493251,B5010058942,259,,2025-10-08 22:27:16+00:00,,Lawrence : US-59,KTA-KTA202EB,nan,-,,KTA,0.28,
2025-10-11,406195276991037,B6010107784,8661,,2025-10-10 11:11:32+00:00,,77 - Roosevelt Road (Illinois 38),77,nan,-,,ILTOLL,5.7,
2025-10-20,148261113831642,B5010055206,8501,,2025-10-14 05:28:27+00:00,,Sam Houston North Plaza,SHT-SAMN-06,nan,-,,HCTRA,7.0,
2025-10-10,105443592954506,B6010204247,8436,,2025-10-09 10:34:10+00:00,,Marshall Drive (MARDR),PGBW-MARDR-02,nan,-,,NTTA,2.6,
2025-10-12,238323035959483,B5010055193,8503,,2025-10-09 13:26:31+00:00,,Sam Houston NE Mainlane,SHT-SAMNE-10,nan,-,,HCTRA,7.0,
2025-10-13,266057148311485,B6010119922,8348,,2025-10-12 11:44:37+00:00,,El Dorado US-77  US-254,KTA-KTA073SB,nan,-,,KTA,0.69,
2025-10-15,281821760776479,U057481-TN,2894,,2025-10-09 18:21:31+00:00,,gpw-rfzml-16,GPW-RFZML,nan,-,,HCTRA,4.92,
2025-11-09,274282817385604,V5307HY-TN,265,,2025-10-09 17:54:42+00:00,,249a-fm1488-20,249-148ML-20/21/22,nan,-,,HCTRA,11.96,
2025-10-13,292713559890424,B6010034685,8537,,2025-10-08 19:37:49+00:00,,h13-mustc-06,H13-MUSTC,nan,-,,HCTRA,6.54,
2025-10-14,751383475217086,B6010086453,8649,,2025-10-13 06:15:19+00:00,,39 - 83rd St Mainline,39,nan,-,,ILTOLL,8.15,
2025-10-10,290450781055722,B6010057263,S23027,,2025-10-09 15:35:45+00:00,,Wichita K-15  I-135/I-235,KTA-KTA043NB,nan,-,,KTA,0.14,
2025-10-15,117547403479287,B5010022290,S22013,,2025-10-10 15:09:38+00:00,,Wichita K-96  US-54 Kellogg,KTA-KTA050NB,nan,-,,KTA,0.14,
2025-10-12,208090168889598,B6010087081,8519,,2025-10-10 16:31:24+00:00,,Custer Main Lane Gantry (MLG3),SRT-MLG3-10,nan,-,,NTTA,5.28,
2025-10-23,332182833608707,B6010174786,S20046,,2025-10-13 15:18:11+00:00,,6 - PA Turnpike/Florence,6,nan,-,,NJTP,51.72,
2025-10-11,311853207306950,B5010065476,S23032,,2025-10-09 20:54:04+00:00,,Exit 259 - Unionville-Indian Trail Road,M05,nan,-,,NCTA,0.22,
2025-10-10,176049308258768,B6010035637,8349,,2025-10-09 00:24:40+00:00,,Mainline Plaza: East of I-45,GPW-HRDML,nan,-,,HCTRA,2.2,
2025-10-14,281369952420418,B5010022290,S22013,,2025-10-09 15:29:02+00:00,,El Dorado US-77  US-254,KTA-KTA073SB,nan,-,,KTA,0.24,
2025-10-10,329738999168154,B6010039125,8346,,2025-10-08 11:12:24+00:00,,SH183-COCR O'Connor Road/Carl Road,SH183-COCR-61,nan,-,,NTTA,3.36,
2025-10-11,316454188916015,B6010035659,8546,,2025-10-10 15:56:33+00:00,,Mainline Plaza: East of I-45,GPW-HRDML,nan,-,,HCTRA,2.2,
2025-10-11,704427963088060,B6010167833,8122,,2025-10-10 05:43:47+00:00,,Pax (Toll Plaza B),B,nan,-,,WVPEDTA,13.0,
2025-10-11,213316982526764,B5010036855,266,,2025-10-10 21:59:39+00:00,,Emporia I-35  Cassoday K-177,KTA-KTA123NB,nan,-,,KTA,4.83,
2025-10-14,236844511480184,B5010061410,8531,,2025-10-11 11:24:46+00:00,,I35W-ALLIANCE Gateway Entrance,I35W-ALLIANCE-19,nan,-,,NTTA,18.4,
2025-10-11,130268008859560,B6010107755,8439,,2025-10-08 15:09:08+00:00,,gpw-vrml-51,GPW-VRML,nan,-,,HCTRA,8.8,
2025-10-10,366626350932055,B6010119909,8334,,2025-10-09 04:02:45+00:00,,Airport Plaza,H13-APORT,nan,-,,HCTRA,6.54,
2025-10-16,169383976938859,B6010119901,8329,,2025-10-14 11:12:29+00:00,,A 70,A70,nan,-,,PTC,9.4,
2025-10-09,185359627853989,B6010039125,8346,,2025-10-07 20:44:39+00:00,,Airport Plaza,H13-APORT,nan,-,,HCTRA,6.54,
2025-10-15,264176659164331,B6010119955,8347,,2025-10-14 13:11:56+00:00,,Council Grove US-56  Emporia,KTA-KTA146NB,nan,-,,KTA,2.76,
2025-10-13,114194382963837,B6010105983,9042,,2025-10-11 14:00:51+00:00,,130-skynp-01 4103,13C-SKYNB,nan,-,,HCTRA,12.73,
2025-10-10,534664934106506,B5010055206,8501,,2025-10-09 11:03:11+00:00,,Wilcrest,KTY-WLCRE-01,nan,-,,HCTRA,7.0,
2025-11-09,935315017042543,V5307HY-TN,265,,2025-10-09 18:17:37+00:00,,Sam Houston North Plaza,SHT-SAMN-03,nan,-,,HCTRA,7.0,
2025-10-21,301983414279247,T903520-TN,2671,,2025-10-12 12:54:28+00:00,,h13-mustc-06,H13-MUSTC,nan,-,,HCTRA,9.81,
2025-10-14,116470088980285,B6010125738,S24038,,2025-10-10 08:14:12+00:00,,"Calverton, MD 20705, Toll Gantry",I13,nan,-,,MdTA,1.15,
2025-11-08,258423223536357,V5307HY-TN,265,,2025-10-09 06:13:22+00:00,,FM 2920,TMB-F2920-48,nan,-,,HCTRA,3.6,
2025-10-09,108072040389680,B5010017609,8441,,2025-10-08 13:18:13+00:00,,gpw-mokml-50,GPW-MOKML,nan,-,,HCTRA,5.6,
2025-10-11,255108784476911,B6010174721,77,,2025-10-09 22:14:18+00:00,,49 - Hollywood,006120,nan,-,,FDOT,2.32,
2025-10-11,188153314986185,B6010107803,8660,,2025-10-08 19:01:03+00:00,,I-35W/I-820 Entrance,I35WN-820-24,nan,-,,NTTA,18.0,
2025-10-10,201533745186624,B6010034703,8532,,2025-10-09 14:13:14+00:00,,Hardy North Plaza,HDY-HDYN-09,nan,-,,HCTRA,7.0,
2025-10-14,225386764007144,B5010022290,S22013,,2025-10-09 21:42:49+00:00,,Tonganoxie-Eudora: 222nd St  Lawrence : US-59,KTA-KTA207WB,nan,-,,KTA,0.38,
2025-10-11,265548493297475,B5010058942,259,,2025-10-10 05:17:03+00:00,,Eastern Terminal,KTA-KTA217WB,nan,-,,KTA,3.45,
2025-10-11,202909997462804,B6010205436,1247,,2025-10-08 08:35:48+00:00,,130-skysp-02 4104,13C-SKYSB,nan,-,,HCTRA,12.73,
2025-10-10,417546464608432,B6010205436,1247,,2025-10-08 08:18:08+00:00,,130-dkcrp-06 307,H13-DECKC,nan,-,,HCTRA,6.54,
2025-10-15,197870612689618,B5010036855,266,,2025-10-14 01:03:50+00:00,,Andover 21st  Wichita K-96,KTA-KTA056SB,nan,-,,KTA,0.55,
2025-10-16,728159106251240,B6010052909,8610,,2025-10-14 09:29:52+00:00,,T 353,T353,nan,-,,PTC,5.76,
2025-10-15,735582513715767,B6010205436,1247,,2025-10-14 10:08:02+00:00,,Shiloh Main Lane Gantry (MLP6),PGBT-MLP6-12,nan,-,,NTTA,6.16,
2025-10-16,173074194630727,B6010205371,8401,,2025-10-13 10:56:14+00:00,,I635-COIRD Coit Road Entrance,I635-COIRD-11,nan,-,,NTTA,25.4,
2025-10-14,289317793294188,B6010204228,8507,,2025-10-13 12:50:06+00:00,,35 - Cermak Mainline (22nd St),35,nan,-,,ILTOLL,8.15,
2025-10-11,187427031856362,B5010061410,8531,,2025-10-10 17:46:00+00:00,,Council Grove US-56  Emporia,KTA-KTA146NB,nan,-,,KTA,2.76,
2025-10-11,299123553032416,B5010063670,8184,,2025-10-10 08:40:22+00:00,,36 - 82nd Street Mainline,36,nan,-,,ILTOLL,8.15,
2025-10-11,331121696038317,B6010075444,8634,,2025-10-10 10:12:48+00:00,,Belt Line Road (BELRD),DNT-BELRD-05,nan,-,,NTTA,1.8,
2025-10-11,600948223474246,B6010075444,8634,,2025-10-10 11:09:11+00:00,,Wycliff Main Lane Gantry (MLP1),DNT-MLP1-07,nan,-,,NTTA,7.76,
2025-10-10,128477156875894,B5010058921,420661,,2025-10-08 08:25:09+00:00,,in-us270,IN-US270-11,nan,-,,OTA,0.35,
2025-10-15,182203886512488,B5010060221,8152,,2025-10-13 14:14:42+00:00,,13c-blusb-01,13C-BLUNB,nan,-,,HCTRA,27.81,
2025-10-14,463267230785957,B6010107803,8660,,2025-10-11 14:28:34+00:00,,i35ws-us287s-22,I35WS-US287S-,nan,-,,NTTA,15.8,
2025-10-11,262886012512232,B5010022289,S22012,,2025-10-10 15:29:25+00:00,,Lawrence US-59S  Lecompton K-10,KTA-KTA201WB,nan,-,,KTA,0.24,
2025-10-12,291950339705483,B6010119895,8326,,2025-10-10 18:42:46+00:00,,Sam Houston Central Plaza,SHT-SAMC-10,nan,-,,HCTRA,7.0,
2025-10-20,242595652329157,B6010119884,8406,,2025-10-10 20:25:11+00:00,,h13-mustc-06,H13-MUSTC,nan,-,,HCTRA,6.54,
2025-10-11,287549414591534,B5010022290,S22013,,2025-10-08 14:00:00+00:00,,Cassoday K-177  El Dorado US-77,KTA-KTA087SB,nan,-,,KTA,0.77,
2025-10-11,308241581037176,B6010219260,8322,,2025-10-09 13:35:19+00:00,,Cameron Plaza,H13-CAMRO,nan,-,,HCTRA,6.54,
2025-10-12,290648886860201,B5010060214,9112,,2025-10-10 03:58:34+00:00,,Cameron Plaza,H13-CAMRO,nan,-,,HCTRA,6.54,
2025-10-10,193484331346284,B6010172681,221,,2025-10-08 20:48:15+00:00,,jkt-wstrn,JKT-WSTRN-05,nan,-,,OTA,4.6,
2025-10-14,338539845080779,B6010167861,8411,,2025-10-13 08:12:09+00:00,,Sam Houston North Plaza,SHT-SAMN-05,nan,-,,HCTRA,7.0,
2025-10-14,199716139978908,B6010204228,8507,,2025-10-12 23:54:18+00:00,,39 - 83rd St Mainline,39,nan,-,,ILTOLL,6.1,
2025-10-16,105299208881176,B6010052909,8610,,2025-10-14 09:26:02+00:00,,T 349,T349,nan,-,,PTC,6.6,
2025-10-16,116386194786472,B6010075145,8633,,2025-10-14 13:25:37+00:00,,T 353,T353,nan,-,,PTC,5.76,
2025-10-10,195953080431524,B6010205436,1247,,2025-10-08 08:47:45+00:00,,13c-blusb-01,13C-BLUSB,nan,-,,HCTRA,27.81,
2025-10-15,282640409636876,B6010039389,8111,,2025-10-14 10:28:40+00:00,,Arkansas Lane (ARKLN),PGBW-ARKLN-03,nan,-,,NTTA,1.84,
2025-10-10,108220984022877,B5010061401,8517,,2025-10-09 06:55:49+00:00,,Airport Plaza,H13-APORT,nan,-,,HCTRA,4.36,
2025-10-12,217958891777762,B6010167874,8444,,2025-10-11 08:11:16+00:00,,h13-mustc-06,H13-MUSTC,nan,-,,HCTRA,6.54,
2025-10-11,245061365485997,B6010219254,9118,,2025-10-10 11:28:41+00:00,,Tonganoxie-Eudora: 222nd St  Lawrence : US-59,KTA-KTA207WB,nan,-,,KTA,1.1,
2025-10-10,246875058431474,B6010174786,S20046,,2025-10-08 15:39:16+00:00,,FMT : Fort McHenry Tunnel,FMT,nan,-,,MdTA,24.0,
2025-10-17,283789581251604,B6010035637,8349,,2025-10-08 15:14:19+00:00,,130-skysp-02 4104,13C-SKYSB,nan,-,,HCTRA,12.73,
2025-10-09,337597654772820,B5010060218,8185,,2025-10-08 10:14:51+00:00,,130-dkcrp-06 307,H13-DECKC,nan,-,,HCTRA,6.54,
2025-10-11,182366807044815,B6010086458,8643,,2025-10-09 17:39:18+00:00,,108 - PGA Boulevard,108,nan,-,,FDOT,0.7,
2025-10-10,140984748268653,B6010205359,8529,,2025-10-09 07:10:54+00:00,,gpw-spnml-51,GPW-SPNML,nan,-,,HCTRA,10.04,
2025-10-16,197363252648936,B6010205368,8513,,2025-10-14 18:02:03+00:00,,Toll Gantry 7 Sam Houston Toll EB DC to 288,288-EBSHT-33,nan,-,,HCTRA,11.84,
2025-10-15,476942225838629,B6010065787,8330,,2025-10-13 19:25:44+00:00,,Exit 270 - Austin Chaney Road,M14,nan,-,,NCTA,1.92,
2025-10-10,282899962393357,B5010058942,259,,2025-10-09 05:36:03+00:00,,Tonganoxie-Eudora: 222nd St  Lawrence : US-59,KTA-KTA207WB,nan,-,,KTA,1.1,
2025-10-14,106349933959570,B6010205359,8529,,2025-10-12 16:03:12+00:00,,130-skynp-01 4103,13C-SKYNB,nan,-,,HCTRA,12.73,
2025-10-15,160758192411290,B6010119955,8347,,2025-10-14 12:53:52+00:00,,151sb,KTA-KTA151SB-03,nan,-,,KTA,4.14,
2025-10-16,178497539794809,B6010057271,S23022,,2025-10-13 22:25:24+00:00,,jkt-us77,JKT-US77-04,nan,-,,OTA,0.66,
2025-10-09,194512340849181,B5010028619,8527,,2025-10-08 08:07:54+00:00,,h13-mustc-06,H13-MUSTC,nan,-,,HCTRA,6.54,
2025-10-11,108616665480185,B6010119859,8338,,2025-10-10 00:10:13+00:00,,130-dkcrp-06 307,H13-DECKC,nan,-,,HCTRA,4.36,
2025-10-09,505916871998798,B6010035670,8547,,2025-10-08 10:57:26+00:00,,El Dorado US-77  US-254,KTA-KTA073SB,nan,-,,KTA,0.69,
2025-10-14,200199255538215,B6010075495,8630,,2025-10-13 09:58:05+00:00,,326 - Plum Grove Road Mainline,326,nan,-,,ILTOLL,3.95,
2025-10-12,193320415115674,B6010057268,S23012,,2025-10-10 21:14:47+00:00,,Exit 266 - Morgan Mill Road,M11,nan,-,,NCTA,0.64,
2025-10-11,161931337504442,B5010022289,S22012,,2025-10-10 11:38:01+00:00,,El Dorado US-77  US-254,KTA-KTA073SB,nan,-,,KTA,0.24,
2025-10-15,181128293053182,B6010205436,1247,,2025-10-14 14:01:39+00:00,,h13-mustc-06,H13-MUSTC,nan,-,,HCTRA,6.54,
2025-10-14,299416886580717,B5010022297,256,,2025-10-09 06:42:59+00:00,,N. End Gate I 40,JKT-I40SW15-01,nan,-,,OTA,2.04,
2025-10-10,319720586221765,B6010107803,8660,,2025-10-09 13:27:17+00:00,,Emporia I-35  Cassoday K-177,KTA-KTA123NB,nan,-,,KTA,4.83,
2025-10-11,928158638821594,B5010022289,S22012,,2025-10-10 13:36:31+00:00,,El Dorado US-77  Andover 21st,KTA-KTA061SB,nan,-,,KTA,0.67,
2025-10-12,334466780875999,B5010065474,S23015,,2025-10-10 21:24:24+00:00,,Exit 270 - Austin Chaney Road,M13,nan,-,,NCTA,0.48,
2025-10-10,193524743170523,B6010075444,8634,,2025-10-09 12:37:40+00:00,,hdy-grns-28,HDY-GRNS-29,nan,-,,HCTRA,4.0,
2025-10-11,336520035166330,B5010055206,8501,,2025-10-09 01:14:46+00:00,,13c-blusb-01,13C-BLUSB,nan,-,,HCTRA,27.81,
2025-10-13,438278528475782,B6010107742,8602,,2025-10-09 06:50:35+00:00,,286 - Reading,RDG,nan,-,,PTC,38.6,
2025-10-10,526450226864178,410282812,S20021,,2025-10-09 10:54:25+00:00,,Exit 255 - U.S. 74 (West),M02,nan,-,,NCTA,0.3,
2025-10-09,339816965854375,B6010086985,8554,,2025-10-08 10:26:21+00:00,,West Plaza,1851,nan,-,,SCNT,7.6,
2025-10-13,201378366855162,B5010061406,8525,,2025-10-12 13:14:29+00:00,,130-dkcrp-06 307,H13-DECKC,nan,-,,HCTRA,6.54,
2025-10-16,338238071814813,B6010105982,8120,,2025-10-14 15:32:06+00:00,,State Line,WR-STLINE-04,nan,-,,OTA,11.31,
2025-10-16,105532825717185,R721742-TX,8442,,2025-10-14 09:16:13+00:00,,Exit 260 - N. Rocky River Road,M08,nan,-,,NCTA,2.52,
2025-10-14,124738305837863,B6010204228,8507,,2025-10-13 12:41:22+00:00,,33 - Irving Park Mainline (Illinois 19),33,nan,-,,ILTOLL,8.15,
2025-10-13,226734043848010,B6010034678,8534,,2025-10-12 05:57:37+00:00,,Ghent (Toll Plaza A),AN,nan,-,,WVPEDTA,13.0,
2025-10-10,261915928840195,B6010172695,274,,2025-10-09 14:12:34+00:00,,East Main Plaza (78th Street),T65,nan,-,,FDOT,8.52,
2025-10-16,104746543981065,R721742-TX,8442,,2025-10-14 09:07:23+00:00,,Exit 270 - Austin Chaney Road,M14,nan,-,,NCTA,1.92,
2025-10-15,320395786115821,B6010039125,8346,,2025-10-14 17:26:56+00:00,,Spring Valley Road (SPVRD),DNT-SPVRD-02,nan,-,,NTTA,1.36,
2025-10-15,159165570291363,B5010048788,76,,2025-10-13 22:27:46+00:00,,Sam Houston NE Mainlane,SHT-SAMNE-04,nan,-,,HCTRA,7.0,
2025-10-20,333097471597980,C854HR-TN,S24015,,2025-10-14 04:01:24+00:00,,20 - Deerfield Plaza,S20,nan,-,,FDOT,0.23,
2025-10-15,192390217230011,B5010058942,259,,2025-10-14 04:52:04+00:00,,Lecompton K-10  Topeka I-70  K-4,KTA-KTA191EB,nan,-,,KTA,2.07,
2025-10-16,273186153163494,B5010022294,224320,,2025-10-14 03:37:56+00:00,,I-35,CIM-177ML-10,nan,-,,OTA,1.16,
2025-10-12,177109797081265,B6010039119,8421,,2025-10-11 18:00:29+00:00,,Cameron Plaza,H13-CAMRO,nan,-,,HCTRA,6.54,
2025-10-15,329250627328438,B5010022290,S22013,,2025-10-14 15:36:31+00:00,,El Dorado US-77  Andover 21st,KTA-KTA061SB,nan,-,,KTA,0.67,
2025-10-15,705646184105146,B6010065780,9076,,2025-10-14 09:29:57+00:00,,Cameron Plaza,H13-CAMRO,nan,-,,HCTRA,6.54,
2025-10-16,212077783713212,B6010057267,S23029,,2025-10-13 22:48:17+00:00,,jkt-wstrn,JKT-WSTRN-05,nan,-,,OTA,1.08,
2025-10-14,135911234942027,B5010036855,266,,2025-10-13 23:17:34+00:00,,Emporia I-35  Cassoday K-177,KTA-KTA123NB,nan,-,,KTA,4.83,
2025-10-15,198952089404992,B6010119951,8311,,2025-10-14 15:32:59+00:00,,Southern Terminal: Border  US-160,KTA-KTA017SB,nan,-,,KTA,2.62,
2025-10-13,255313154305307,B5010022290,S22013,,2025-10-08 17:08:24+00:00,,I-35,JKT-I35-04,nan,-,,OTA,1.56,
2025-10-16,821345798039469,B6010057267,S23029,,2025-10-14 07:58:17+00:00,,I-35,JKT-I35-04,nan,-,,OTA,0.66,
2025-10-15,295065686811541,B6010205436,1247,,2025-10-13 18:24:48+00:00,,State Line,WR-STLINE-04,nan,-,,OTA,11.31,
2025-10-12,317610262995427,B6010057268,S23012,,2025-10-11 08:01:41+00:00,,Exit 259 - Unionville-Indian Trail Road,M06,nan,-,,NCTA,0.22,
2025-10-11,158926776060257,B6010219260,8322,,2025-10-09 14:02:14+00:00,,130-skysp-02 4104,13C-SKYSB,nan,-,,HCTRA,12.73,
2025-10-11,289632611527082,B6010065784,8344,,2025-10-10 06:28:42+00:00,,Lawrence US-59S  Lecompton K-10,KTA-KTA201WB,nan,-,,KTA,0.69,
2025-10-16,221455295627599,B6010035600,8555,,2025-10-14 14:01:08+00:00,,T 349,T349,nan,-,,PTC,6.6,
2025-10-16,228014857729966,B6010034703,8532,,2025-10-13 22:15:54+00:00,,Sam Houston North Plaza,SHT-SAMN-06,nan,-,,HCTRA,7.0,
2025-10-15,791981483837212,B6010066068,S24024,,2025-10-13 21:37:09+00:00,,Exit 257 - Indian Trail-Fairview Road,M03,nan,-,,NCTA,0.36,
2025-10-13,144665178447778,B6010108554,S24035,,2025-10-11 00:56:56+00:00,,Washington-Dulles Access and Toll Road MLP,077,nan,-,,VDOT,4.0,
2025-10-10,161262824684232,B6010205359,8529,,2025-10-09 06:28:22+00:00,,gpw-vrml-51,GPW-VRML,nan,-,,HCTRA,8.8,
2025-10-13,179874861494495,B5010060221,8152,,2025-10-10 16:35:49+00:00,,Shiloh Main Lane Gantry (MLP6),PGBT-MLP6-08,nan,-,,NTTA,6.16,
2025-10-14,163847940659944,B5010022290,S22013,,2025-10-09 22:28:31+00:00,,Lecompton K-10  Topeka I-70  K-4,KTA-KTA191EB,nan,-,,KTA,0.72,
2025-10-10,165230947767907,B6010039142,7961,,2025-10-09 13:50:51+00:00,,Cameron Plaza,H13-CAMRO,nan,-,,HCTRA,6.54,
2025-10-14,287234697699592,U345659-TN,12207,,2025-10-13 15:05:28+00:00,,West Plaza,1851,nan,-,,SCNT,7.6,
2025-10-15,515825522326061,B6010174710,8603,,2025-10-14 09:08:04+00:00,,gpw-mokml-50,GPW-MOKML,nan,-,,HCTRA,5.6,
2025-10-16,300610964536671,B5010022273,420663,,2025-10-14 09:45:19+00:00,,wr-clmr,WR-CLMR-11,nan,-,,OTA,0.66,
2025-10-10,285547476027719,B6010204230,8516,,2025-10-08 17:07:48+00:00,,130-skysp-02 4104,13C-SKYSB,nan,-,,HCTRA,12.73,
2025-10-15,224221756949834,B6010219218,8402,,2025-10-14 11:13:37+00:00,,Arkansas Lane (ARKLN),PGBW-ARKLN-03,nan,-,,NTTA,1.84,
2025-10-11,196077652779037,B6010057263,S23027,,2025-10-10 14:20:46+00:00,,Andover 21st  Wichita K-96,KTA-KTA056SB,nan,-,,KTA,0.19,
2025-10-14,245315557676062,C854HR-TN,S24015,,2025-10-09 20:01:36+00:00,,SR874 South (at Killian),S70,nan,-,,FDOT,0.23,
2025-10-16,261861313863174,B5010022294,224320,,2025-10-13 22:26:39+00:00,,jkt-us77,JKT-US77-11,nan,-,,OTA,0.66,
2025-10-13,333730458134345,B5010022297,256,,2025-10-08 09:11:42+00:00,,N. End Gate I 40,JKT-I40SW15-01,nan,-,,OTA,2.04,
2025-11-06,334727789153051,B6010174786,S20046,,2025-10-12 09:43:33+00:00,,Exit 43,H43,nan,-,,PTC,-29.19,
2025-10-15,150034190294096,B6010052900,8616,,2025-10-13 17:55:45+00:00,,130-dkcrp-06 307,H13-DECKC,nan,-,,HCTRA,6.54,
2025-10-12,323412991419607,B6010174721,77,,2025-10-10 22:12:49+00:00,,49 - Hollywood,006120,nan,-,,FDOT,2.32,
2025-10-11,239141847332640,B5010022290,S22013,,2025-10-10 15:00:19+00:00,,El Dorado US-77  Andover 21st,KTA-KTA061SB,nan,-,,KTA,0.67,
2025-10-11,107118010230303,B6010107803,8660,,2025-10-10 18:00:37+00:00,,Council Grove US-56  Emporia,KTA-KTA146NB,nan,-,,KTA,2.76,
2025-10-10,238326768242957,B6010057263,S23027,,2025-10-08 11:48:09+00:00,,jkt-us77,JKT-US77-11,nan,-,,OTA,0.66,
2025-10-09,550036117097677,B5010022319,8627,,2025-10-08 08:14:25+00:00,,33 - Irving Park Mainline (Illinois 19),33,nan,-,,ILTOLL,8.15,
2025-10-09,325648128746542,B5010036855,266,,2025-10-08 00:26:17+00:00,,Wichita K-96  US-54 Kellogg,KTA-KTA050NB,nan,-,,KTA,0.41,
2025-10-13,947030729672421,B6010205447,1979,,2025-10-11 09:18:00+00:00,,64 - Perrysburg-Toledo,64,nan,-,,OTC,19.0,
2025-10-10,317395588094749,B6010106005,8418,,2025-10-09 12:51:10+00:00,,Denton Tap Main Lane Gantry (MLG1),SRT-MLG1-04,nan,-,,NTTA,2.96,
2025-10-15,151408029194232,B6010107762,8459,,2025-10-14 14:23:10+00:00,,Sam Houston North Plaza,SHT-SAMN-07,nan,-,,HCTRA,7.0,
2025-10-09,587022000829974,B6010174786,S20046,,2025-10-08 12:33:02+00:00,,"I-95, Baltimore, MD 21206, SB Toll Gantry",952,nan,-,,MdTA,7.14,
2025-10-11,209658198535047,B5010061410,8531,,2025-10-10 18:36:24+00:00,,El Dorado US-77  US-254,KTA-KTA073SB,nan,-,,KTA,0.69,
2025-10-16,205457235735063,B6010057271,S23022,,2025-10-14 00:53:23+00:00,,US 69,CHR-US69-04,nan,-,,OTA,3.08,
2025-10-09,291982470471083,B5010036855,266,,2025-10-08 01:29:53+00:00,,Wichita US-54  K-15,KTA-KTA047NB,nan,-,,KTA,0.69,
2025-10-17,103942885240829,B6010057279,S24005,,2025-10-10 05:14:19+00:00,,heb-chickml,HEB-CHICKML-13,nan,-,,OTA,2.25,
2025-10-12,287832293665078,B6010205367,8427,,2025-10-10 07:58:07+00:00,,13c-621x-01,13C-621N,nan,-,,HCTRA,13.33,
2025-10-11,122821103179228,B6010035659,8546,,2025-10-10 15:55:18+00:00,,gpw-rfzml-16,GPW-RFZML,nan,-,,HCTRA,3.28,
2025-10-16,174616176468610,B6010052900,8616,,2025-10-13 18:26:33+00:00,,13c-blusb-01,13C-BLUSB,nan,-,,HCTRA,27.81,
2025-10-11,201228523496995,B6010065784,8344,,2025-10-10 06:36:42+00:00,,Tonganoxie-Eudora: 222nd St  Lawrence : US-59,KTA-KTA207WB,nan,-,,KTA,1.1,
2025-10-08,150795161237710,B6010107791,8657,,2025-10-07 20:54:02+00:00,,Sam Houston North Plaza,SHT-SAMN-07,nan,-,,HCTRA,7.0,
2025-10-14,574019490311468,B6010039125,8346,,2025-10-08 11:28:38+00:00,,I820-SH26 Entrance,I820-SH26-8,nan,-,,NTTA,21.8,
2025-10-09,214560570768265,B6010057263,S23027,,2025-10-08 17:09:22+00:00,,Eastern Terminal,KTA-KTA217WB,nan,-,,KTA,1.2,
2025-10-15,540126738427641,B6010105972,8315,,2025-10-14 12:15:34+00:00,,Pioneer Parkway (PIOPY),PGBW-PIOPY-02,nan,-,,NTTA,4.15,
2025-10-10,117998527534898,B6010035637,8349,,2025-10-09 00:21:45+00:00,,gpw-mokml-50,GPW-MOKML,nan,-,,HCTRA,5.6,
2025-10-10,190516156489711,B6010057263,S23027,,2025-10-09 13:30:44+00:00,,151sb,KTA-KTA151SB-03,nan,-,,KTA,1.44,
2025-10-09,313280193104983,B6010035670,8547,,2025-10-08 10:07:23+00:00,,Council Grove US-56  Emporia,KTA-KTA146NB,nan,-,,KTA,2.76,
2025-10-09,866436076518223,B6010204283,8500,,2025-10-07 22:58:10+00:00,,West Plaza,1851,nan,-,,SCNT,7.6,
2025-10-09,427165225486708,B6010035637,8349,,2025-10-08 14:57:13+00:00,,130-dkcrp-06 307,H13-DECKC,nan,-,,HCTRA,6.54,
2025-10-09,333273778776573,B5010065474,S23015,,2025-10-07 21:52:46+00:00,,Exit 266 - Morgan Mill Road,M11,nan,-,,NCTA,0.64,
2025-10-09,312756569657363,B6010205367,8427,,2025-10-08 09:48:30+00:00,,Clay Rd,SHT-WCLAY-36,nan,-,,HCTRA,5.0,
2025-10-11,318563680237418,B6010106005,8418,,2025-10-10 00:10:36+00:00,,Royal Lane (ROYLN),PGBT-ROYLN-03,nan,-,,NTTA,1.6,
2025-10-11,516553981919827,B6010057263,S23027,,2025-10-10 16:44:35+00:00,,Topeka K-4  I-470,KTA-KTA179NB,nan,-,,KTA,0.24,
2025-10-17,118764092558414,B5010022290,S22013,,2025-10-13 13:55:56+00:00,,Wichita K-96  US-54 Kellogg,KTA-KTA050NB,nan,-,,KTA,0.14,
2025-10-09,166354847921540,B6010107782,8320,,2025-10-07 19:11:02+00:00,,Mainlane Plaza West of SH 146 (Bus.),GPW-146BW,nan,-,,HCTRA,2.64,
2025-10-14,165710585498428,U227027-TN,13564,,2025-10-08 14:29:32+00:00,,gpw-spnml-51,GPW-SPNML,nan,-,,HCTRA,15.08,
2025-10-12,693392561102987,B5010058928,S23000,,2025-10-09 21:49:24+00:00,,Sam Houston North Plaza,SHT-SAMN-09,nan,-,,HCTRA,1.35,
2025-10-11,291028559477063,B6010065784,8344,,2025-10-10 06:30:11+00:00,,Lawrence : US-59,KTA-KTA202EB,nan,-,,KTA,0.28,
2025-10-08,307507573746644,B5010022289,S22012,,2025-10-07 21:39:25+00:00,,Topeka K-4  I-470,KTA-KTA179NB,nan,-,,KTA,0.24,
2025-10-15,272374320544859,B5010022318,255,,2025-10-10 12:24:05+00:00,,Oklahoma City,TRN-OKCWGT-04,nan,-,,OTA,22.12,
2025-10-10,230632391502604,B6010035659,8546,,2025-10-09 15:52:16+00:00,,Sandy Lake Main Lane Gantry (MLP9),PGBT-MLP9-06,nan,-,,NTTA,4.84,
2025-10-15,238319165557278,B5010022290,S22013,,2025-10-14 03:38:16+00:00,,151sb,KTA-KTA151SB-03,nan,-,,KTA,1.44,
2025-10-18,211601347797311,B6010086519,8653,,2025-10-14 12:55:40+00:00,,heb-nwclml,HEB-NWCLML-10,nan,-,,OTA,4.65,
2025-10-13,114474866529779,B6010174719,214,,2025-10-10 03:46:06+00:00,,Sam Houston Ship Channel Bridge,SHT-SHIP-42,nan,-,,HCTRA,8.0,
2025-10-10,196125354673314,B6010057268,S23012,,2025-10-08 21:17:55+00:00,,Exit 259 - Unionville-Indian Trail Road,M05,nan,-,,NCTA,0.22,
2025-10-09,208060559292346,B6010057263,S23027,,2025-10-08 16:00:48+00:00,,151sb,KTA-KTA151SB-03,nan,-,,KTA,1.44,
2025-10-11,117284677120373,B6010107784,8661,,2025-10-08 14:48:42+00:00,,Sam Houston Ship Channel Bridge,SHT-SHIP-51,nan,-,,HCTRA,8.0,
2025-10-09,251900634333495,B6010119951,8311,,2025-10-07 21:04:07+00:00,,DFWC TSA Mainline One Plaza-MN1EB,DFWC-MN1EB-02,nan,-,,NTTA,3.48,
2025-10-11,608105278290295,B6010107762,8459,,2025-10-09 10:43:10+00:00,,Cameron Plaza,H13-CAMRO,nan,-,,HCTRA,6.54,
2025-10-15,134268969671119,B6010066068,S24024,,2025-10-13 21:34:38+00:00,,Exit 255 - U.S. 74 (West),M01,nan,-,,NCTA,0.3,
2025-10-15,221270472412195,B6010075444,8634,,2025-10-14 14:53:15+00:00,,Eldridge,KTY-ELDRE-01,nan,-,,HCTRA,7.0,
2025-10-12,267625450565361,B6010107803,8660,,2025-10-11 08:32:06+00:00,,Southern Terminal: Border  US-160,KTA-KTA017SB,nan,-,,KTA,2.62,
2025-10-12,337744906884864,B6010107779,8658,,2025-10-11 09:43:30+00:00,,Cameron Plaza,H13-CAMRO,nan,-,,HCTRA,6.54,
2025-10-11,129865981564145,B6010119951,8311,,2025-10-10 11:41:00+00:00,,FMT : Fort McHenry Tunnel,FMT,nan,-,,MdTA,24.0,
2025-10-15,252906353635475,B5010022290,S22013,,2025-10-14 15:54:57+00:00,,Wichita I-135/I-235  Haysville-Derby,KTA-KTA040SB,nan,-,,KTA,0.14,
2025-10-19,328684863347364,B6010119884,8406,,2025-10-14 15:31:52+00:00,,wr-ml,WR-ML-01,nan,-,,OTA,22.12,
2025-10-16,644773194890449,B6010035600,8555,,2025-10-14 08:31:32+00:00,,12 - Carteret/Rahway,12,nan,-,,NJTP,8.57,
2025-10-11,245493825909791,B6010205367,8427,,2025-10-10 12:27:46+00:00,,Cameron Plaza,H13-CAMRO,nan,-,,HCTRA,6.54,
2025-10-11,393745675259492,B6010086458,8643,,2025-10-10 10:14:34+00:00,,108 - PGA Boulevard,108,nan,-,,FDOT,0.7,
2025-10-12,109868040070825,B5010058921,420661,,2025-10-10 02:07:10+00:00,,msk-sh51,MSK-SH51-00,nan,-,,OTA,0.64,
2025-10-12,253368933476925,B6010205371,8401,,2025-10-10 13:01:24+00:00,,South Main / US 90,SHT-US90-98,nan,-,,HCTRA,4.0,
2025-10-10,977965788456559,B6010065788,8115,,2025-10-09 17:49:56+00:00,,Emporia I-35  Cassoday K-177,KTA-KTA123NB,nan,-,,KTA,4.83,
2025-10-17,191320835117584,B5010022290,S22013,,2025-10-13 21:15:58+00:00,,Tonganoxie-Eudora: 222nd St  Lawrence : US-59,KTA-KTA207WB,nan,-,,KTA,0.38,
2025-10-13,131535183740613,B6010105983,9042,,2025-10-11 13:48:24+00:00,,13c-blusb-01,13C-BLUNB,nan,-,,HCTRA,27.81,
2025-10-12,265667752415160,B6010039142,7961,,2025-10-10 20:42:59+00:00,,13c-621x-01,13C-621X,nan,-,,HCTRA,13.33,
2025-10-16,775546177870335,B6010035600,8555,,2025-10-14 14:25:10+00:00,,A 31,A31,nan,-,,PTC,8.0,
2025-10-15,924684344450518,B6010119955,8347,,2025-10-14 15:02:54+00:00,,Mulvane K-53  US-160,KTA-KTA021SB,nan,-,,KTA,1.93,
2025-10-09,226261218574279,B6010039125,8346,,2025-10-07 20:21:58+00:00,,13c-blusb-01,13C-BLUNB,nan,-,,HCTRA,27.81,
2025-10-14,232737720527846,B6010219218,8402,,2025-10-13 13:04:52+00:00,,Andover 21st  Wichita K-96,KTA-KTA056SB,nan,-,,KTA,0.55,
2025-10-11,288138482464800,B6010075136,8438,,2025-10-09 16:23:22+00:00,,Chelyan (Toll Plaza C),C,nan,-,,WVPEDTA,13.0,
2025-10-15,295616965001857,B5010017609,8441,,2025-10-14 18:12:32+00:00,,Sam Houston Central Plaza,SHT-SAMC-11,nan,-,,HCTRA,7.0,
2025-10-08,302312780040603,B6010065767,9026,,2025-10-07 20:05:24+00:00,,Mainline Plaza: East of I-45,GPW-HRDML,nan,-,,HCTRA,2.2,
2025-10-12,203200538895855,B5010065476,S23032,,2025-10-11 07:59:13+00:00,,Exit 257 - Indian Trail-Fairview Road,M04,nan,-,,NCTA,0.36,
2025-10-10,123426851455675,B6010086453,8649,,2025-10-08 11:56:59+00:00,,Belt Line Main Lane Gantry (MLP10),PGBT-MLP10-14,nan,-,,NTTA,2.96,
2025-10-12,153669505389101,B6010057271,S23022,,2025-10-09 23:39:34+00:00,,US 69,CHR-US69-04,nan,-,,OTA,3.08,
2025-10-09,250335200833830,B6010057263,S23027,,2025-10-08 14:22:04+00:00,,Andover 21st  Wichita K-96,KTA-KTA056SB,nan,-,,KTA,0.19,
2025-10-20,215688761146198,B5010048788,76,,2025-10-14 06:18:31+00:00,,Sam Houston NE Mainlane,SHT-SAMNE-10,nan,-,,HCTRA,7.0,
2025-10-15,242413728297819,U034955-TN,2831,,2025-10-10 16:24:48+00:00,,I35E-IH635-HHBLV Harry Hines Blvd,I635-I35E-13B,nan,-,,NTTA,24.3,
2025-10-10,316143886971697,B5010036855,266,,2025-10-09 00:18:02+00:00,,Andover 21st  Wichita K-96,KTA-KTA056SB,nan,-,,KTA,0.55,
2025-10-14,231247304284341,B6010057263,S23027,,2025-10-13 14:45:08+00:00,,El Dorado US-77  Andover 21st,KTA-KTA061SB,nan,-,,KTA,0.67,
2025-10-14,289022074770423,B6010204228,8507,,2025-10-12 23:41:15+00:00,,41 - 163rd St Mainline,41,nan,-,,ILTOLL,6.1,
2025-10-15,821506287924971,B5010017613,8526,,2025-10-13 11:44:15+00:00,,13c-blusb-01,13C-BLUNB,nan,-,,HCTRA,27.81,
2025-10-09,437929121794240,B5010022319,8627,,2025-10-08 12:40:52+00:00,,326 - Plum Grove Road Mainline,326,nan,-,,ILTOLL,3.95,
2025-10-09,864931225556039,B5010022319,8627,,2025-10-08 14:24:56+00:00,,326 - Plum Grove Road Mainline,326,nan,-,,ILTOLL,3.95,
2025-10-11,326870531282032,B5010058928,S23000,,2025-10-10 05:57:24+00:00,,249a-fm1488-20,249-148ML-20/21/22,nan,-,,HCTRA,1.99,
2025-10-11,995481176248172,B5010065474,S23015,,2025-10-09 21:04:56+00:00,,Exit 255 - U.S. 74 (West),M01,nan,-,,NCTA,0.3,
2025-10-15,291542721010508,B6010057263,S23027,,2025-10-14 16:42:29+00:00,,151sb,KTA-KTA151SB-03,nan,-,,KTA,1.44,
2025-10-14,385156887956631,B6010174780,S17033,,2025-10-13 22:41:26+00:00,,Sam Houston Central Plaza,SHT-SAMC-08,nan,-,,HCTRA,1.35,
2025-10-16,195782097655126,B6010167861,8411,,2025-10-13 13:13:33+00:00,,Mainlane Plaza West of FM 1485,GPW-1485ML,nan,-,,HCTRA,8.12,
2025-10-10,150141077304339,B6010205436,1247,,2025-10-08 08:08:55+00:00,,Cameron Plaza,H13-CAMRO,nan,-,,HCTRA,6.54,
2025-10-16,299127967067681,U511847-TN,15023,,2025-10-09 14:18:07+00:00,,Sam Houston Ship Channel Bridge,SHT-SHIP-50,nan,-,,HCTRA,9.6,
2025-10-16,249597832710870,B6010075145,8633,,2025-10-14 13:22:14+00:00,,T 349,T349,nan,-,,PTC,6.6,
2025-10-12,177064058534078,B6010057268,S23012,,2025-10-10 21:12:31+00:00,,Exit 264 - U.S. 601,M09,nan,-,,NCTA,0.29,
2025-10-11,119100042532264,B5010017609,8441,,2025-10-10 13:13:40+00:00,,gpw-nwml-90,GPW-NWML,nan,-,,HCTRA,5.2,
2025-10-15,973433878181827,B5010022290,S22013,,2025-10-10 14:28:30+00:00,,Cassoday K-177  El Dorado US-77,KTA-KTA087SB,nan,-,,KTA,0.77,
2025-10-16,331458320277131,B6010035639,8540,,2025-10-09 15:27:56+00:00,,h13-mustc-06,H13-MUSTC,nan,-,,HCTRA,6.54,
2025-10-12,223029159812793,B6010205367,8427,,2025-10-10 07:51:11+00:00,,13c-blusb-01,13C-BLUSB,nan,-,,HCTRA,27.81,
2025-10-11,333819873832558,B6010167837,8445,,2025-10-09 17:05:37+00:00,,h13-mustc-06,H13-MUSTC,nan,-,,HCTRA,6.54,
2025-10-09,190402037120631,B5010022289,S22012,,2025-10-08 04:06:23+00:00,,151sb,KTA-KTA151SB-03,nan,-,,KTA,1.44,
2025-10-11,201451268806216,B5010060218,8185,,2025-10-08 10:33:10+00:00,,130-skysp-02 4104,13C-SKYSB,nan,-,,HCTRA,12.73,
2025-10-16,227857107853275,B5010017613,8526,,2025-10-13 11:56:50+00:00,,130-skynp-01 4103,13C-SKYNB,nan,-,,HCTRA,12.73,
2025-10-17,534341943053862,B5010022290,S22013,,2025-10-13 15:38:09+00:00,,Emporia I-35  Cassoday K-177,KTA-KTA123NB,nan,-,,KTA,1.68,
2025-10-10,176163303792628,B5010058928,S23000,,2025-10-09 06:20:19+00:00,,249b-fm1774-45,249-174ML-45/46/47,nan,-,,HCTRA,2.6,
2025-10-15,260456156122441,B6010039141,8312,,2025-10-14 11:03:25+00:00,,Wichita US-54  K-15,KTA-KTA047NB,nan,-,,KTA,0.69,
2025-10-11,115013994218540,B6010057267,S23029,,2025-10-09 22:08:06+00:00,,jkt-wstrn,JKT-WSTRN-05,nan,-,,OTA,1.08,
2025-10-15,285506062156968,B6010125735,S24018,,2025-10-14 00:29:08+00:00,,133 - Stuart,004140,nan,-,,FDOT,1.47,
2025-10-11,234573530865912,B6010205368,8513,,2025-10-10 09:39:29+00:00,,h13-mustc-06,H13-MUSTC,nan,-,,HCTRA,6.54,
2025-10-16,280108345284849,B6010086519,8653,,2025-10-14 13:25:09+00:00,,heb-chickml,HEB-CHICKML-10,nan,-,,OTA,7.05,
2025-10-13,190828872529383,B6010065769,8407,,2025-10-11 14:02:05+00:00,,State Line,WR-STLINE-04,nan,-,,OTA,11.31,
2025-10-09,383357672679607,B6010039104,8332,,2025-10-08 13:48:10+00:00,,Cassoday K-177  El Dorado US-77,KTA-KTA087SB,nan,-,,KTA,2.21,
2025-10-11,187015779325661,B5010022427,1789,,2025-10-09 18:26:06+00:00,,gpw-cmbml-21,GPW-CMBML,nan,-,,HCTRA,6.84,
2025-10-11,194428248287651,B6010167837,8445,,2025-10-09 17:40:03+00:00,,Airport Plaza,H13-APORT,nan,-,,HCTRA,6.54,
2025-10-10,314144442495257,B6010119909,8334,,2025-10-09 03:56:30+00:00,,130-dkcrp-06 307,H13-DECKC,nan,-,,HCTRA,6.54,
2025-10-14,236765485356764,B5010058942,259,,2025-10-13 22:02:16+00:00,,Lawrence US-59S  Lecompton K-10,KTA-KTA201WB,nan,-,,KTA,0.69,
2025-10-11,262693485941484,B6010219254,9118,,2025-10-10 11:21:35+00:00,,Lawrence : US-59,KTA-KTA202EB,nan,-,,KTA,0.28,
2025-10-15,362975484454030,B5010022297,256,,2025-10-10 06:28:41+00:00,,jkt-mcrthr,JKT-MCRTHR-01,nan,-,,OTA,0.42,
2025-10-10,211879984973652,B6010066093,S24015,,2025-10-08 04:01:43+00:00,,SR874 North (at SR826),S40,nan,-,,MDX,0.47,
2025-10-13,133740169873991,B5010058924,S23001,,2025-10-10 04:26:45+00:00,,Cullen Blvd (FM 865),SHT-CULLN-30,nan,-,,HCTRA,0.81,
2025-10-15,346488151993414,B6010119955,8347,,2025-10-14 14:30:49+00:00,,Andover 21st  Wichita K-96,KTA-KTA056SB,nan,-,,KTA,0.55,
2025-10-11,194806612012083,B6010205359,8529,,2025-10-10 09:25:51+00:00,,Rankin Rd,HDY-RANKN-78,nan,-,,HCTRA,4.0,
2025-10-15,310547278325402,B6010119951,8311,,2025-10-14 14:25:12+00:00,,Emporia I-35  Cassoday K-177,KTA-KTA123NB,nan,-,,KTA,4.83,
2025-10-11,144776832830041,B6010065784,8344,,2025-10-10 06:20:42+00:00,,Lecompton K-10  Topeka I-70  K-4,KTA-KTA191EB,nan,-,,KTA,2.07,
2025-10-11,311452865570354,B6010057268,S23012,,2025-10-09 21:07:17+00:00,,Exit 257 - Indian Trail-Fairview Road,M03,nan,-,,NCTA,0.36,
2025-10-09,770113997708117,B6010075444,8634,,2025-10-08 07:31:35+00:00,,Cameron Plaza,H13-CAMRO,nan,-,,HCTRA,6.54,
2025-10-10,385260865483657,B6010039125,8346,,2025-10-08 12:59:17+00:00,,I820-SH121 East,I820-SH121E-9,nan,-,,NTTA,24.6,
2025-10-12,329586760091070,B6010119859,8338,,2025-10-10 00:30:13+00:00,,h13-mustc-06,H13-MUSTC,nan,-,,HCTRA,6.54,
2025-10-12,178974993624078,B6010119951,8311,,2025-10-10 15:30:36+00:00,,A 45,A45,nan,-,,PTC,7.72,
2025-10-19,171415400309985,B5010022318,255,,2025-10-14 00:34:14+00:00,,Oklahoma City,TRN-OKCWGT-04,nan,-,,OTA,22.12,
2025-10-20,143270032114921,V5307HY-TN,265,,2025-10-13 18:56:17+00:00,,Tomball Tollway Mainlane,TMB-NPTML-11,nan,-,,HCTRA,7.0,
2025-10-15,183907778395586,B5010036855,266,,2025-10-14 00:55:45+00:00,,Wichita US-54  K-15,KTA-KTA047NB,nan,-,,KTA,0.69,
2025-10-13,323330887858572,B6010105982,8120,,2025-10-12 08:39:55+00:00,,Cameron Plaza,H13-CAMRO,nan,-,,HCTRA,6.54,
2025-11-06,241592681136062,B6010174786,S20046,,2025-10-14 10:19:58+00:00,,Exit 43,H43,nan,-,,PTC,-29.19,
2025-10-15,504941292501964,B6010052896,8605,,2025-10-13 16:24:47+00:00,,Standridge Drive - North (NSTDR),SRT-NSTDR-02,nan,-,,NTTA,4.32,
2025-10-11,195079747471072,B6010066068,S24024,,2025-10-09 21:14:27+00:00,,Exit 259 - Unionville-Indian Trail Road,M05,nan,-,,NCTA,0.22,
2025-10-11,246844131034418,B5010055205,8512,,2025-10-09 19:40:56+00:00,,gpw-mokml-50,GPW-MOKML,nan,-,,HCTRA,5.6,
2025-10-12,497247181941025,B6010105909,8413,,2025-10-10 09:19:35+00:00,,A 77,A77,nan,-,,PTC,8.0,
2025-10-11,321907341572871,B6010066112,S24003,,2025-10-10 22:33:39+00:00,,East Topeka: I-70,KTA-KTA183WB,nan,-,,KTA,0.1,
2025-10-11,137978703409525,B6010219218,8402,,2025-10-10 13:08:58+00:00,,El Dorado US-77  Andover 21st,KTA-KTA061SB,nan,-,,KTA,1.93,
2025-10-12,128886011921634,B5010063670,8184,,2025-10-10 09:35:46+00:00,,31 - Valparaiso,VAL,nan,-,,ITRCC,8.27,
2025-10-15,293827019870717,B6010105972,8315,,2025-10-14 12:11:56+00:00,,Lower Tarrant - South (SLTRD),PGBW-SLTRD-02,nan,-,,NTTA,1.36,
2025-10-12,176960401564609,B5010058928,S23000,,2025-10-10 21:47:56+00:00,,Sam Houston North Plaza,SHT-SAMN-09,nan,-,,HCTRA,1.35,
2025-10-15,272469551248593,B6010052896,8605,,2025-10-13 16:02:15+00:00,,Shiloh Main Lane Gantry (MLP6),PGBT-MLP6-07,nan,-,,NTTA,6.16,
2025-10-10,307460060497798,B6010057268,S23012,,2025-10-09 08:00:36+00:00,,Exit 270 - Austin Chaney Road,M14,nan,-,,NCTA,0.48,
2025-10-14,252605051335942,B6010167841,8324,,2025-10-13 17:31:43+00:00,,Sam Houston NE Mainlane,SHT-SAMNE-04,nan,-,,HCTRA,7.0,
2025-10-15,289721980969766,B6010035599,8543,,2025-10-13 14:26:55+00:00,,Arkansas Mainlane Gantry (MLG12),PGBW-MLG12-11,nan,-,,NTTA,5.4,
2025-10-11,299207292355688,B5010022289,S22012,,2025-10-10 11:19:03+00:00,,Emporia I-35  Cassoday K-177,KTA-KTA123NB,nan,-,,KTA,1.68,
2025-10-12,109457755228859,B6010057271,S23022,,2025-10-10 20:43:36+00:00,,jkt-us77,JKT-US77-04,nan,-,,OTA,0.66,
2025-10-14,136299224863161,B6010039142,7961,,2025-10-13 20:05:55+00:00,,Mulvane K-53  US-160,KTA-KTA021SB,nan,-,,KTA,1.93,
2025-10-11,307067006131508,B5010036855,266,,2025-10-10 23:26:14+00:00,,Wichita US-54  K-15,KTA-KTA047NB,nan,-,,KTA,0.69,
2025-10-11,320011176267991,B6010057268,S23012,,2025-10-09 21:10:40+00:00,,Exit 260 - N. Rocky River Road,M07,nan,-,,NCTA,0.63,
2025-10-11,156930504329326,B5010022289,S22012,,2025-10-10 13:41:07+00:00,,El Dorado US-77  US-254,KTA-KTA073SB,nan,-,,KTA,0.24,
2025-10-14,317818978330352,B6010035599,8543,,2025-10-13 07:07:03+00:00,,Lower Tarrant - South (SLTRD),PGBW-SLTRD-03,nan,-,,NTTA,1.36,
2025-10-16,106398774839692,B5010022294,224320,,2025-10-13 23:31:40+00:00,,Oklahoma City,TRN-OKCWGT-04,nan,-,,OTA,3.36,
2025-10-17,919730112912773,B5010022290,S22013,,2025-10-13 13:44:15+00:00,,Haysville-Derby 71st  Mulvane K-53,KTA-KTA036SB,nan,-,,KTA,0.29,
2025-10-10,300136035305388,B6010311304,None,,2025-10-09 10:18:16+00:00,,1 - South Beloit Mainline,1,nan,-,,ILTOLL,10.15,
2025-10-12,309567460511002,B6010205368,8513,,2025-10-10 10:29:49+00:00,,13c-blusb-01,13C-BLUSB,nan,-,,HCTRA,27.81,
2025-10-10,257224299774652,B6010035735,8553,,2025-10-08 16:49:47+00:00,,Sam Houston Ship Channel Bridge,SHT-SHIP-42,nan,-,,HCTRA,8.0,
2025-10-11,159619475597620,B6010205371,8401,,2025-10-10 15:02:14+00:00,,Rankin Rd,HDY-RANKN-78,nan,-,,HCTRA,4.0,
2025-10-11,312740297927966,B6010086458,8643,,2025-10-10 10:04:48+00:00,,98 - Belvedere,098,nan,-,,FDOT,0.7,
2025-10-11,208210150464279,B5010061403,8524,,2025-10-08 18:38:33+00:00,,Exit 255 - U.S. 74 (West),M01,nan,-,,NCTA,1.2,
2025-10-11,517383852266745,B6010205367,8427,,2025-10-10 07:28:15+00:00,,Airport Plaza,H13-APORT,nan,-,,HCTRA,6.54,
2025-10-11,198924263849045,B6010107803,8660,,2025-10-08 19:05:30+00:00,,I35W-Golden Triangle Entrance,I35W-GOLDENTRI-21,nan,-,,NTTA,24.2,
2025-10-15,185264825169250,B6010167841,8324,,2025-10-14 10:05:55+00:00,,Sam Houston Ship Channel Bridge,SHT-SHIP-50,nan,-,,HCTRA,8.0,
2025-10-11,297332053475427,B6010205367,8427,,2025-10-10 12:12:38+00:00,,Airport Plaza,H13-APORT,nan,-,,HCTRA,6.54,
2025-10-17,211257631476656,B6010035722,8551,,2025-10-13 15:20:21+00:00,,130-dkcrp-06 307,H13-DECKC,nan,-,,HCTRA,6.54,
2025-10-09,135763749562243,B5010022319,8627,,2025-10-07 19:32:18+00:00,,39 - 83rd St Mainline,39,nan,-,,ILTOLL,8.15,
2025-10-15,304229360788125,B5010058942,259,,2025-10-14 05:02:41+00:00,,Lawrence : US-59,KTA-KTA202EB,nan,-,,KTA,0.28,
2025-10-15,313253846528294,B6010219254,9118,,2025-10-12 13:23:49+00:00,,GWU : Geo Washington Br - Upper Level,GWU,nan,-,,PANYNJ,108.4,
2025-10-16,257205058330645,B5010022318,255,,2025-10-14 06:38:03+00:00,,kkp-ne23st,KKP-NE23ST-01,nan,-,,OTA,4.76,
2025-10-11,305230443975030,B6010057271,S23022,,2025-10-09 21:15:35+00:00,,jkt-us77,JKT-US77-04,nan,-,,OTA,0.66,
2025-10-14,329513520903755,B5010022290,S22013,,2025-10-09 15:24:21+00:00,,El Dorado US-77  Andover 21st,KTA-KTA061SB,nan,-,,KTA,0.67,
2025-10-12,204564081009764,B6010119859,8338,,2025-10-10 08:32:54+00:00,,I35E-SH121 Hwy 121,I35E-SH121-76,nan,-,,NTTA,4.68,
2025-10-11,369851931449252,B6010075124,8625,,2025-10-10 04:09:07+00:00,,Chelyan (Toll Plaza C),C,nan,-,,WVPEDTA,13.0,
2025-10-16,111647527615578,B6010035600,8555,,2025-10-14 17:06:23+00:00,,A 77,A77,nan,-,,PTC,8.0,
2025-10-09,137455278865765,B6010205357,1116,,2025-10-08 15:04:43+00:00,,66 - DeKalb Mainline,66,nan,-,,ILTOLL,19.35,
2025-10-10,263663948546233,B6010105983,9042,,2025-10-08 08:42:44+00:00,,State Line,WR-STLINE-04,nan,-,,OTA,11.31,
2025-10-16,151304483250304,B6010052909,8610,,2025-10-14 08:32:50+00:00,,T 291,T291,nan,-,,PTC,27.36,
2025-10-15,338793713678177,B6010066068,S24024,,2025-10-13 21:40:47+00:00,,Exit 260 - N. Rocky River Road,M07,nan,-,,NCTA,0.63,
2025-10-15,990480104595323,B5010022290,S22013,,2025-10-14 11:40:09+00:00,,Eastern Terminal,KTA-KTA217WB,nan,-,,KTA,1.2,
2025-10-14,482990885130377,B6010205357,1116,,2025-10-13 11:54:21+00:00,,89 - Boughton Mainline,89,nan,-,,ILTOLL,8.15,
2025-10-17,910348229528128,B6010035722,8551,,2025-10-14 14:27:37+00:00,,Airport Plaza,H13-APORT,nan,-,,HCTRA,6.54,
2025-10-10,318259724226689,B6010205359,8529,,2025-10-09 06:36:00+00:00,,gpw-rfzml-16,GPW-RFZML,nan,-,,HCTRA,3.28,
2025-10-14,131573415199529,B5010022290,S22013,,2025-10-10 05:08:48+00:00,,Lecompton K-10  Topeka I-70  K-4,KTA-KTA191EB,nan,-,,KTA,0.72,
2025-10-15,140441918485696,B6010057268,S23012,,2025-10-13 21:27:02+00:00,,Exit 259 - Unionville-Indian Trail Road,M05,nan,-,,NCTA,0.22,
2025-10-14,180451382841638,B5010058944,206,,2025-10-13 23:07:46+00:00,,Cassoday K-177  El Dorado US-77,KTA-KTA087SB,nan,-,,KTA,2.21,
2025-10-14,110319285133820,B6010125738,S24038,,2025-10-10 07:49:49+00:00,,"Silver Spring, MD 20905, Toll Gantry",I10,nan,-,,MdTA,1.15,
2025-10-15,339772121089503,B5010022290,S22013,,2025-10-10 13:41:05+00:00,,Council Grove US-56  Emporia,KTA-KTA146NB,nan,-,,KTA,0.96,
2025-10-11,807815268688590,B6010057263,S23027,,2025-10-10 17:03:21+00:00,,Lawrence US-59S  Lecompton K-10,KTA-KTA201WB,nan,-,,KTA,0.24,
2025-10-13,273677723929452,B6010205371,8401,,2025-10-11 13:46:00+00:00,,130-skysp-02 4104,13C-SKYSB,nan,-,,HCTRA,12.73,
2025-10-11,310073826627439,B6010119859,8338,,2025-10-10 08:37:18+00:00,,MacArthur Boulevard (MACBD),SRT-MACBD-02,nan,-,,NTTA,1.36,
2025-10-12,329704600336791,B6010105909,8413,,2025-10-10 09:10:38+00:00,,A 88,A88,nan,-,,PTC,6.6,
2025-10-12,983188860717792,B5010060221,8152,,2025-10-10 16:47:07+00:00,,Frankford Main Lane Gantry (MLP8),PGBT-MLP8-08,nan,-,,NTTA,6.2,
2025-10-09,296203641704544,B5010036855,266,,2025-10-08 00:16:57+00:00,,El Dorado US-77  Andover 21st,KTA-KTA061SB,nan,-,,KTA,1.93,
2025-10-10,114000962661718,B6010205359,8529,,2025-10-09 06:41:02+00:00,,gpw-mokml-50,GPW-MOKML,nan,-,,HCTRA,5.6,
2025-10-10,482984330242406,B6010052942,8608,,2025-10-09 09:29:47+00:00,,Ghent (Toll Plaza A),AS,nan,-,,WVPEDTA,13.0,
2025-10-09,132376184482812,B6010039104,8332,,2025-10-08 14:30:55+00:00,,Wichita I-135/I-235  Haysville-Derby,KTA-KTA040SB,nan,-,,KTA,0.41,
2025-10-11,291863095920814,B6010057263,S23027,,2025-10-10 16:19:34+00:00,,151sb,KTA-KTA151SB-03,nan,-,,KTA,1.44,
2025-10-12,271057020529375,B6010065787,8330,,2025-10-10 08:19:34+00:00,,wr-bgcbn,WR-BGCBN-13,nan,-,,OTA,11.31,
2025-10-11,316479651761335,R648023-TX,8109,,2025-10-10 09:50:15+00:00,,West Plaza,1851,nan,-,,SCNT,7.6,
2025-10-15,272540547745728,B6010075122,8612,,2025-10-14 12:41:19+00:00,,gpw-obml-50,GPW-OBML,nan,-,,HCTRA,2.4,
2025-10-10,715458236015776,B6010107803,8660,,2025-10-09 12:15:06+00:00,,Wichita I-135/I-235  Haysville-Derby,KTA-KTA040SB,nan,-,,KTA,0.41,
2025-10-14,746054256712561,B6010219218,8402,,2025-10-13 13:10:28+00:00,,Wichita K-96  US-54 Kellogg,KTA-KTA050NB,nan,-,,KTA,0.41,
2025-10-11,158435836520834,B6010057263,S23027,,2025-10-10 14:12:35+00:00,,Wichita US-54  K-15,KTA-KTA047NB,nan,-,,KTA,0.24,
2025-10-13,843725482332220,B6010107779,8658,,2025-10-11 09:53:09+00:00,,130-dkcrp-06 307,H13-DECKC,nan,-,,HCTRA,6.54,
2025-10-13,921384964761590,B6010057271,S23022,,2025-10-08 22:32:42+00:00,,Oklahoma City,TRN-OKCWGT-04,nan,-,,OTA,5.4,
2025-10-10,287591939512290,B6010039121,8435,,2025-10-08 13:26:29+00:00,,13c-blusb-01,13C-BLUSB,nan,-,,HCTRA,27.81,
2025-10-14,163627262591882,B6010167872,8310,,2025-10-13 19:03:05+00:00,,h13-mustc-06,H13-MUSTC,nan,-,,HCTRA,6.54,
2025-10-16,326280307529265,B6010108554,S24035,,2025-10-14 00:12:30+00:00,,Washington-Dulles Access and Toll Road MLP,077,nan,-,,VDOT,4.0,
2025-10-15,571764894638991,B6010039141,8312,,2025-10-14 12:28:44+00:00,,Council Grove US-56  Emporia,KTA-KTA146NB,nan,-,,KTA,2.76,
2025-10-09,251775530029809,B5010058942,259,,2025-10-08 05:46:21+00:00,,Lawrence : US-59,KTA-KTA202EB,nan,-,,KTA,0.28,
2025-10-11,188138810764383,B6010034685,8537,,2025-10-10 08:08:19+00:00,,Sam Houston Central Plaza,SHT-SAMC-11,nan,-,,HCTRA,7.0,
2025-10-13,120934358619677,B6010119922,8348,,2025-10-11 08:27:51+00:00,,Cameron Plaza,H13-CAMRO,nan,-,,HCTRA,6.54,
2025-10-11,306437538421465,B5010022427,1789,,2025-10-09 18:10:53+00:00,,gpw-cfml-21,GPW-CFML,nan,-,,HCTRA,6.08,
2025-10-10,319326528578986,B6010205359,8529,,2025-10-09 06:37:30+00:00,,Mainline Plaza: East of I-45,GPW-HRDML,nan,-,,HCTRA,2.2,
2025-10-10,524243171467724,B6010065788,8115,,2025-10-09 17:20:55+00:00,,Cassoday K-177  El Dorado US-77,KTA-KTA087SB,nan,-,,KTA,2.21,
2025-10-13,222770103170553,B6010108541,S24030,,2025-10-10 22:03:42+00:00,,"WPL : William Preston Lane, Jr. Memorial Bridge (Bay Bridge)",WPL,nan,-,,MdTA,4.0,
2025-10-10,242420894581623,B5010022318,255,,2025-10-08 08:09:17+00:00,,I-35,JKT-I35-04,nan,-,,OTA,2.27,
2025-10-12,329765308242153,B6010219224,8455,,2025-10-09 16:41:59+00:00,,173 - Cleveland,173,nan,-,,OTC,3.0,
2025-10-09,250036528728840,B6010205357,1116,,2025-10-08 09:00:29+00:00,,39 - 83rd St Mainline,39,nan,-,,ILTOLL,8.15,
2025-10-12,175675935309540,B6010167837,8445,,2025-10-09 18:03:23+00:00,,13c-blusb-01,13C-BLUSB,nan,-,,HCTRA,27.81,
2025-10-10,220931009702800,B6010035637,8349,,2025-10-09 00:13:06+00:00,,gpw-obml-50,GPW-OBML,nan,-,,HCTRA,4.8,
2025-10-11,259319217062217,B6010204984,8508,,2025-10-09 11:58:21+00:00,,gpw-obml-50,GPW-OBML,nan,-,,HCTRA,4.8,
2025-10-11,192411529006070,C491HR-TN,S23032,,2025-10-10 05:07:17+00:00,,Exit 270 - Austin Chaney Road,M14,nan,-,,NCTA,0.48,
2025-10-15,637774940999945,B6010039141,8312,,2025-10-14 10:53:58+00:00,,Haysville-Derby 71st  Mulvane K-53,KTA-KTA036SB,nan,-,,KTA,0.83,
2025-10-15,826504398761022,B5010022319,8627,,2025-10-13 21:55:04+00:00,,89 - Boughton Mainline,89,nan,-,,ILTOLL,8.15,
2025-10-11,143995225763869,B6010205367,8427,,2025-10-10 07:02:19+00:00,,h13-mustc-06,H13-MUSTC,nan,-,,HCTRA,6.54,
2025-10-09,185491029192763,R692410-TX,8347,,2025-10-08 10:14:04+00:00,,West Plaza,1851,nan,-,,SCNT,7.6,
2025-10-08,266814337025761,B6010066112,S24003,,2025-10-07 22:00:59+00:00,,Lawrence : US-59,KTA-KTA202EB,nan,-,,KTA,0.1,
2025-10-12,156647916842019,B6010075145,8633,,2025-10-10 21:48:57+00:00,,Lewis and Clark Bridge,ECN,nan,-,,RIVERLIN,13.33,
2025-10-10,318389351785929,B6010204247,8436,,2025-10-09 10:30:42+00:00,,Lower Tarrant Mainlane Gantry (MLG11),PGBW-MLG11-02,nan,-,,NTTA,5.16,
2025-11-10,153344774037305,V5307HY-TN,265,,2025-10-10 18:09:17+00:00,,249b-fm1774-45,249-174ML-45/46/47,nan,-,,HCTRA,15.6,
2025-10-11,842158039250778,B5010061410,8531,,2025-10-10 19:08:35+00:00,,Haysville-Derby 71st  Mulvane K-53,KTA-KTA036SB,nan,-,,KTA,0.83,
2025-10-12,284271920910407,B5010061406,8525,,2025-10-10 12:16:37+00:00,,State Line,WR-STLINE-04,nan,-,,OTA,11.31,
2025-10-11,890181986535459,B5010055205,8512,,2025-10-09 19:50:05+00:00,,gpw-obml-50,GPW-OBML,nan,-,,HCTRA,4.8,
2025-10-15,229940227267273,B6010039141,8312,,2025-10-14 04:41:53+00:00,,I-35W/I-820 Entrance,I35WN-820-24,nan,-,,NTTA,8.2,
2025-10-13,338127945186910,B6010205462,8327,,2025-10-12 17:36:49+00:00,,130-c104e-02,H13-104X,nan,-,,HCTRA,2.22,
2025-10-14,210805061534495,B6010039142,7961,,2025-10-13 18:16:18+00:00,,151sb,KTA-KTA151SB-03,nan,-,,KTA,4.14,
2025-10-12,250560315689375,U794466-TN,18038,,2025-10-10 13:06:33+00:00,,gpw-spnml-51,GPW-SPNML,nan,-,,HCTRA,15.08,
2025-10-15,232816009985840,B6010205436,1247,,2025-10-14 10:14:38+00:00,,Merritt Main Lane Gantry (MLG5),PGBT-MLG5-08,nan,-,,NTTA,8.92,
2025-10-15,297032234339941,B5010060221,8152,,2025-10-14 13:22:41+00:00,,h13-mustc-06,H13-MUSTC,nan,-,,HCTRA,6.54,
2025-10-14,313944259154539,B6010052896,8605,,2025-10-13 18:46:51+00:00,,Wycliff Main Lane Gantry (MLP1),DNT-MLP1-07,nan,-,,NTTA,7.76,
2025-10-11,210560933910047,B6010057263,S23027,,2025-10-10 14:03:08+00:00,,Haysville-Derby 71st  Mulvane K-53,KTA-KTA036SB,nan,-,,KTA,0.29,
2025-10-11,440313277564674,B5010061410,8531,,2025-10-10 16:43:59+00:00,,Lawrence US-59S  Lecompton K-10,KTA-KTA201WB,nan,-,,KTA,0.69,
2025-10-15,141559114685515,B6010057268,S23012,,2025-10-13 21:23:16+00:00,,Exit 255 - U.S. 74 (West),M01,nan,-,,NCTA,0.3,
2025-10-13,141677899247897,B6010039141,8312,,2025-10-12 04:35:51+00:00,,Sam Houston SE Plaza,SHT-SAMSE-08,nan,-,,HCTRA,7.0,
2025-10-12,101422181720858,B6010119895,8326,,2025-10-10 18:51:45+00:00,,Sam Houston North Plaza,SHT-SAMN-05,nan,-,,HCTRA,7.0,
2025-10-14,371771810551788,B6010052896,8605,,2025-10-13 18:30:05+00:00,,Parker Main Lane Gantry (MLP3),DNT-MLP3-03,nan,-,,NTTA,4.92,
2025-10-17,305026252224701,B6010057279,S24005,,2025-10-10 05:03:02+00:00,,heb-chickml,HEB-CHICKML-10,nan,-,,OTA,2.25,
2025-10-15,174450311572214,B6010035735,8553,,2025-10-14 11:31:15+00:00,,Sam Houston Central Plaza,SHT-SAMC-08,nan,-,,HCTRA,7.0,
2025-11-10,609133715516461,V5307HY-TN,265,,2025-10-09 11:46:52+00:00,,Sam Houston North Plaza,SHT-SAMN-08,nan,-,,HCTRA,8.4,
2025-10-16,199777904944741,B6010039121,8435,,2025-10-08 13:02:49+00:00,,Airport Plaza,H13-APORT,nan,-,,HCTRA,6.54,
2025-10-10,860831977620016,B5010055206,8501,,2025-10-09 00:45:37+00:00,,130-dkcrp-06 307,H13-DECKC,nan,-,,HCTRA,6.54,
2025-10-12,381157434263954,B5010022294,224320,,2025-10-10 05:07:41+00:00,,Bristow-SH 66,TRN-BRSTW,nan,-,,OTA,3.36,
2025-10-15,281642828378133,B6010119951,8311,,2025-10-14 14:54:45+00:00,,El Dorado US-77  Andover 21st,KTA-KTA061SB,nan,-,,KTA,1.93,
2025-10-24,648172807844773,B6010174786,S20046,,2025-10-14 10:15:53+00:00,,6 - PA Turnpike/Florence,6,nan,-,,NJTP,44.4,
2025-10-09,217209398790601,B5010060214,9112,,2025-10-08 17:55:01+00:00,,Shiloh Main Lane Gantry (MLP6),PGBT-MLP6-13,nan,-,,NTTA,6.16,
2025-10-13,206035625404628,B5010061401,8517,,2025-10-11 11:25:15+00:00,,Sam Houston North Plaza,SHT-SAMN-05,nan,-,,HCTRA,7.0,
2025-10-15,186117778058706,B6010057271,S23022,,2025-10-10 08:43:25+00:00,,Tulsa,TRN-TULSA-06,nan,-,,OTA,5.4,
2025-10-12,222339295619680,B6010057271,S23022,,2025-10-10 03:56:44+00:00,,Flint Bridge/State Line,CHR-FLTBRG-01,nan,-,,OTA,3.08,
2025-10-11,256944360691445,B6010086458,8643,,2025-10-10 10:10:30+00:00,,104 - 45th Street,104,nan,-,,FDOT,1.75,
2025-10-11,224008711140588,B5010065476,S23032,,2025-10-10 05:16:13+00:00,,Exit 260 - N. Rocky River Road,M08,nan,-,,NCTA,0.63,
2025-10-11,270461001076505,B5010022319,8627,,2025-10-10 15:11:22+00:00,,89 - Boughton Mainline,89,nan,-,,ILTOLL,8.15,
2025-10-13,766446422708925,B6010174786,S20046,,2025-10-11 11:27:26+00:00,,Exit 43,H43,nan,-,,PTC,29.19,
2025-10-14,202700824248634,B6010065788,8115,,2025-10-12 13:56:49+00:00,,"I820-35WS South Entrance, Exit 57C",I35WS-820-31,nan,-,,NTTA,15.6,
2025-10-10,286325955460112,B6010075444,8634,,2025-10-09 08:40:03+00:00,,Hillcroft Ave.,SHT-HILL-78,nan,-,,HCTRA,4.0,
2025-10-13,159377752015685,B6010107791,8657,,2025-10-11 17:27:51+00:00,,Prairie Creek Mainline,NE49-PCMS-01,nan,-,,CTRMA,10.08,
2025-10-14,312444291783744,B5010050873,1027,,2025-10-09 22:27:08+00:00,,130-skynp-01 4103,13C-SKYNB,nan,-,,HCTRA,12.73,
2025-10-11,458570948994268,B6010219218,8402,,2025-10-10 11:54:00+00:00,,Wichita US-54  K-15,KTA-KTA047NB,nan,-,,KTA,0.69,
2025-10-12,159084847357675,B5010017609,8441,,2025-10-09 13:42:10+00:00,,Sam Houston Ship Channel Bridge,SHT-SHIP-51,nan,-,,HCTRA,8.0,
2025-10-10,247690647657248,410282812,S20021,,2025-10-09 10:42:27+00:00,,Exit 266 - Morgan Mill Road,M12,nan,-,,NCTA,0.64,
2025-10-14,635917734983726,B6010086453,8649,,2025-10-13 07:06:02+00:00,,21 - Waukegan Mainline,21,nan,-,,ILTOLL,15.25,
2025-10-12,311540363556133,B6010219249,8309,,2025-10-11 16:26:34+00:00,,Airport Plaza,H13-APORT,nan,-,,HCTRA,6.54,
2025-10-15,698386015312565,B6010205436,1247,,2025-10-13 00:08:34+00:00,,wr-bgcbn,WR-BGCBN-13,nan,-,,OTA,11.31,
2025-10-13,253046868184343,B6010034683,8536,,2025-10-10 15:33:49+00:00,,161 - Strongsville-Cleveland,161,nan,-,,OTC,5.5,
2025-10-10,280421316103075,B6010057263,S23027,,2025-10-09 15:23:51+00:00,,Andover 21st  Wichita K-96,KTA-KTA056SB,nan,-,,KTA,0.19,
2025-10-09,158851329652723,B6010205361,8518,,2025-10-08 05:12:30+00:00,,h13-mustc-06,H13-MUSTC,nan,-,,HCTRA,6.54,
2025-10-10,315713469701666,1662894601106,216,,2025-10-08 06:01:59+00:00,,Sam Houston NE Mainlane,SHT-SAMNE-10,nan,-,,HCTRA,7.0,
2025-10-09,337168259048654,B6010035670,8547,,2025-10-08 11:24:16+00:00,,Wichita K-15  I-135/I-235,KTA-KTA043NB,nan,-,,KTA,0.41,
2025-10-11,761531504067792,B6010057271,S23022,,2025-10-08 23:42:56+00:00,,US 69,CHR-US69-04,nan,-,,OTA,3.08,
2025-10-13,310880560442924,B6010205462,8327,,2025-10-12 17:58:37+00:00,,Cameron Plaza,H13-CAMRO,nan,-,,HCTRA,6.54,
2025-10-15,378280694267549,B6010057263,S23027,,2025-10-14 17:26:03+00:00,,Lawrence US-59S  Lecompton K-10,KTA-KTA201WB,nan,-,,KTA,0.24,
2025-10-12,269509952741518,B6010119859,8338,,2025-10-10 08:35:48+00:00,,I35E-SH121 Hwy 121,I35E-SH121-73,nan,-,,NTTA,3.48,
2025-10-13,951435329586224,B5010050873,1027,,2025-10-09 23:03:21+00:00,,h13-mustc-06,H13-MUSTC,nan,-,,HCTRA,2.18,
2025-10-14,305801077895608,B6010108042,8618,,2025-10-13 11:09:23+00:00,,7 - Marengo-Hampshire,7,nan,-,,ILTOLL,16.3,
2025-10-11,178663148918100,B5010022290,S22013,,2025-10-08 14:11:14+00:00,,El Dorado US-77  US-254,KTA-KTA073SB,nan,-,,KTA,0.24,
2025-10-11,324893174131463,B6010107807,8659,,2025-10-10 14:27:13+00:00,,Lewis and Clark Bridge,ECN,nan,-,,RIVERLIN,13.33,
2025-10-14,720766811738977,B6010119921,8417,,2025-10-13 09:54:32+00:00,,42 - I-57/147th St (Illinois 83),42,nan,-,,ILTOLL,8.15,
2025-10-14,429742438070835,B6010205367,8427,,2025-10-13 05:17:46+00:00,,Arkansas Mainlane Gantry (MLG12),PGBW-MLG12-10,nan,-,,NTTA,5.4,
2025-10-10,165336272713067,B6010174721,77,,2025-10-08 20:27:37+00:00,,SR112 East (at 32nd Ave),A20,nan,-,,MDX,0.66,
2025-10-12,195357142559833,U1524HY-TN,77,,2025-10-10 20:21:56+00:00,,SR836 East (at 57th Ave),D30,nan,-,,FDOT,1.32,
2025-10-12,329801121417192,B6010057263,S23027,,2025-10-11 04:00:52+00:00,,Lawrence : US-59,KTA-KTA202EB,nan,-,,KTA,0.1,
2025-10-13,176751922014447,B6010039142,7961,,2025-10-11 07:04:35+00:00,,13c-blusb-01,13C-BLUNB,nan,-,,HCTRA,27.81,
2025-10-15,589660545289415,B6010065783,8415,,2025-10-13 09:07:32+00:00,,13c-blusb-01,13C-BLUSB,nan,-,,HCTRA,27.81,
2025-10-13,110668033101419,B6010205359,8529,,2025-10-12 16:38:53+00:00,,h13-mustc-06,H13-MUSTC,nan,-,,HCTRA,6.54,
2025-10-12,333043835467681,C491HR-TN,S23032,,2025-10-10 21:12:01+00:00,,Exit 255 - U.S. 74 (West),M01,nan,-,,NCTA,0.3,
2025-10-15,769188382822875,B5010022314,224319,,2025-10-11 07:28:25+00:00,,heb-nwclml,HEB-NWCLML-13,nan,-,,OTA,1.79,
2025-10-15,154023287456408,B5010055206,8501,,2025-10-14 07:44:23+00:00,,Sam Houston North Plaza,SHT-SAMN-07,nan,-,,HCTRA,7.0,
2025-10-15,221403712896257,B6010219260,8322,,2025-10-14 18:59:18+00:00,,Arkansas Mainlane Gantry (MLG12),PGBW-MLG12-10,nan,-,,NTTA,5.4,
2025-10-15,877061378637186,B6010075120,8622,,2025-10-14 14:28:17+00:00,,Hardy South Plaza,HDY-HDYS-09,nan,-,,HCTRA,7.0,
2025-10-11,416054910993898,B6010205367,8427,,2025-10-10 07:12:58+00:00,,Cameron Plaza,H13-CAMRO,nan,-,,HCTRA,6.54,
2025-10-16,100886630488162,B6010052915,8606,,2025-10-14 10:02:25+00:00,,A 45,A45,nan,-,,PTC,7.72,
2025-10-18,278747515624360,B5010022290,S22013,,2025-10-14 15:48:14+00:00,,Lawrence : US-59,KTA-KTA202EB,nan,-,,KTA,0.24,
2025-10-14,276222832681547,B5010017613,8526,,2025-10-13 12:24:22+00:00,,Cameron Plaza,H13-CAMRO,nan,-,,HCTRA,6.54,
2025-10-15,158011836955783,B6010057263,S23027,,2025-10-14 15:05:01+00:00,,Wichita K-96  US-54 Kellogg,KTA-KTA050NB,nan,-,,KTA,0.14,
2025-10-10,294272010682551,B5010058942,259,,2025-10-09 05:42:03+00:00,,Eastern Terminal,KTA-KTA217WB,nan,-,,KTA,3.45,
2025-10-12,901690787979477,B5010017609,8441,,2025-10-09 13:25:48+00:00,,Telephone Rd,SHT-TELPH-60,nan,-,,HCTRA,5.0,
2025-10-12,348154497819982,B6010205368,8513,,2025-10-10 10:06:00+00:00,,Airport Plaza,H13-APORT,nan,-,,HCTRA,6.54,
2025-10-10,587633385765379,B5010058942,259,,2025-10-09 22:15:26+00:00,,Lecompton K-10  Topeka I-70  K-4,KTA-KTA191EB,nan,-,,KTA,2.07,
2025-10-13,828091554556627,B6010105974,8404,,2025-10-10 14:26:00+00:00,,Sam Houston SW Plaza,SHT-SAMSW-04,nan,-,,HCTRA,7.0,
2025-10-09,172754869092059,B6010035670,8547,,2025-10-08 11:30:10+00:00,,Haysville-Derby 71st  Mulvane K-53,KTA-KTA036SB,nan,-,,KTA,0.83,
2025-11-13,290085744900510,V5307HY-TN,265,,2025-10-13 18:49:18+00:00,,Decker Prairie Mainlane - EZ TAG Only,MCT-DECKR-09,nan,-,,HCTRA,6.14,
2025-10-13,320784179646161,B6010119922,8348,,2025-10-12 12:29:24+00:00,,Emporia I-35  Cassoday K-177,KTA-KTA123NB,nan,-,,KTA,4.83,
2025-10-17,185042167934746,B5010060221,8152,,2025-10-13 14:27:18+00:00,,130-skynp-01 4103,13C-SKYNB,nan,-,,HCTRA,12.73,
2025-10-15,229822590741700,B6010174721,77,,2025-10-13 23:20:08+00:00,,49 - Hollywood,006120,nan,-,,FDOT,2.32,
2025-10-14,279035410094286,B5010048788,76,,2025-10-13 13:00:46+00:00,,Aldine Mail Route,HDY-ALDN-38,nan,-,,HCTRA,5.0,
2025-10-14,290718464289439,B6010039141,8312,,2025-10-13 15:20:14+00:00,,Airport Plaza,H13-APORT,nan,-,,HCTRA,6.54,
2025-10-12,226062229356187,B6010219260,8322,,2025-10-10 17:28:31+00:00,,Airport Plaza,H13-APORT,nan,-,,HCTRA,6.54,
2025-10-20,772711659900305,C854HR-TN,S24015,,2025-10-14 04:02:41+00:00,,SR874 North (at Killian),S30,nan,-,,FDOT,0.23,
2025-10-15,134930700206491,U057481-TN,2894,,2025-10-09 17:54:14+00:00,,gpw-nwml-90,GPW-NWML,nan,-,,HCTRA,7.8,
2025-10-10,179477103528349,B6010057263,S23027,,2025-10-09 15:54:55+00:00,,Mulvane K-53  US-160,KTA-KTA021SB,nan,-,,KTA,0.67,
2025-10-11,292767254634227,B6010057268,S23012,,2025-10-09 21:15:40+00:00,,Exit 266 - Morgan Mill Road,M11,nan,-,,NCTA,0.64,
2025-10-18,300939788982111,B5010028610,8446,,2025-10-09 23:16:26+00:00,,h13-gregx-51,H13-GREGX,nan,-,,HCTRA,2.22,
2025-10-10,706884400232713,B5010036855,266,,2025-10-09 22:58:42+00:00,,Wichita K-96  US-54 Kellogg,KTA-KTA050NB,nan,-,,KTA,0.41,
2025-10-10,259375257451593,B5010061401,8517,,2025-10-09 06:48:58+00:00,,130-dkcrp-06 307,H13-DECKC,nan,-,,HCTRA,6.54,
2025-10-11,167086997835509,B5010036855,266,,2025-10-10 23:22:37+00:00,,Wichita K-15  I-135/I-235,KTA-KTA043NB,nan,-,,KTA,0.41,
2025-10-11,137172537359020,B6010107784,8661,,2025-10-10 11:55:16+00:00,,41 - 163rd St Mainline,41,nan,-,,ILTOLL,8.15,
2025-10-16,708341364612172,B6010035722,8551,,2025-10-14 14:20:53+00:00,,130-dkcrp-06 307,H13-DECKC,nan,-,,HCTRA,6.54,
2025-10-09,241198692306837,B6010066112,S24003,,2025-10-08 21:03:28+00:00,,Eastern Terminal,KTA-KTA217WB,nan,-,,KTA,1.2,
2025-10-12,715357550390246,B6010167837,8445,,2025-10-09 17:51:33+00:00,,130-skysp-02 4104,13C-SKYSB,nan,-,,HCTRA,12.73,
2025-10-13,285887431813717,B6010039119,8421,,2025-10-12 06:24:50+00:00,,130-dkcrp-06 307,H13-DECKC,nan,-,,HCTRA,6.54,
2025-10-13,270209578228143,B6010075205,8644,,2025-10-12 13:25:48+00:00,,Airport Plaza,H13-APORT,nan,-,,HCTRA,6.54,
2025-10-15,121239018378646,B6010057263,S23027,,2025-10-14 17:17:51+00:00,,Lecompton K-10  Topeka I-70  K-4,KTA-KTA191EB,nan,-,,KTA,0.72,
2025-10-11,104448451931295,B6010219254,9118,,2025-10-10 11:34:35+00:00,,Eastern Terminal,KTA-KTA217WB,nan,-,,KTA,3.45,
2025-10-16,178455907398974,C854HR-TN,S24015,,2025-10-10 19:43:30+00:00,,SR874 South (at SR826),S60,nan,-,,FDOT,0.47,
2025-10-11,178025981593318,B5010055205,8512,,2025-10-09 19:36:44+00:00,,gpw-rfzml-16,GPW-RFZML,nan,-,,HCTRA,3.28,
2025-10-11,251274073570968,B6010108554,S24035,,2025-10-09 00:22:41+00:00,,Washington-Dulles Access and Toll Road MLP,077,nan,-,,VDOT,4.0,
2025-10-11,628672196805203,B5010022290,S22013,,2025-10-08 12:01:36+00:00,,Tonganoxie-Eudora: 222nd St  Lawrence : US-59,KTA-KTA207WB,nan,-,,KTA,0.38,
2025-10-12,107837777708277,B6010119951,8311,,2025-10-10 15:11:21+00:00,,A 27,A27,nan,-,,PTC,7.44,
2025-10-10,282494503289777,B6010119884,8406,,2025-10-09 15:53:37+00:00,,Cameron Plaza,H13-CAMRO,nan,-,,HCTRA,6.54,
2025-10-10,306759491255784,B6010039104,8332,,2025-10-09 09:32:14+00:00,,h13-mustc-06,H13-MUSTC,nan,-,,HCTRA,6.54,
2025-10-13,335033314467603,B5010061406,8525,,2025-10-12 13:04:58+00:00,,Cameron Plaza,H13-CAMRO,nan,-,,HCTRA,6.54,
2025-10-14,105155022716248,B6010039142,7961,,2025-10-13 17:51:50+00:00,,Topeka K-4  I-470,KTA-KTA179NB,nan,-,,KTA,0.69,
2025-10-11,663371454407941,B5010063670,8184,,2025-10-09 18:15:46+00:00,,43 - I-80 WB,43,nan,-,,ILTOLL,6.1,
2025-10-16,243307849784990,B6010119901,8329,,2025-10-14 11:18:31+00:00,,A 77,A77,nan,-,,PTC,8.0,
2025-10-12,188700604836563,B6010087081,8519,,2025-10-10 16:08:13+00:00,,Sandy Lake Main Lane Gantry (MLP9),PGBT-MLP9-13,nan,-,,NTTA,2.42,
2025-10-18,131463996667607,B5010022290,S22013,,2025-10-14 04:21:24+00:00,,Lawrence US-59S  Lecompton K-10,KTA-KTA201WB,nan,-,,KTA,0.24,
2025-10-10,290879707083974,B5010055206,8501,,2025-10-09 11:01:43+00:00,,Eldridge,KTY-ELDRE-01,nan,-,,HCTRA,7.0,
2025-10-11,659568860565394,B6010219218,8402,,2025-10-09 15:21:15+00:00,,I35W-Golden Triangle Entrance,I35W-GOLDENTRI-21,nan,-,,NTTA,30.2,
2025-10-12,138037205925598,B5010061410,8531,,2025-10-11 14:12:43+00:00,,h13-mustc-06,H13-MUSTC,nan,-,,HCTRA,4.36,
2025-10-10,154019712120561,B5010028619,8527,,2025-10-08 09:05:20+00:00,,13c-blusb-01,13C-BLUSB,nan,-,,HCTRA,27.81,
2025-10-17,951456374175607,B5010058924,S23001,,2025-10-14 04:34:39+00:00,,Sam Houston SW Plaza,SHT-SAMSW-09,nan,-,,HCTRA,1.35,
2025-10-11,105670827867014,B5010065476,S23032,,2025-10-10 05:11:13+00:00,,Exit 266 - Morgan Mill Road,M12,nan,-,,NCTA,0.64,
2025-10-11,298636693371394,B5010061410,8531,,2025-10-10 19:02:51+00:00,,Wichita K-15  I-135/I-235,KTA-KTA043NB,nan,-,,KTA,0.41,
2025-10-15,178671463593972,B5010022290,S22013,,2025-10-10 14:39:43+00:00,,El Dorado US-77  US-254,KTA-KTA073SB,nan,-,,KTA,0.24,
2025-10-11,170332454936207,B6010125735,S24018,,2025-10-09 23:23:56+00:00,,133 - Stuart,004140,nan,-,,FDOT,1.47,
2025-10-10,306773023849807,B5010036855,266,,2025-10-09 22:53:13+00:00,,Andover 21st  Wichita K-96,KTA-KTA056SB,nan,-,,KTA,0.55,
2025-10-12,817993810256414,C854HR-TN,S24015,,2025-10-07 20:36:40+00:00,,SR874 South (at Killian),S70,nan,-,,FDOT,0.23,
2025-10-16,264638391048426,B6010107762,8459,,2025-10-14 10:02:55+00:00,,Sam Houston SE Plaza,SHT-SAMSE-03,nan,-,,HCTRA,3.5,
2025-10-15,215474730279792,B6010105972,8315,,2025-10-14 12:52:55+00:00,,Marshall Drive (MARDR),PGBW-MARDR-03,nan,-,,NTTA,2.6,
2025-10-16,248463714766031,B5010022318,255,,2025-10-14 06:54:13+00:00,,Turner Turnpike - KKP ML,TRN-KKPML-03,nan,-,,OTA,5.36,
2025-10-16,130063244553667,B5010017613,8526,,2025-10-14 10:06:40+00:00,,wr-bgcbn,WR-BGCBN-13,nan,-,,OTA,11.31,
2025-10-10,176610048933812,B5010058944,206,,2025-10-09 00:22:59+00:00,,El Dorado US-77  Andover 21st,KTA-KTA061SB,nan,-,,KTA,1.93,
2025-10-15,201680139502125,B5010022290,S22013,,2025-10-10 15:34:39+00:00,,Mulvane K-53  US-160,KTA-KTA021SB,nan,-,,KTA,0.67,
2025-10-09,271754566487714,B5010058944,206,,2025-10-08 23:51:34+00:00,,Emporia I-35  Cassoday K-177,KTA-KTA123NB,nan,-,,KTA,4.83,
2025-10-11,845056793845267,B6010086545,8405,,2025-10-09 13:59:07+00:00,,gpw-vrml-51,GPW-VRML,nan,-,,HCTRA,8.8,
2025-10-14,108349550880738,B5010022290,S22013,,2025-10-13 16:02:04+00:00,,151sb,KTA-KTA151SB-03,nan,-,,KTA,1.44,
2025-10-10,236583352836067,B6010107803,8660,,2025-10-08 15:21:09+00:00,,Airport Plaza,H13-APORT,nan,-,,HCTRA,6.54,
2025-10-09,236875640579694,B6010034685,8537,,2025-10-08 08:13:16+00:00,,Gantry 4 - Westbound,SH114-HDRD-50,nan,-,,NTTA,12.16,
2025-10-10,118910386486923,B6010057263,S23027,,2025-10-09 14:44:36+00:00,,Cassoday K-177  El Dorado US-77,KTA-KTA087SB,nan,-,,KTA,0.77,
2025-10-20,217185589978983,B6010035639,8540,,2025-10-13 10:22:28+00:00,,13c-blusb-01,13C-BLUSB,nan,-,,HCTRA,27.81,
2025-10-15,217807517974473,B6010052900,8616,,2025-10-13 18:14:05+00:00,,130-skysp-02 4104,13C-SKYSB,nan,-,,HCTRA,12.73,
2025-10-10,224270176920700,B6010205462,8327,,2025-10-08 18:00:10+00:00,,Chelyan (Toll Plaza C),C,nan,-,,WVPEDTA,13.0,
2025-10-15,215837004008505,B5010061410,8531,,2025-10-13 20:14:26+00:00,,130-skynp-01 4103,13C-SKYNB,nan,-,,HCTRA,12.73,
2025-10-10,135388759949033,B6010204230,8516,,2025-10-08 16:34:58+00:00,,130-dkcrp-06 307,H13-DECKC,nan,-,,HCTRA,6.54,
2025-10-10,301873897569615,C491HR-TN,S23032,,2025-10-08 07:48:02+00:00,,Exit 270 - Austin Chaney Road,M14,nan,-,,NCTA,0.48,
2025-10-16,162201186433455,U345598-TN,12166,,2025-10-09 14:07:07+00:00,,Mainline Plaza: East of I-45,GPW-HRDML,nan,-,,HCTRA,3.32,
2025-10-11,278653212495327,B5010050873,1027,,2025-10-09 22:44:25+00:00,,130-dkcrp-06 307,H13-DECKC,nan,-,,HCTRA,2.18,
2025-10-10,241764669789862,B6010174721,77,,2025-10-08 22:23:14+00:00,,0X - Golden Glades Plaza,006300,nan,-,,FDOT,4.64,
2025-10-19,292606042975485,B6010034061,8409,,2025-10-14 05:29:10+00:00,,Fallbrook Drive,SHT-FALL-40,nan,-,,HCTRA,2.5,
2025-10-15,684171068026372,S1224HY-TN,8648,,2025-10-11 15:12:05+00:00,,John F Kennedy Bridge-RiverLink,DTS,nan,-,,RIVERLIN,13.33,
2025-10-14,250469103618477,B5010061410,8531,,2025-10-11 11:29:48+00:00,,i35ws-us287s-22,I35WS-US287S-,nan,-,,NTTA,13.8,
2025-10-17,183516962814266,B5010022290,S22013,,2025-10-13 21:19:35+00:00,,Lawrence : US-59,KTA-KTA202EB,nan,-,,KTA,0.1,
2025-10-15,133861684451104,B6010075118,8620,,2025-10-14 07:06:36+00:00,,29 - Touhy Mainline,29,nan,-,,ILTOLL,10.15,
2025-10-12,276824892985320,C491HR-TN,S23032,,2025-10-10 21:14:23+00:00,,Exit 257 - Indian Trail-Fairview Road,M03,nan,-,,NCTA,0.36,
2025-10-14,181619509215160,B6010107768,8509,,2025-10-13 04:48:41+00:00,,130-dkcrp-06 307,H13-DECKC,nan,-,,HCTRA,6.54,
2025-10-13,197729988130422,B6010039141,8312,,2025-10-12 04:27:20+00:00,,Sam Houston East Plaza,SHT-SAME-04,nan,-,,HCTRA,7.0,
2025-10-14,980600696335758,U227027-TN,13564,,2025-10-08 14:57:35+00:00,,gpw-mokml-50,GPW-MOKML,nan,-,,HCTRA,8.4,
2025-10-11,255203169766664,B6010167833,8122,,2025-10-10 06:54:57+00:00,,Ghent (Toll Plaza A),AS,nan,-,,WVPEDTA,13.0,
2025-10-11,148887386579895,B5010017613,8526,,2025-10-09 13:09:27+00:00,,13c-blusb-01,13C-BLUSB,nan,-,,HCTRA,27.81,
2025-10-11,423874992061533,B5010017627,S22015,,2025-10-10 22:54:21+00:00,,Andover 21st  Wichita K-96,KTA-KTA056SB,nan,-,,KTA,0.19,
2025-10-16,257294448380250,B6010035639,8540,,2025-10-13 09:57:01+00:00,,Airport Plaza,H13-APORT,nan,-,,HCTRA,6.54,
2025-10-12,304964905670619,B6010057263,S23027,,2025-10-11 03:15:46+00:00,,151sb,KTA-KTA151SB-03,nan,-,,KTA,1.44,
2025-10-13,159593717893855,B5010022318,255,,2025-10-08 23:31:39+00:00,,Oklahoma City,TRN-OKCWGT-04,nan,-,,OTA,22.12,
2025-10-14,257481120460079,B6010086561,8654,,2025-10-13 11:37:30+00:00,,West Plaza,1851,nan,-,,SCNT,7.6,
2025-10-16,190975568964216,B6010052909,8610,,2025-10-14 09:02:16+00:00,,T 322,T322,nan,-,,PTC,6.04,
2025-10-09,282875633338016,B5010022319,8627,,2025-10-07 19:18:13+00:00,,41 - 163rd St Mainline,41,nan,-,,ILTOLL,8.15,
2025-10-09,331664756758415,410462470,S20034,,2025-10-07 22:56:02+00:00,,88 - Lantana,004200,nan,-,,FDOT,0.6,
2025-10-10,794066072347140,B6010108042,8618,,2025-10-09 05:07:27+00:00,,45 - I-80 EB,45,nan,-,,ILTOLL,4.6,
2025-10-10,210187549168982,B6010086526,8655,,2025-10-08 13:22:17+00:00,,Gantry 4 - Westbound,SH114-HDRD-55,nan,-,,NTTA,3.32,
2025-11-11,290841437837325,V5307HY-TN,265,,2025-10-11 06:59:40+00:00,,FM 2920,TMB-F2920-48,nan,-,,HCTRA,3.6,
2025-10-16,387125472960655,B6010052915,8606,,2025-10-12 16:17:18+00:00,,MD 43 to MD 152 Northbound,955,nan,-,,MdTA,18.08,
2025-10-09,116661801641746,B5010036855,266,,2025-10-08 00:28:52+00:00,,Lawrence : US-59,KTA-KTA202EB,nan,-,,KTA,0.69,
2025-10-11,300532169853799,B6010057268,S23012,,2025-10-09 21:13:25+00:00,,Exit 264 - U.S. 601,M09,nan,-,,NCTA,0.29,
2025-10-10,472257676573580,B6010108042,8618,,2025-10-09 16:54:35+00:00,,John F Kennedy Bridge-RiverLink,DTS,nan,-,,RIVERLIN,13.33,
2025-10-09,874883547813784,B5010036855,266,,2025-10-08 23:44:12+00:00,,Emporia I-35  Cassoday K-177,KTA-KTA123NB,nan,-,,KTA,4.83,
2025-10-08,263439138070308,B6010066112,S24003,,2025-10-07 22:18:47+00:00,,East Topeka: I-70,KTA-KTA183WB,nan,-,,KTA,0.1,
2025-10-08,339953058009698,B5010036855,266,,2025-10-07 23:46:37+00:00,,Emporia I-35  Cassoday K-177,KTA-KTA123NB,nan,-,,KTA,4.83,
2025-10-17,682686360698265,B5010022290,S22013,,2025-10-13 17:08:24+00:00,,Eastern Terminal,KTA-KTA217WB,nan,-,,KTA,1.2,
2025-10-15,219413903409916,B5010058928,S23000,,2025-10-14 06:16:20+00:00,,249a-fm1488-20,249-148ML-20/21/22,nan,-,,HCTRA,1.99,
2025-10-14,135661099297614,B6010075444,8634,,2025-10-13 17:01:27+00:00,,Wilcrest,KTY-WLCRW-01,nan,-,,HCTRA,7.0,
2025-10-15,240935376029317,B6010065787,8330,,2025-10-13 19:34:57+00:00,,Exit 260 - N. Rocky River Road,M08,nan,-,,NCTA,2.52,
2025-10-10,739837187274530,B5010036855,266,,2025-10-09 23:53:17+00:00,,Wichita K-96  US-54 Kellogg,KTA-KTA050NB,nan,-,,KTA,0.41,
2025-10-16,263321736071944,B6010075120,8622,,2025-10-14 14:19:33+00:00,,Hardy North Plaza,HDY-HDYN-04,nan,-,,HCTRA,7.0,
2025-10-14,275747863970996,B6010105982,8120,,2025-10-12 08:02:15+00:00,,13c-blusb-01,13C-BLUNB,nan,-,,HCTRA,27.81,
2025-10-09,947553910029973,B6010066112,S24003,,2025-10-08 21:34:39+00:00,,East Topeka: I-70,KTA-KTA183WB,nan,-,,KTA,0.1,
2025-10-15,223558192967368,U057481-TN,2894,,2025-10-09 17:46:52+00:00,,gpw-spnml-51,GPW-SPNML,nan,-,,HCTRA,15.08,
2025-10-10,255950867858151,B6010174711,79,,2025-10-08 23:54:32+00:00,,22nd Street,T60,nan,-,,FDOT,2.92,
2025-10-15,289209442468791,B6010119952,9046,,2025-10-14 11:21:25+00:00,,Sam Houston Ship Channel Bridge,SHT-SHIP-42,nan,-,,HCTRA,8.0,
2025-10-09,102801812865193,B5010060218,8185,,2025-10-08 10:05:22+00:00,,Cameron Plaza,H13-CAMRO,nan,-,,HCTRA,6.54,
2025-10-12,110512089943376,B6010105983,9042,,2025-10-11 14:12:07+00:00,,Airport Plaza,H13-APORT,nan,-,,HCTRA,6.54,
2025-10-09,190233159752765,B5010058942,259,,2025-10-08 22:23:09+00:00,,Tonganoxie-Eudora: 222nd St  Lawrence : US-59,KTA-KTA207WB,nan,-,,KTA,1.1,
2025-10-15,107955800096354,B6010119955,8347,,2025-10-14 12:19:42+00:00,,Lecompton K-10  Topeka I-70  K-4,KTA-KTA191EB,nan,-,,KTA,2.07,
2025-10-12,319944716537036,B5010022273,420663,,2025-10-10 06:45:20+00:00,,Flint Bridge/State Line,CHR-FLTBRG-01,nan,-,,OTA,2.7,
2025-10-11,277871011768166,B5010017609,8441,,2025-10-10 13:33:50+00:00,,gpw-mokml-50,GPW-MOKML,nan,-,,HCTRA,5.6,
2025-10-13,137205477276876,B6010035637,8349,,2025-10-12 07:53:55+00:00,,gpw-cmbml-21,GPW-CMBML,nan,-,,HCTRA,6.84,
2025-10-14,286757183571587,B6010075205,8644,,2025-10-12 13:50:14+00:00,,13c-blusb-01,13C-BLUSB,nan,-,,HCTRA,27.81,
2025-10-10,147951524763380,B6010039125,8346,,2025-10-08 11:09:11+00:00,,SH183-RGLRW Regal Row,SH183-RGLRW-40,nan,-,,NTTA,1.28,
2025-10-15,147395152125049,B6010086526,8655,,2025-10-14 09:05:26+00:00,,Hillcroft Ave.,SHT-HILL-70,nan,-,,HCTRA,4.0,
2025-10-09,274413885635240,B6010057263,S23027,,2025-10-08 16:44:40+00:00,,Lawrence US-59S  Lecompton K-10,KTA-KTA201WB,nan,-,,KTA,0.24,
2025-10-13,296396987174992,B6010219249,8309,,2025-10-11 16:20:27+00:00,,130-dkcrp-06 307,H13-DECKC,nan,-,,HCTRA,6.54,
2025-10-13,716370967129349,B6010087000,8651,,2025-10-11 10:32:05+00:00,,130-dkcrp-06 307,H13-DECKC,nan,-,,HCTRA,6.54,
2025-10-12,153160491446715,B5010065476,S23032,,2025-10-11 08:01:36+00:00,,Exit 255 - U.S. 74 (West),M02,nan,-,,NCTA,0.3,
2025-10-11,301060705034873,B5010058944,206,,2025-10-10 00:19:20+00:00,,El Dorado US-77  US-254,KTA-KTA073SB,nan,-,,KTA,0.69,
2025-10-12,697383403603475,B6010174780,S17033,,2025-10-10 22:09:24+00:00,,Sam Houston South Plaza,SHT-SAMS-08,nan,-,,HCTRA,1.35,
2025-10-11,253041785160949,B6010311324,8448,,2025-10-09 06:41:32+00:00,,Denton Tap Main Lane Gantry (MLG1),SRT-MLG1-12,nan,-,,NTTA,2.96,
2025-10-16,108474856702716,B6010125738,S24038,,2025-10-14 02:38:37+00:00,,Mainline Plaza,101,nan,-,,VDOT,7.25,
2025-10-15,164072372146766,B5010065474,S23015,,2025-10-13 21:37:20+00:00,,Exit 259 - Unionville-Indian Trail Road,M05,nan,-,,NCTA,0.22,
2025-10-12,167563372722291,B6010119884,8406,,2025-10-10 21:00:02+00:00,,130-sh21x-01 4102,13C-HC21X,nan,-,,HCTRA,4.8,
2025-10-12,187173378640508,B6010057263,S23027,,2025-10-11 03:51:07+00:00,,Lecompton K-10  Topeka I-70  K-4,KTA-KTA191EB,nan,-,,KTA,0.72,
2025-10-12,315741696627231,C718HR-TN,S24024,,2025-10-10 21:17:54+00:00,,Exit 257 - Indian Trail-Fairview Road,M03,nan,-,,NCTA,0.36,
2025-10-10,397919950908104,B6010057268,S23012,,2025-10-08 21:14:08+00:00,,Exit 255 - U.S. 74 (West),M01,nan,-,,NCTA,0.3,
2025-10-13,170541380775155,B5010058921,420661,,2025-10-11 06:48:07+00:00,,US 75-Glenpool,CRK-75GLPL-02,nan,-,,OTA,0.98,
2025-10-12,259841727632589,B6010057267,S23029,,2025-10-10 21:25:42+00:00,,jkt-wstrn,JKT-WSTRN-05,nan,-,,OTA,1.08,
2025-10-15,889452497200044,B5010063664,9113,,2025-10-14 16:37:54+00:00,,Lewis and Clark Bridge,ECN,nan,-,,RIVERLIN,13.33,
2025-10-11,182200294896076,C903HR-TN,S24018,,2025-10-09 10:47:51+00:00,,SR836 East (at 17th Ave),D40,nan,-,,FDOT,0.66,
2025-10-12,117842023242678,B6010086518,8432,,2025-10-11 15:00:17+00:00,,Belt Line Road (BELRD),DNT-BELRD-02,nan,-,,NTTA,1.8,
2025-10-16,300044882130077,B5010060221,8152,,2025-10-14 14:14:33+00:00,,13c-blusb-01,13C-BLUSB,nan,-,,HCTRA,27.81,
2025-10-15,312985855770287,B5010022290,S22013,,2025-10-14 13:55:42+00:00,,Cassoday K-177  El Dorado US-77,KTA-KTA087SB,nan,-,,KTA,0.77,
2025-10-12,116683039687700,B6010057263,S23027,,2025-10-11 04:13:37+00:00,,Tonganoxie-Eudora: 222nd St  Lawrence : US-59,KTA-KTA207WB,nan,-,,KTA,0.38,
2025-10-09,212606871895205,B6010039125,8346,,2025-10-07 20:33:55+00:00,,130-skynp-01 4103,13C-SKYNB,nan,-,,HCTRA,12.73,
2025-10-13,219495486830707,B6010119922,8348,,2025-10-11 07:59:03+00:00,,130-skynp-01 4103,13C-SKYNB,nan,-,,HCTRA,12.73,
2025-10-09,229875624491786,B6010105963,8316,,2025-10-08 15:47:48+00:00,,Merritt Main Lane Gantry (MLG5),PGBT-MLG5-02,nan,-,,NTTA,8.92,
2025-10-09,420402279747292,B5010036855,266,,2025-10-08 00:32:35+00:00,,Wichita K-15  I-135/I-235,KTA-KTA043NB,nan,-,,KTA,0.41,
2025-10-11,187767867385709,B6010057263,S23027,,2025-10-10 20:28:00+00:00,,Tonganoxie-Eudora: 222nd St  Lawrence : US-59,KTA-KTA207WB,nan,-,,KTA,0.38,
2025-10-10,112793979402683,B6010066068,S24024,,2025-10-07 21:33:47+00:00,,Exit 255 - U.S. 74 (West),M01,nan,-,,NCTA,0.3,
2025-10-08,165776645136142,B6010039125,8346,,2025-10-07 20:50:52+00:00,,130-dkcrp-06 307,H13-DECKC,nan,-,,HCTRA,6.54,
2025-10-09,595228559335090,B6010039104,8332,,2025-10-08 13:39:50+00:00,,Emporia I-35  Cassoday K-177,KTA-KTA123NB,nan,-,,KTA,4.83,
2025-10-09,508626092238780,B5010065476,S23032,,2025-10-08 07:54:12+00:00,,Exit 264 - U.S. 601,M10,nan,-,,NCTA,0.29,
2025-10-13,212285391307437,B6010205436,1247,,2025-10-12 14:59:19+00:00,,Airport Plaza,H13-APORT,nan,-,,HCTRA,6.54,
2025-10-11,180302819470879,B6010035659,8546,,2025-10-09 16:04:55+00:00,,Shady Grove Road (SHGRD),PGBW-SHGRD-02,nan,-,,NTTA,2.28,
2025-10-15,134168469039578,B6010174710,8603,,2025-10-14 08:38:25+00:00,,gpw-spnml-51,GPW-SPNML,nan,-,,HCTRA,10.04,
2025-10-12,104968361328457,B6010205368,8513,,2025-10-10 09:59:25+00:00,,130-dkcrp-06 307,H13-DECKC,nan,-,,HCTRA,6.54,
2025-10-13,674354372208338,B5010061401,8517,,2025-10-09 07:08:04+00:00,,130-skysp-02 4104,13C-SKYSB,nan,-,,HCTRA,12.73,
2025-10-16,161732511798830,B6010119921,8417,,2025-10-14 19:24:33+00:00,,John F Kennedy Bridge-RiverLink,DTS,nan,-,,RIVERLIN,13.33,
2025-10-15,299923432723948,U782210-TN,18025,,2025-10-11 08:26:50+00:00,,Wycliff Main Lane Gantry (MLP1),DNT-MLP1-06,nan,-,,NTTA,11.64,
2025-10-11,141767414844026,B6010057268,S23012,,2025-10-09 21:08:38+00:00,,Exit 259 - Unionville-Indian Trail Road,M05,nan,-,,NCTA,0.22,
2025-10-13,274208532727392,B5010022294,224320,,2025-10-11 04:46:53+00:00,,I-35,JKT-I35-04,nan,-,,OTA,0.66,
2025-10-12,125149531763829,B6010205371,8401,,2025-10-11 13:35:08+00:00,,Airport Plaza,H13-APORT,nan,-,,HCTRA,6.54,
2025-10-12,266782581350479,B6010057263,S23027,,2025-10-11 03:59:20+00:00,,Lawrence US-59S  Lecompton K-10,KTA-KTA201WB,nan,-,,KTA,0.24,
2025-10-15,251587874308831,B6010125735,S24018,,2025-10-10 08:37:13+00:00,,SR874 South (at SR826),S60,nan,-,,MDX,0.47,
2025-10-10,639750551082233,B6010107803,8660,,2025-10-08 15:49:58+00:00,,h13-mustc-06,H13-MUSTC,nan,-,,HCTRA,6.54,
2025-10-11,283267444226656,B6010311324,8448,,2025-10-09 06:58:22+00:00,,Custer Main Lane Gantry (MLG3),SRT-MLG3-11,nan,-,,NTTA,10.56,
2025-10-12,644171914837843,B5010058928,S23000,,2025-10-11 05:42:51+00:00,,249a-fm1488-20,249-148ML-20/21/22,nan,-,,HCTRA,1.99,
2025-10-15,192342457718805,B6010204230,8516,,2025-10-14 12:40:40+00:00,,gpw-cfml-21,GPW-CFML,nan,-,,HCTRA,6.08,
2025-10-15,404182083492020,B6010105963,8316,,2025-10-14 00:50:35+00:00,,John F Kennedy Bridge-RiverLink,DTS,nan,-,,RIVERLIN,13.33,
2025-10-10,163253519789569,B5010022273,420663,,2025-10-08 09:15:48+00:00,,Flint Bridge/State Line,CHR-FLTBRG-01,nan,-,,OTA,2.7,
2025-10-12,308002324754131,B6010125738,S24038,,2025-10-10 02:47:15+00:00,,Washington-Dulles Access and Toll Road MLP,078,nan,-,,VDOT,4.0,
2025-10-15,319737142526770,B6010039141,8312,,2025-10-14 10:36:59+00:00,,Southern Terminal: Border  US-160,KTA-KTA017SB,nan,-,,KTA,2.62,
2025-10-15,520886671339501,B6010119955,8347,,2025-10-14 14:36:32+00:00,,Wichita K-96  US-54 Kellogg,KTA-KTA050NB,nan,-,,KTA,0.41,
2025-10-10,275712904867710,B5010065476,S23032,,2025-10-09 06:54:34+00:00,,Exit 260 - N. Rocky River Road,M08,nan,-,,NCTA,0.63,
2025-10-11,222807244588365,B6010311304,None,,2025-10-09 18:36:57+00:00,,61 - Aurora Mainline,61,nan,-,,ILTOLL,8.15,
2025-10-12,165824204157389,B6010065788,8115,,2025-10-09 10:49:03+00:00,,I35W-Golden Triangle Entrance,I35W-GOLDENTRI-21,nan,-,,NTTA,25.8,
2025-10-12,279728491021845,B5010022314,224319,,2025-10-09 22:22:01+00:00,,jkt-wstrn,JKT-WSTRN-05,nan,-,,OTA,2.04,
2025-10-11,160104748446404,B6010105872,8437,,2025-10-10 10:14:01+00:00,,Prairie Creek Mainline,NE49-PCMN-01,nan,-,,CTRMA,7.56,
2025-10-15,246455442535060,B6010075128,8632,,2025-10-14 16:38:06+00:00,,43 - I-80 WB,43,nan,-,,ILTOLL,6.1,
2025-11-11,146131902788831,V5307HY-TN,265,,2025-10-11 06:52:08+00:00,,249a-fm1488-20,249-148ML-20/21/22,nan,-,,HCTRA,11.96,
2025-10-12,250491261415392,B5010058942,259,,2025-10-11 05:25:18+00:00,,Eastern Terminal,KTA-KTA217WB,nan,-,,KTA,3.45,
2025-10-13,254528501651958,B5010022294,224320,,2025-10-10 23:06:54+00:00,,I-35,CIM-177ML-13,nan,-,,OTA,1.16,
2025-10-15,124787601318854,B6010065780,9076,,2025-10-13 18:03:12+00:00,,Walters,HEB-WALTRS-10,nan,-,,OTA,2.32,
2025-10-15,296177872760464,B5010063666,8204,,2025-10-14 07:25:17+00:00,,Chelyan (Toll Plaza C),C,nan,-,,WVPEDTA,13.0,
2025-10-13,261625745131666,B6010075119,8621,,2025-10-12 15:40:12+00:00,,Cameron Plaza,H13-CAMRO,nan,-,,HCTRA,6.54,
2025-10-13,321506593103012,B6010107807,8659,,2025-10-12 11:37:38+00:00,,Lewis and Clark Bridge,ECS,nan,-,,RIVERLIN,13.33,
2025-10-16,103760574817199,B6010075145,8633,,2025-10-14 13:11:16+00:00,,T 336,T336,nan,-,,PTC,6.04,
2025-10-16,142398278713107,B6010204230,8516,,2025-10-14 12:36:15+00:00,,gpw-obml-50,GPW-OBML,nan,-,,HCTRA,4.8,
2025-10-12,225328551992396,B5010017609,8441,,2025-10-10 13:16:48+00:00,,gpw-cmbml-21,GPW-CMBML,nan,-,,HCTRA,6.84,
2025-10-13,176984220732924,B6010174719,214,,2025-10-10 05:39:32+00:00,,Sam Houston NE Mainlane,SHT-SAMNE-09,nan,-,,HCTRA,7.0,
2025-10-10,272717256944460,B6010075444,8634,,2025-10-09 12:22:03+00:00,,Sam Houston Central Plaza,SHT-SAMC-10,nan,-,,HCTRA,7.0,
2025-10-12,388352598116129,B6010039119,8421,,2025-10-11 18:09:24+00:00,,130-dkcrp-06 307,H13-DECKC,nan,-,,HCTRA,6.54,
2025-10-10,102298838560940,B6010107803,8660,,2025-10-09 12:56:04+00:00,,Cassoday K-177  El Dorado US-77,KTA-KTA087SB,nan,-,,KTA,2.21,
2025-10-17,200909269643122,B6010057279,S24005,,2025-10-10 04:31:39+00:00,,heb-chickml,HEB-CHICKML-13,nan,-,,OTA,2.25,
2025-10-14,265138700203528,B5010022290,S22013,,2025-10-09 21:46:25+00:00,,Lawrence : US-59,KTA-KTA202EB,nan,-,,KTA,0.1,
2025-10-11,921273109887711,B6010174786,S20046,,2025-10-08 16:14:53+00:00,,JFK : John F. Kennedy Memorial Highway,JFK,nan,-,,MdTA,48.0,
2025-10-15,226389680192561,B6010057263,S23027,,2025-10-13 17:09:08+00:00,,I-35,JKT-I35-04,nan,-,,OTA,0.66,
2025-10-14,985092213026341,B6010086561,8654,,2025-10-13 12:37:54+00:00,,West Plaza,1851,nan,-,,SCNT,7.6,
2025-10-09,257924751025631,B5010060218,8185,,2025-10-08 09:54:58+00:00,,h13-mustc-06,H13-MUSTC,nan,-,,HCTRA,6.54,
2025-10-11,208608520539451,B6010174711,79,,2025-10-09 22:34:38+00:00,,East Main Plaza (78th Street),T65,nan,-,,FDOT,2.13,
2025-10-12,314150563514108,B6010065788,8115,,2025-10-11 15:55:08+00:00,,Haysville-Derby 71st  Mulvane K-53,KTA-KTA036SB,nan,-,,KTA,0.83,
2025-10-11,283139019059068,1662894601106,216,,2025-10-08 03:44:37+00:00,,Sam Houston Ship Channel Bridge,SHT-SHIP-42,nan,-,,HCTRA,8.0,
2025-10-11,249984070252738,B6010172695,274,,2025-10-09 23:02:45+00:00,,East Main Plaza (78th Street),T65,nan,-,,FDOT,8.52,
2025-10-11,324327009118150,B6010219218,8402,,2025-10-10 11:50:40+00:00,,Wichita K-15  I-135/I-235,KTA-KTA043NB,nan,-,,KTA,0.41,
2025-10-15,206910519210874,B6010075122,8612,,2025-10-14 13:02:32+00:00,,gpw-vrml-51,GPW-VRML,nan,-,,HCTRA,8.8,
2025-10-14,258065441651374,B6010086458,8643,,2025-10-13 08:32:30+00:00,,Pax (Toll Plaza B),B,nan,-,,WVPEDTA,13.0,
2025-10-09,283728095211431,B5010017609,8441,,2025-10-08 13:06:53+00:00,,gpw-vrml-51,GPW-VRML,nan,-,,HCTRA,8.8,
2025-10-14,430689941501311,B6010107768,8509,,2025-10-13 10:18:32+00:00,,Cameron Plaza,H13-CAMRO,nan,-,,HCTRA,6.54,
2025-10-14,196827379676781,B6010039142,7961,,2025-10-13 20:09:42+00:00,,Southern Terminal: Border  US-160,KTA-KTA017SB,nan,-,,KTA,2.62,
2025-10-18,696393586332321,B5010022290,S22013,,2025-10-14 12:53:48+00:00,,Council Grove US-56  Emporia,KTA-KTA146NB,nan,-,,KTA,0.96,
2025-10-12,202270345471340,B5010022318,255,,2025-10-10 11:09:06+00:00,,jkt-us77,JKT-US77-11,nan,-,,OTA,2.27,
2025-10-15,190181780167780,B6010204230,8516,,2025-10-14 12:28:54+00:00,,gpw-cmbml-21,GPW-CMBML,nan,-,,HCTRA,6.84,
2025-10-12,585396076614431,B6010065788,8115,,2025-10-11 15:38:16+00:00,,Andover 21st  Wichita K-96,KTA-KTA056SB,nan,-,,KTA,0.55,
2025-10-12,736927927980171,1662893701108,207,,2025-10-09 21:31:48+00:00,,Sam Houston NE Mainlane,SHT-SAMNE-04,nan,-,,HCTRA,7.0,
2025-10-12,197350509847226,B6010205371,8401,,2025-10-10 14:35:26+00:00,,Sam Houston Central Plaza,SHT-SAMC-11,nan,-,,HCTRA,7.0,
2025-10-11,210016920840009,B6010107803,8660,,2025-10-10 17:11:45+00:00,,Lecompton K-10  Topeka I-70  K-4,KTA-KTA191EB,nan,-,,KTA,2.07,
2025-10-11,325607130699976,B6010205371,8401,,2025-10-10 14:14:56+00:00,,South Main / US 90,SHT-US90-90,nan,-,,HCTRA,4.0,
2025-10-11,195298390477597,B6010057268,S23012,,2025-10-10 07:45:01+00:00,,Exit 266 - Morgan Mill Road,M12,nan,-,,NCTA,0.64,
2025-10-13,154591563823572,B6010039142,7961,,2025-10-11 07:17:03+00:00,,130-skynp-01 4103,13C-SKYNB,nan,-,,HCTRA,12.73,
2025-10-12,167131764784787,B6010107779,8658,,2025-10-11 09:59:55+00:00,,Airport Plaza,H13-APORT,nan,-,,HCTRA,6.54,
2025-10-12,203908123153599,B6010174721,77,,2025-10-11 03:35:22+00:00,,0X - Golden Glades Plaza,006300,nan,-,,FDOT,4.64,
2025-10-12,975989566430618,410462470,S20034,,2025-10-10 22:04:34+00:00,,96 - Forest Boulevard,096,nan,-,,FDOT,0.35,
2025-10-14,862844652598149,B5010055206,8501,,2025-10-10 10:36:40+00:00,,Sam Houston SW Plaza,SHT-SAMSW-08,nan,-,,HCTRA,7.0,
2025-10-09,297433561004292,B6010204259,8425,,2025-10-08 06:40:27+00:00,,Belt Line Main Lane Gantry (MLP10),PGBT-MLP10-13,nan,-,,NTTA,2.96,
2025-10-09,550097263222924,B5010065476,S23032,,2025-10-08 07:56:55+00:00,,Exit 260 - N. Rocky River Road,M08,nan,-,,NCTA,0.63,
2025-10-09,477729597520913,B6010205436,1247,,2025-10-08 08:24:40+00:00,,Airport Plaza,H13-APORT,nan,-,,HCTRA,2.18,
2025-10-09,158468817038408,B6010205357,1116,,2025-10-08 08:49:29+00:00,,42 - I-57/147th St (Illinois 83),42,nan,-,,ILTOLL,8.15,
2025-10-15,112575177126433,B6010039141,8312,,2025-10-14 10:59:47+00:00,,Wichita K-15  I-135/I-235,KTA-KTA043NB,nan,-,,KTA,0.41,
2025-10-15,237078497169383,B6010075118,8620,,2025-10-14 06:50:53+00:00,,35 - Cermak Mainline (22nd St),35,nan,-,,ILTOLL,8.15,
2025-10-16,279704709912302,B6010052915,8606,,2025-10-14 09:45:58+00:00,,A 27,A27,nan,-,,PTC,7.44,
2025-10-11,151949664754193,B5010058942,259,,2025-10-10 04:47:22+00:00,,East Topeka: I-70,KTA-KTA183WB,nan,-,,KTA,0.28,
2025-10-14,218386648642265,B5010058944,206,,2025-10-13 22:59:37+00:00,,Emporia I-35  Cassoday K-177,KTA-KTA123NB,nan,-,,KTA,4.83,
2025-10-11,229280777783378,B6010119859,8338,,2025-10-10 04:11:24+00:00,,I35W-Golden Triangle Entrance,I35W-GOLDENTRI-21,nan,-,,NTTA,7.8,
2025-10-13,240958813406171,B5010058928,S23000,,2025-10-11 05:54:44+00:00,,Tomball Tollway Mainlane,TMB-NPTML-10,nan,-,,HCTRA,1.35,
2025-10-12,250833997018914,B6010125735,S24018,,2025-10-10 20:33:02+00:00,,47 - Miramar Plaza,047,nan,-,,FDOT,1.16,
2025-10-13,153636473055443,B6010205359,8529,,2025-10-12 16:20:01+00:00,,130-dkcrp-06 307,H13-DECKC,nan,-,,HCTRA,6.54,
2025-10-13,326977349752420,B6010119922,8348,,2025-10-12 11:56:41+00:00,,Cassoday K-177  El Dorado US-77,KTA-KTA087SB,nan,-,,KTA,2.21,
2025-10-09,282731423300247,B5010017818,9115,,2025-10-08 15:56:06+00:00,,61 - Aurora Mainline,61,nan,-,,ILTOLL,8.15,
2025-10-14,323510454570451,B6010086985,8554,,2025-10-12 10:41:53+00:00,,US 75-Glenpool,CRK-75GLPL-02,nan,-,,OTA,2.98,
2025-10-15,194577860359000,B6010174710,8603,,2025-10-14 09:11:28+00:00,,Mainline Plaza: East of I-45,GPW-HRDML,nan,-,,HCTRA,2.2,
2025-10-16,227562403519595,B6010065780,9076,,2025-10-14 09:56:15+00:00,,130-skysp-02 4104,13C-SKYSB,nan,-,,HCTRA,12.73,
2025-10-18,700929900809308,B5010022290,S22013,,2025-10-14 12:12:20+00:00,,Topeka K-4  I-470,KTA-KTA179NB,nan,-,,KTA,0.24,
2025-10-14,178729744940463,B5010022290,S22013,,2025-10-09 16:11:42+00:00,,Emporia I-35  Cassoday K-177,KTA-KTA123NB,nan,-,,KTA,1.68,
2025-10-11,338600746627705,B6010125735,S24018,,2025-10-10 00:11:14+00:00,,150 - Midway Road,150,nan,-,,FDOT,0.86,
2025-10-13,151236837985590,B6010075120,8622,,2025-10-12 08:44:47+00:00,,Hardy North Plaza,HDY-HDYN-09,nan,-,,HCTRA,7.0,
2025-10-15,197204322355207,B6010205367,8427,,2025-10-14 17:09:07+00:00,,Eldridge,KTY-ELDRE-01,nan,-,,HCTRA,7.0,
2025-10-13,180506717872402,B5010061406,8525,,2025-10-12 13:21:05+00:00,,Airport Plaza,H13-APORT,nan,-,,HCTRA,4.36,
2025-10-15,309901099767421,B6010039141,8312,,2025-10-14 12:08:42+00:00,,Emporia I-35  Cassoday K-177,KTA-KTA123NB,nan,-,,KTA,4.83,
2025-10-17,137472605846814,B6010057279,S24005,,2025-10-08 04:42:19+00:00,,heb-chickml,HEB-CHICKML-13,nan,-,,OTA,2.25,
2025-10-09,702139922294034,B6010035670,8547,,2025-10-08 09:25:34+00:00,,Topeka K-4  I-470,KTA-KTA179NB,nan,-,,KTA,0.69,
2025-10-19,314529065324008,B6010057279,S24005,,2025-10-14 06:32:41+00:00,,heb-chickml,HEB-CHICKML-13,nan,-,,OTA,2.25,
2025-10-12,227106306383382,B6010052898,8615,,2025-10-10 15:35:07+00:00,,130-dkcrp-06 307,H13-DECKC,nan,-,,HCTRA,6.54,
2025-10-13,548484801345838,B6010174719,214,,2025-10-10 21:49:27+00:00,,Sam Houston NE Mainlane,SHT-SAMNE-04,nan,-,,HCTRA,7.0,
2025-10-12,275021087525482,B6010107803,8660,,2025-10-11 07:56:58+00:00,,Andover 21st  Wichita K-96,KTA-KTA056SB,nan,-,,KTA,0.55,
2025-11-13,108771343321422,V5307HY-TN,265,,2025-10-14 13:20:53+00:00,,Sam Houston North Plaza,SHT-SAMN-12,nan,-,,HCTRA,8.4,
2025-10-15,260727706999198,B5010048788,76,,2025-10-14 03:58:20+00:00,,Sam Houston Ship Channel Bridge,SHT-SHIP-42,nan,-,,HCTRA,8.0,
2025-10-18,307007694002726,B5010022290,S22013,,2025-10-14 15:57:36+00:00,,Haysville-Derby 71st  Mulvane K-53,KTA-KTA036SB,nan,-,,KTA,0.29,
2025-10-10,148565530621938,B6010172695,274,,2025-10-09 14:07:02+00:00,,0.4 - Mainline Plaza (Z-Move),4CO,nan,-,,FDOT,2.28,
2025-10-10,244917330546444,1662894601106,216,,2025-10-08 22:13:42+00:00,,sht-samne-05 samn,SHT-SAMNE-05,nan,-,,HCTRA,7.0,
2025-10-16,315206862775378,B5010022294,224320,,2025-10-14 06:17:05+00:00,,I-35,JKT-I35-04,nan,-,,OTA,0.66,
2025-10-14,157083875903073,B5010022290,S22013,,2025-10-09 16:31:32+00:00,,Council Grove US-56  Emporia,KTA-KTA146NB,nan,-,,KTA,0.96,
2025-10-10,236866921778879,B6010174711,79,,2025-10-08 22:32:30+00:00,,East Main Plaza (78th Street),T65,nan,-,,FDOT,8.52,
2025-10-13,112287594570018,B6010035637,8349,,2025-10-12 07:27:10+00:00,,gpw-vrml-51,GPW-VRML,nan,-,,HCTRA,8.8,
2025-10-13,198841551669762,570164T-TN,15076,,2025-10-09 19:42:10+00:00,,Sam Houston NE Mainlane,SHT-SAMNE-09,nan,-,,HCTRA,8.4,
2025-10-10,500471431101143,B6010057263,S23027,,2025-10-09 12:41:43+00:00,,Tonganoxie-Eudora: 222nd St  Lawrence : US-59,KTA-KTA207WB,nan,-,,KTA,0.38,
2025-10-17,105416555631946,B5010022290,S22013,,2025-10-13 13:53:22+00:00,,Wichita US-54  K-15,KTA-KTA047NB,nan,-,,KTA,0.24,
2025-10-11,276373442810920,B6010087081,8519,,2025-10-09 15:52:30+00:00,,West Renner Road (WRERD),PGBT-WRERD-03,nan,-,,NTTA,2.08,
2025-10-11,310128535506000,B6010204235,8510,,2025-10-10 13:29:23+00:00,,Wilcrest,KTY-WLCRW-01,nan,-,,HCTRA,7.0,
2025-10-14,273616893094333,B6010108042,8618,,2025-10-12 17:14:11+00:00,,5 - Belvidere Mainline,5,nan,-,,ILTOLL,16.3,
2025-10-09,278493653738868,B6010204259,8425,,2025-10-08 06:51:57+00:00,,Frankford Main Lane Gantry (MLP8),PGBT-MLP8-13,nan,-,,NTTA,6.2,
2025-10-12,258353507584929,B6010039104,8332,,2025-10-09 10:21:06+00:00,,13c-blusb-01,13C-BLUSB,nan,-,,HCTRA,27.81,
2025-10-12,326856948319457,B5010048788,76,,2025-10-10 21:53:23+00:00,,Sam Houston NE Mainlane,SHT-SAMNE-04,nan,-,,HCTRA,7.0,
2025-10-17,563793306244015,B5010022290,S22013,,2025-10-13 16:45:05+00:00,,Lawrence US-59S  Lecompton K-10,KTA-KTA201WB,nan,-,,KTA,0.24,
2025-10-18,400103824844326,B5010022290,S22013,,2025-10-14 16:10:56+00:00,,Mulvane K-53  US-160,KTA-KTA021SB,nan,-,,KTA,0.67,
2025-10-11,294352057994811,B6010057263,S23027,,2025-10-10 14:08:55+00:00,,Wichita K-15  I-135/I-235,KTA-KTA043NB,nan,-,,KTA,0.14,
2025-10-12,186351264428829,B6010039119,8421,,2025-10-11 17:50:38+00:00,,h13-mustc-06,H13-MUSTC,nan,-,,HCTRA,6.54,
2025-10-13,334977393263190,B6010205368,8513,,2025-10-09 14:42:49+00:00,,h13-mustc-06,H13-MUSTC,nan,-,,HCTRA,6.54,
2025-10-14,771259986164262,B6010052873,8317,,2025-10-12 20:00:19+00:00,,290/130 Flyover,SH 130 DIRECT C,nan,-,,CTRMA,3.0,
2025-10-10,203692692666880,B6010119955,8347,,2025-10-09 12:08:17+00:00,,Abraham Lincoln Bridge,DTN,nan,-,,RIVERLIN,13.33,
2025-10-16,217580105680283,B6010057279,S24005,,2025-10-09 06:45:44+00:00,,Western,JKT-SFML-01,nan,-,,OTA,1.56,
2025-10-10,459186794622404,B5010061403,8524,,2025-10-09 12:10:23+00:00,,Exit 255 - U.S. 74 (West),M02,nan,-,,NCTA,1.2,
2025-10-12,308161011917164,B5010061401,8517,,2025-10-10 07:16:17+00:00,,Sam Houston North Plaza,SHT-SAMN-05,nan,-,,HCTRA,7.0,
2025-10-18,271534890175385,B5010022290,S22013,,2025-10-14 14:06:56+00:00,,El Dorado US-77  US-254,KTA-KTA073SB,nan,-,,KTA,0.24,
2025-10-15,885850066963592,B6010057268,S23012,,2025-10-13 21:25:38+00:00,,Exit 257 - Indian Trail-Fairview Road,M03,nan,-,,NCTA,0.36,
2025-10-12,591322077127552,B5010060221,8152,,2025-10-11 13:01:18+00:00,,Hardy South Plaza,HDY-HDYS-10,nan,-,,HCTRA,7.0,
2025-10-15,176852729024832,B5010022290,S22013,,2025-10-14 15:45:39+00:00,,Wichita K-96  US-54 Kellogg,KTA-KTA050NB,nan,-,,KTA,0.14,
2025-10-10,110268464111177,B6010075444,8634,,2025-10-08 07:45:08+00:00,,Giles Lane Mainline Plaza,905019,nan,-,,CTRMA,5.96,
2025-10-09,295523879150236,B6010057268,S23012,,2025-10-08 07:52:50+00:00,,Exit 264 - U.S. 601,M10,nan,-,,NCTA,0.29,
2025-10-10,276350786150508,B6010065788,8115,,2025-10-09 16:23:59+00:00,,Southern Terminal: Border  US-160,KTA-KTA017SB,nan,-,,KTA,2.62,
2025-10-12,798988478151323,B6010039119,8421,,2025-10-11 18:15:35+00:00,,Airport Plaza,H13-APORT,nan,-,,HCTRA,6.54,
2025-10-10,213977234835463,B6010057268,S23012,,2025-10-08 21:16:32+00:00,,Exit 257 - Indian Trail-Fairview Road,M03,nan,-,,NCTA,0.36,
2025-10-10,516451967264319,410282812,S20021,,2025-10-09 10:44:56+00:00,,Exit 264 - U.S. 601,M10,nan,-,,NCTA,0.29,
2025-10-18,642480823038183,B6010035722,8551,,2025-10-14 14:02:04+00:00,,h13-mustc-06,H13-MUSTC,nan,-,,HCTRA,6.54,
2025-10-14,198870641457338,B5010058942,259,,2025-10-13 21:56:19+00:00,,Tonganoxie-Eudora: 222nd St  Lawrence : US-59,KTA-KTA207WB,nan,-,,KTA,1.1,
2025-10-10,238892669277025,B5010065474,S23015,,2025-10-08 21:33:38+00:00,,Exit 260 - N. Rocky River Road,M07,nan,-,,NCTA,0.63,
2025-10-15,164442719648157,B5010061410,8531,,2025-10-13 20:01:52+00:00,,13c-blusb-01,13C-BLUNB,nan,-,,HCTRA,27.81,
2025-10-12,139160430082379,B6010119951,8311,,2025-10-10 15:14:22+00:00,,A 31,A31,nan,-,,PTC,8.0,
2025-10-15,132569165528023,B5010022290,S22013,,2025-10-14 04:13:15+00:00,,Lecompton K-10  Topeka I-70  K-4,KTA-KTA191EB,nan,-,,KTA,0.72,
2025-10-15,326550968509113,B6010125735,S24018,,2025-10-14 00:59:38+00:00,,150 - Midway Road,150,nan,-,,FDOT,0.86,
2025-10-16,421808839653666,B6010035600,8555,,2025-10-14 13:51:32+00:00,,Exit 43,H43,nan,-,,PTC,29.19,
2025-10-09,147455843212880,B6010125735,S24018,,2025-10-08 00:22:52+00:00,,150 - Midway Road,150,nan,-,,FDOT,0.86,
2025-10-10,257462242425701,B6010065769,8407,,2025-10-09 08:25:53+00:00,,Lewis and Clark Bridge,ECN,nan,-,,RIVERLIN,13.33,
2025-10-10,115364815910367,B6010075128,8632,,2025-10-08 20:51:09+00:00,,I 40-Henryetta,IN-EFLML-05,nan,-,,OTA,8.28,
2025-10-12,395138601934118,B6010052898,8615,,2025-10-10 15:54:41+00:00,,130-skysp-02 4104,13C-SKYSB,nan,-,,HCTRA,12.73,
2025-10-13,300580230728187,B6010205359,8529,,2025-10-12 16:13:51+00:00,,Airport Plaza,H13-APORT,nan,-,,HCTRA,6.54,
2025-10-10,152092604931519,B6010039125,8346,,2025-10-08 13:09:02+00:00,,SH183-COLN County Line Road,SH183-COLN-85,nan,-,,NTTA,6.24,
2025-10-16,507649582148746,B6010057263,S23027,,2025-10-14 12:20:56+00:00,,jkt-us77,JKT-US77-11,nan,-,,OTA,0.66,
2025-10-14,110084800405426,B6010107742,8602,,2025-10-13 16:07:07+00:00,,89 - Boughton Mainline,89,nan,-,,ILTOLL,8.15,
2025-10-09,118972111274883,B5010058928,S23000,,2025-10-08 05:59:04+00:00,,249b-fm1774-45,249-174ML-45/46/47,nan,-,,HCTRA,2.6,
2025-10-10,290450675731264,B6010204230,8516,,2025-10-08 16:50:06+00:00,,130-sh21x-01 4102,13C-HC21X,nan,-,,HCTRA,4.8,
2025-10-15,932610585229695,B6010057263,S23027,,2025-10-14 14:58:55+00:00,,Wichita K-15  I-135/I-235,KTA-KTA043NB,nan,-,,KTA,0.14,
2025-10-13,239158580107593,B5010022294,224320,,2025-10-11 04:18:15+00:00,,Bristow-SH 66,TRN-BRSTW,nan,-,,OTA,3.36,
2025-10-10,246243358133937,1662894601106,216,,2025-10-08 03:50:22+00:00,,Spencer Hwy,SHT-SPNCR-58,nan,-,,HCTRA,5.0,
2025-10-11,729772349356875,B5010022290,S22013,,2025-10-08 15:03:51+00:00,,Wichita K-15  I-135/I-235,KTA-KTA043NB,nan,-,,KTA,0.14,
2025-10-16,235962510311264,B6010075145,8633,,2025-10-14 11:16:12+00:00,,Harrisburg East,HES,nan,-,,PTC,63.16,
2025-10-12,171613951268907,B6010065788,8115,,2025-10-11 15:34:46+00:00,,El Dorado US-77  Andover 21st,KTA-KTA061SB,nan,-,,KTA,1.93,
2025-10-11,306870372523191,B5010022290,S22013,,2025-10-08 15:09:33+00:00,,Haysville-Derby 71st  Mulvane K-53,KTA-KTA036SB,nan,-,,KTA,0.29,
2025-10-14,256482870455640,B6010052915,8606,,2025-10-12 15:28:10+00:00,,FMT : Fort McHenry Tunnel,FMT,nan,-,,MdTA,24.0,
2025-10-15,236258437860144,B5010058942,259,,2025-10-14 04:44:48+00:00,,East Topeka: I-70,KTA-KTA183WB,nan,-,,KTA,0.28,
2025-10-14,221702371193764,B6010174786,S20046,,2025-10-12 09:43:33+00:00,,Exit 43,H43,nan,-,,PTC,29.19,
2025-10-10,273296374001987,B6010066068,S24024,,2025-10-07 21:36:19+00:00,,Exit 257 - Indian Trail-Fairview Road,M03,nan,-,,NCTA,0.36,
2025-10-14,247994910858387,B6010219218,8402,,2025-10-13 13:39:32+00:00,,Southern Terminal: Border  US-160,KTA-KTA017SB,nan,-,,KTA,2.62,
2025-10-15,552101497520139,B6010065780,9076,,2025-10-13 08:17:48+00:00,,US 177,CIM-177MLE-13,nan,-,,OTA,4.47,
2025-10-13,261549821267957,B6010105974,8404,,2025-10-10 14:40:45+00:00,,Sam Houston East Plaza,SHT-SAME-09,nan,-,,HCTRA,7.0,
2025-10-12,148256044093051,B6010174719,214,,2025-10-09 22:53:13+00:00,,Sam Houston NE Mainlane,SHT-SAMNE-04,nan,-,,HCTRA,7.0,
2025-10-19,293133600131229,B6010107795,8662,,2025-10-14 15:05:53+00:00,,Sam Houston North Plaza,SHT-SAMN-12,nan,-,,HCTRA,7.0,
2025-10-10,115529141870727,B6010108554,S24035,,2025-10-08 00:00:49+00:00,,Sully Rd,063,nan,-,,VDOT,2.0,
2025-10-14,783962566053794,B6010065787,8330,,2025-10-12 12:20:20+00:00,,Pax (Toll Plaza B),B,nan,-,,WVPEDTA,13.0,
2025-10-10,182927854147981,B6010086458,8643,,2025-10-08 09:44:02+00:00,,Sam Houston NE Mainlane,SHT-SAMNE-04,nan,-,,HCTRA,7.0,
2025-10-11,230348360237369,B6010086458,8643,,2025-10-10 11:04:50+00:00,,150 - Midway Road,150,nan,-,,FDOT,2.15,
2025-10-11,166243113279600,B5010036855,266,,2025-10-10 22:33:18+00:00,,Andover 21st  Wichita K-96,KTA-KTA056SB,nan,-,,KTA,0.55,
2025-10-09,264739075770309,B6010204230,8516,,2025-10-08 16:42:00+00:00,,Airport Plaza,H13-APORT,nan,-,,HCTRA,6.54,
2025-10-12,228040003379574,B6010205371,8401,,2025-10-11 18:32:51+00:00,,gpw-cfml-21,GPW-CFML,nan,-,,HCTRA,6.08,
2025-10-15,217068716284006,B6010125735,S24018,,2025-10-13 23:38:08+00:00,,141 - Port St. Lucie,142,nan,-,,FDOT,0.35,
2025-10-15,334352611380810,B6010057263,S23027,,2025-10-14 16:38:27+00:00,,Council Grove US-56  Emporia,KTA-KTA146NB,nan,-,,KTA,0.96,
2025-10-15,130744466487214,B6010035637,8349,,2025-10-14 08:59:42+00:00,,Sam Houston North Plaza,SHT-SAMN-07,nan,-,,HCTRA,7.0,
2025-10-13,430689010987907,B5010061406,8525,,2025-10-12 08:51:43+00:00,,Lower Tarrant - South (SLTRD),PGBW-SLTRD-02,nan,-,,NTTA,1.36,
2025-10-12,289904659029575,B5010065476,S23032,,2025-10-11 07:55:49+00:00,,Exit 260 - N. Rocky River Road,M08,nan,-,,NCTA,0.63,
2025-11-10,157398865466973,V5307HY-TN,265,,2025-10-10 06:25:15+00:00,,FM 2920,TMB-F2920-48,nan,-,,HCTRA,3.6,
2025-10-11,100770045820481,B5010028610,8446,,2025-10-09 22:52:53+00:00,,s45-semlp-08,S45-SEMLP-08/09,nan,-,,HCTRA,2.6,
2025-10-10,279477219199560,B6010039121,8435,,2025-10-08 09:27:37+00:00,,i35ws-us287s-22,I35WS-US287S-,nan,-,,NTTA,18.0,
2025-10-14,289020573733053,B6010086474,8648,,2025-10-13 03:40:43+00:00,,130-dkcrp-06 307,H13-DECKC,nan,-,,HCTRA,6.54,
2025-10-11,311105778351077,B6010057263,S23027,,2025-10-10 21:17:44+00:00,,Topeka K-4  I-470,KTA-KTA179NB,nan,-,,KTA,0.24,
2025-10-10,731188525076694,B6010205371,8401,,2025-10-08 16:02:01+00:00,,Sam Houston SE Plaza,SHT-SAMSE-08,nan,-,,HCTRA,7.0,
2025-10-15,208670835343070,B6010057268,S23012,,2025-10-14 08:00:11+00:00,,Exit 270 - Austin Chaney Road,M14,nan,-,,NCTA,0.48,
2025-10-13,142133256655585,B6010057271,S23022,,2025-10-11 03:01:27+00:00,,Flint Bridge/State Line,CHR-FLTBRG-01,nan,-,,OTA,3.08,
2025-10-13,296580053844045,B5010060221,8152,,2025-10-10 16:41:55+00:00,,Coit Main Lane Gantry (MLP7),PGBT-MLP7-09,nan,-,,NTTA,6.6,
2025-10-10,126991382109236,B6010065788,8115,,2025-10-09 17:10:30+00:00,,El Dorado US-77  US-254,KTA-KTA073SB,nan,-,,KTA,0.69,
2025-10-14,545433677021992,B6010107807,8659,,2025-10-13 13:57:24+00:00,,West Plaza,1851,nan,-,,SCNT,7.6,
2025-10-09,173774727660127,B6010035670,8547,,2025-10-08 13:15:27+00:00,,Southern Terminal: Border  US-160,KTA-KTA017SB,nan,-,,KTA,2.62,
2025-10-12,137851084501715,B6010039104,8332,,2025-10-10 15:32:39+00:00,,Sam Houston NE Mainlane,SHT-SAMNE-10,nan,-,,HCTRA,7.0,
2025-10-11,165053179455729,B6010034703,8532,,2025-10-10 13:51:15+00:00,,s45-semlp-04,S45-SEMLP-04/05,nan,-,,HCTRA,3.9,
2025-10-11,268502666270476,B6010039151,8429,,2025-10-09 21:13:22+00:00,,gpw-cfml-21,GPW-CFML,nan,-,,HCTRA,6.08,
2025-10-15,139461042870207,B5010028610,8446,,2025-10-14 18:20:23+00:00,,h13-mustc-06,H13-MUSTC,nan,-,,HCTRA,6.54,
2025-10-11,158847456430685,B6010205359,8529,,2025-10-09 07:03:03+00:00,,gpw-nwml-90,GPW-NWML,nan,-,,HCTRA,5.2,
2025-10-11,336357064257812,U1524HY-TN,77,,2025-10-09 20:13:28+00:00,,SR836 East (at 57th Ave),D30,nan,-,,FDOT,1.32,
2025-10-14,740212424727361,B6010039141,8312,,2025-10-13 15:26:46+00:00,,130-dkcrp-06 307,H13-DECKC,nan,-,,HCTRA,6.54,
2025-10-18,123946010747309,B6010035639,8540,,2025-10-12 13:32:20+00:00,,wr-ml,WR-ML-01,nan,-,,OTA,22.12,
2025-10-10,282717216531130,B6010057263,S23027,,2025-10-09 12:58:27+00:00,,Lecompton K-10  Topeka I-70  K-4,KTA-KTA191EB,nan,-,,KTA,0.72,
2025-10-09,269923561511032,B6010057263,S23027,,2025-10-08 21:16:46+00:00,,Lecompton K-10  Topeka I-70  K-4,KTA-KTA191EB,nan,-,,KTA,0.72,
2025-10-13,125700710274869,B5010022297,256,,2025-10-08 12:16:14+00:00,,jkt-mcrthr,JKT-MCRTHR-01,nan,-,,OTA,1.02,
2025-10-13,316306238092109,B6010039141,8312,,2025-10-12 04:40:13+00:00,,Sam Houston SW Plaza,SHT-SAMSW-09,nan,-,,HCTRA,7.0,
2025-10-10,182954074883516,B5010036855,266,,2025-10-09 01:45:08+00:00,,El Dorado US-77  Andover 21st,KTA-KTA061SB,nan,-,,KTA,1.93,
2025-10-10,280541281330522,B6010125734,S24016,,2025-10-09 11:08:25+00:00,,25 - East Toll Plaza,AAE,nan,-,,FDOT,3.18,
2025-10-11,173098688185723,B6010075136,8438,,2025-10-09 17:14:00+00:00,,Ghent (Toll Plaza A),AS,nan,-,,WVPEDTA,13.0,
2025-10-13,686522726715877,B6010052900,8616,,2025-10-12 09:46:11+00:00,,Cameron Plaza,H13-CAMRO,nan,-,,HCTRA,6.54,
2025-10-15,151956499244357,B5010022289,S22012,,2025-10-10 12:04:06+00:00,,Wichita K-15  I-135/I-235,KTA-KTA043NB,nan,-,,KTA,0.14,
2025-10-12,460167089542580,B6010052898,8615,,2025-10-10 10:30:46+00:00,,Dalworth Street (DALST),PGBW-DALST-02,nan,-,,NTTA,1.36,
2025-10-11,746264577884196,B5010065474,S23015,,2025-10-09 21:13:31+00:00,,Exit 264 - U.S. 601,M09,nan,-,,NCTA,0.29,
2025-10-11,309216565820690,B5010022318,255,,2025-10-09 07:29:08+00:00,,kkp-ne23st,KKP-NE23ST-01,nan,-,,OTA,4.76,
2025-10-12,811698876768970,B5010058942,259,,2025-10-11 05:18:20+00:00,,Tonganoxie-Eudora: 222nd St  Lawrence : US-59,KTA-KTA207WB,nan,-,,KTA,1.1,
2025-10-13,329066841086317,B6010039151,8429,,2025-10-09 21:22:16+00:00,,gpw-rfzml-16,GPW-RFZML,nan,-,,HCTRA,3.28,
2025-10-15,222845623927041,B6010119909,8334,,2025-10-08 08:48:41+00:00,,wr-ml,WR-ML-01,nan,-,,OTA,22.12,
2025-10-10,330937181599166,B6010204984,8508,,2025-10-09 11:46:05+00:00,,Mainline Plaza: East of I-45,GPW-HRDML,nan,-,,HCTRA,2.2,
2025-10-12,232895283789586,B6010039151,8429,,2025-10-09 21:28:47+00:00,,gpw-vrml-51,GPW-VRML,nan,-,,HCTRA,8.8,
2025-10-11,197339832168709,B6010039151,8429,,2025-10-09 20:59:30+00:00,,gpw-nwml-90,GPW-NWML,nan,-,,HCTRA,5.2,
2025-10-11,278401854141571,B6010086458,8643,,2025-10-09 19:22:47+00:00,,65 - Pompano Beach Plaza,067,nan,-,,FDOT,2.32,
2025-10-11,345500207880760,B5010017609,8441,,2025-10-10 13:38:07+00:00,,gpw-rfzml-16,GPW-RFZML,nan,-,,HCTRA,3.28,
2025-10-12,421232379718480,U366823-TN,12360,,2025-10-10 17:47:17+00:00,,Arkansas Mainlane Gantry (MLG12),PGBW-MLG12-03,nan,-,,NTTA,8.1,
2025-10-15,179019734746460,B6010174710,8603,,2025-10-14 08:49:32+00:00,,gpw-cmbml-21,GPW-CMBML,nan,-,,HCTRA,6.84,
2025-10-14,932333219839074,B6010039142,7961,,2025-10-13 19:53:07+00:00,,Haysville-Derby 71st  Mulvane K-53,KTA-KTA036SB,nan,-,,KTA,0.83,
2025-10-15,209022328335204,B6010167872,8310,,2025-10-14 05:47:16+00:00,,Prairie Creek Mainline,NE49-PCMN-01,nan,-,,CTRMA,10.08,
2025-10-17,191340259655128,B5010022290,S22013,,2025-10-13 16:46:35+00:00,,Lawrence : US-59,KTA-KTA202EB,nan,-,,KTA,0.1,
2025-10-09,797182355384622,B6010204984,8508,,2025-10-08 10:11:06+00:00,,Clay Rd,SHT-WCLAY-36,nan,-,,HCTRA,5.0,
2025-10-10,353642634304095,B5010034041,212,,2025-10-08 17:01:22+00:00,,I-35,JKT-I35-04,nan,-,,OTA,2.27,
2025-10-15,106673204283936,B5010058928,S23000,,2025-10-14 06:44:38+00:00,,Sam Houston North Plaza,SHT-SAMN-05,nan,-,,HCTRA,1.35,
2025-10-14,238243185543389,B6010057263,S23027,,2025-10-13 14:54:25+00:00,,Wichita K-96  US-54 Kellogg,KTA-KTA050NB,nan,-,,KTA,0.14,
2025-10-09,160059536925775,B6010107782,8320,,2025-10-08 14:49:29+00:00,,gpw-cmbml-21,GPW-CMBML,nan,-,,HCTRA,6.84,
2025-10-10,118646351994615,B6010057268,S23012,,2025-10-09 08:11:50+00:00,,Exit 259 - Unionville-Indian Trail Road,M06,nan,-,,NCTA,0.22,
2025-10-15,810681480713979,B6010119955,8347,,2025-10-14 14:04:19+00:00,,El Dorado US-77  US-254,KTA-KTA073SB,nan,-,,KTA,0.69,
2025-10-13,156379520249248,B5010063664,9113,,2025-10-10 13:11:45+00:00,,Sam Houston Ship Channel Bridge,SHT-SHIP-42,nan,-,,HCTRA,8.0,
2025-10-18,119482459477114,B6010066093,S24015,,2025-10-14 18:49:10+00:00,,SR836 West (at 97th Ave),D75,nan,-,,MDX,0.66,
2025-10-13,213211870776068,B6010174786,S20046,,2025-10-08 15:51:55+00:00,,MD 43 to MD 152 Northbound,955,nan,-,,MdTA,18.08,
2025-10-14,135038184945048,U227027-TN,13564,,2025-10-08 14:36:57+00:00,,gpw-nwml-90,GPW-NWML,nan,-,,HCTRA,7.8,
2025-10-11,182959619264248,B6010039151,8429,,2025-10-09 21:09:15+00:00,,gpw-obml-50,GPW-OBML,nan,-,,HCTRA,4.8,
2025-10-11,218849684334724,B6010219218,8402,,2025-10-10 11:45:16+00:00,,Haysville-Derby 71st  Mulvane K-53,KTA-KTA036SB,nan,-,,KTA,0.83,
2025-10-11,263501541310013,B6010107803,8660,,2025-10-10 17:43:59+00:00,,151sb,KTA-KTA151SB-03,nan,-,,KTA,4.14,
2025-10-10,239023677336943,B6010167861,8411,,2025-10-09 02:11:59+00:00,,Abraham Lincoln Bridge,DTN,nan,-,,RIVERLIN,13.33,
2025-10-14,322812705309856,B5010022290,S22013,,2025-10-09 17:26:27+00:00,,Tonganoxie-Eudora: 222nd St  Lawrence : US-59,KTA-KTA207WB,nan,-,,KTA,0.38,
2025-10-09,199965720955301,B5010017609,8441,,2025-10-08 13:36:20+00:00,,gpw-obml-50,GPW-OBML,nan,-,,HCTRA,4.8,
2025-10-12,247582707076240,B5010060214,9112,,2025-10-10 04:14:00+00:00,,Airport Plaza,H13-APORT,nan,-,,HCTRA,4.36,
2025-10-13,123200479433610,B5010022273,420663,,2025-10-11 06:28:47+00:00,,Flint Bridge/State Line,CHR-FLTBRG-01,nan,-,,OTA,2.7,
2025-10-14,175784145906592,C491HR-TN,S23032,,2025-10-11 07:46:50+00:00,,Exit 270 - Austin Chaney Road,M14,nan,-,,NCTA,0.48,
2025-10-13,284568189407613,B6010108042,8618,,2025-10-12 15:52:03+00:00,,41 - 163rd St Mainline,41,nan,-,,ILTOLL,8.15,
2025-10-13,159004902830666,B6010205436,1247,,2025-10-12 15:24:28+00:00,,h13-mustc-06,H13-MUSTC,nan,-,,HCTRA,6.54,
2025-10-13,110474967944769,B6010125738,S24038,,2025-10-11 01:50:13+00:00,,Mainline Plaza,101,nan,-,,VDOT,7.25,
2025-10-11,258494385510797,B6010125734,S24016,,2025-10-10 11:41:54+00:00,,East Main Plaza (78th Street),T65,nan,-,,FDOT,6.39,
2025-10-10,130223470396259,B6010057263,S23027,,2025-10-09 14:36:31+00:00,,Emporia I-35  Cassoday K-177,KTA-KTA123NB,nan,-,,KTA,1.68,
2025-10-15,229723115836844,B6010039141,8312,,2025-10-14 11:26:23+00:00,,El Dorado US-77  US-254,KTA-KTA073SB,nan,-,,KTA,0.69,
2025-10-09,169096035254687,B6010204236,8132,,2025-10-08 10:03:00+00:00,,Abraham Lincoln Bridge,DTN,nan,-,,RIVERLIN,13.33,
2025-10-10,193705441779685,B6010204984,8508,,2025-10-09 11:37:31+00:00,,gpw-vrml-51,GPW-VRML,nan,-,,HCTRA,8.8,
2025-10-15,607297349587963,B6010105983,9042,,2025-10-13 13:11:58+00:00,,91 - Fremont-Port Clinton,91,nan,-,,OTC,13.0,
2025-10-11,249424905758486,B6010065787,8330,,2025-10-09 15:29:00+00:00,,State Line,WR-STLINE-03,nan,-,,OTA,11.31,
2025-10-10,205647942900732,B6010107803,8660,,2025-10-09 12:21:54+00:00,,Wichita US-54  K-15,KTA-KTA047NB,nan,-,,KTA,0.69,
2025-10-11,155634539375370,B6010204235,8510,,2025-10-10 13:24:41+00:00,,Wirt,KTY-WIRTW-01,nan,-,,HCTRA,7.0,
2025-10-14,135341971392249,B6010075444,8634,,2025-10-09 14:00:49+00:00,,Hardy North Plaza,HDY-HDYN-09,nan,-,,HCTRA,7.0,
2025-10-11,184189384746162,B6010086458,8643,,2025-10-09 17:59:27+00:00,,104 - 45th Street,104,nan,-,,FDOT,1.75,
2025-10-11,136546781374765,B6010107755,8439,,2025-10-08 14:40:07+00:00,,gpw-cmbml-21,GPW-CMBML,nan,-,,HCTRA,6.84,
2025-10-09,175219836434440,B6010075122,8612,,2025-10-08 11:55:40+00:00,,West Plaza,1851,nan,-,,SCNT,7.6,
2025-10-12,876825000305748,B6010065788,8115,,2025-10-11 15:05:36+00:00,,Emporia I-35  Cassoday K-177,KTA-KTA123NB,nan,-,,KTA,4.83,
2025-10-09,269542536309028,534593T-TN,15048,,2025-10-07 19:56:30+00:00,,gpw-cfml-21,GPW-CFML,nan,-,,HCTRA,9.12,
2025-10-10,647264525852793,B6010075118,8620,,2025-10-08 17:53:58+00:00,,h13-mustc-06,H13-MUSTC,nan,-,,HCTRA,6.54,
2025-10-11,732412890735334,B6010086458,8643,,2025-10-10 10:49:50+00:00,,133 - Stuart,004140,nan,-,,FDOT,3.7,
2025-10-11,231984245008479,B6010119909,8334,,2025-10-09 04:26:11+00:00,,13c-blusb-01,13C-BLUSB,nan,-,,HCTRA,27.81,
2025-10-15,195081107060439,B5010065474,S23015,,2025-10-13 21:35:54+00:00,,Exit 257 - Indian Trail-Fairview Road,M03,nan,-,,NCTA,0.36,
2025-10-15,319099639613065,B6010119951,8311,,2025-10-14 15:07:01+00:00,,Lawrence : US-59,KTA-KTA202EB,nan,-,,KTA,0.69,
2025-10-09,337852528760897,1662893701108,207,,2025-10-07 21:42:12+00:00,,Sam Houston NE Mainlane,SHT-SAMNE-04,nan,-,,HCTRA,7.0,
2025-10-12,219847627855611,B6010172681,221,,2025-10-10 06:05:09+00:00,,N. End Gate I 40,JKT-I40SW15-01,nan,-,,OTA,7.36,
2025-10-10,483110309419776,410282812,S20021,,2025-10-09 10:47:59+00:00,,Exit 260 - N. Rocky River Road,M08,nan,-,,NCTA,0.63,
2025-10-13,625563753392521,B6010086545,8405,,2025-10-09 14:30:58+00:00,,gpw-nwml-90,GPW-NWML,nan,-,,HCTRA,5.2,
2025-10-10,168761762481466,B5010065476,S23032,,2025-10-09 06:45:26+00:00,,Exit 270 - Austin Chaney Road,M14,nan,-,,NCTA,0.48,
2025-10-10,152011427030861,B6010087081,8519,,2025-10-09 10:06:42+00:00,,Belt Line Main Lane Gantry (MLP10),PGBT-MLP10-13,nan,-,,NTTA,2.96,
2025-10-11,177532215255869,B5010061403,8524,,2025-10-08 18:42:17+00:00,,Exit 259 - Unionville-Indian Trail Road,M05,nan,-,,NCTA,0.88,
2025-10-15,276409259827212,B6010052909,8610,,2025-10-08 21:45:15+00:00,,wr-ml,WR-ML-01,nan,-,,OTA,22.12,
2025-10-09,211930049163028,B6010119951,8311,,2025-10-07 21:12:47+00:00,,SH114-S482 Spur 482,SH114-S482-45,nan,-,,NTTA,2.32,
2025-10-10,390813856455817,B6010039141,8312,,2025-10-08 05:08:16+00:00,,Sam Houston Ship Channel Bridge,SHT-SHIP-51,nan,-,,HCTRA,8.0,
2025-10-11,167779878345916,B6010105847,8343,,2025-10-10 14:59:46+00:00,,89 - Boughton Mainline,89,nan,-,,ILTOLL,8.15,
2025-10-17,298151158031426,B5010022290,S22013,,2025-10-13 13:27:19+00:00,,Southern Terminal: Border  US-160,KTA-KTA017SB,nan,-,,KTA,0.91,
2025-10-11,650922095033661,B6010172681,221,,2025-10-09 06:02:43+00:00,,N. End Gate I 40,JKT-I40SW15-01,nan,-,,OTA,7.36,
2025-10-10,817213293713889,1662691201105,223,,2025-10-09 05:18:20+00:00,,East Plaza,1853,nan,-,,SCNT,7.6,
2025-10-12,253595347808024,B6010057268,S23012,,2025-10-11 08:03:05+00:00,,Exit 257 - Indian Trail-Fairview Road,M04,nan,-,,NCTA,0.36,
2025-10-11,154487988929139,B6010035637,8349,,2025-10-08 15:25:58+00:00,,13c-blusb-01,13C-BLUSB,nan,-,,HCTRA,27.81,
2025-10-15,165532401789309,B6010065780,9076,,2025-10-13 06:00:26+00:00,,US 64 / SH 48 / Tulsa,CIM-HLLT-04,nan,-,,OTA,2.27,
2025-10-14,125182079637727,B6010039141,8312,,2025-10-13 15:46:44+00:00,,h13-mustc-06,H13-MUSTC,nan,-,,HCTRA,6.54,
2025-10-13,267022348518987,B6010035637,8349,,2025-10-12 07:46:44+00:00,,gpw-obml-50,GPW-OBML,nan,-,,HCTRA,4.8,
2025-10-09,103213740512540,B6010107804,8515,,2025-10-08 06:47:58+00:00,,Lewis and Clark Bridge,ECN,nan,-,,RIVERLIN,13.33,
2025-10-15,293597415059388,B6010174719,214,,2025-10-14 07:35:56+00:00,,Aldine Mail Route,HDY-ALDN-38,nan,-,,HCTRA,5.0,
2025-10-12,173717794611464,B6010167837,8445,,2025-10-11 13:55:45+00:00,,Wirt,KTY-WIRTE-01,nan,-,,HCTRA,7.0,
2025-10-10,115791350424764,B6010107803,8660,,2025-10-09 11:07:59+00:00,,Southern Terminal: Border  US-160,KTA-KTA017SB,nan,-,,KTA,2.62,
2025-10-08,115725485306436,B6010174780,S17033,,2025-10-07 22:07:59+00:00,,Sam Houston South Plaza,SHT-SAMS-07,nan,-,,HCTRA,1.35,
2025-10-10,195147280463397,B5010058921,420661,,2025-10-08 03:50:30+00:00,,msk-sh51,MSK-SH51-00,nan,-,,OTA,0.64,
2025-10-12,192235384773919,B5010050873,1027,,2025-10-10 23:47:35+00:00,,130-dkcrp-06 307,H13-DECKC,nan,-,,HCTRA,6.54,
2025-10-13,273334909908113,B6010035637,8349,,2025-10-12 07:33:59+00:00,,gpw-rfzml-16,GPW-RFZML,nan,-,,HCTRA,3.28,
2025-10-10,154535593411824,B6010057263,S23027,,2025-10-09 15:41:33+00:00,,Haysville-Derby 71st  Mulvane K-53,KTA-KTA036SB,nan,-,,KTA,0.29,
2025-10-10,314800690298437,B6010107762,8459,,2025-10-09 10:58:28+00:00,,Airport Plaza,H13-APORT,nan,-,,HCTRA,6.54,
2025-10-11,105524420049364,B5010036855,266,,2025-10-10 22:18:44+00:00,,El Dorado US-77  US-254,KTA-KTA073SB,nan,-,,KTA,0.69,
2025-10-12,153137067949251,B5010058928,S23000,,2025-10-11 05:34:15+00:00,,249b-fm1774-45,249-174ML-45/46/47,nan,-,,HCTRA,2.6,
2025-10-12,283733243060392,B6010107803,8660,,2025-10-11 08:28:04+00:00,,Mulvane K-53  US-160,KTA-KTA021SB,nan,-,,KTA,1.93,
2025-10-11,213088447915725,B6010119859,8338,,2025-10-10 04:00:21+00:00,,I35W-I-30 W US 287 Entrance,I35W-I35WI30EAST-37,nan,-,,NTTA,7.8,
2025-10-15,273805431298345,B6010119955,8347,,2025-10-14 15:06:57+00:00,,Southern Terminal: Border  US-160,KTA-KTA017SB,nan,-,,KTA,2.62,
2025-10-09,170585258049485,B6010174711,79,,2025-10-08 00:16:04+00:00,,22nd Street,T60,nan,-,,FDOT,2.92,
2025-10-11,190602839711142,B6010125734,S24016,,2025-10-10 15:20:19+00:00,,100 - West Toll Plaza,AAW,nan,-,,FDOT,3.18,
2025-10-09,441717176267688,B5010036855,266,,2025-10-08 00:20:48+00:00,,Andover 21st  Wichita K-96,KTA-KTA056SB,nan,-,,KTA,0.55,
2025-10-11,199733670100694,B5010065476,S23032,,2025-10-10 05:55:50+00:00,,Exit 255 - U.S. 74 (West),M02,nan,-,,NCTA,0.3,
2025-10-10,102830158509849,B6010311304,None,,2025-10-09 15:13:03+00:00,,66 - DeKalb Mainline,66,nan,-,,ILTOLL,19.35,
2025-10-13,448967698303211,B6010039119,8421,,2025-10-12 06:44:00+00:00,,h13-mustc-06,H13-MUSTC,nan,-,,HCTRA,6.54,
2025-10-13,268357609506553,B6010039151,8429,,2025-10-09 21:18:05+00:00,,gpw-mokml-50,GPW-MOKML,nan,-,,HCTRA,5.6,
2025-10-12,352213434175357,B5010022318,255,,2025-10-10 07:33:10+00:00,,Turner Turnpike - KKP ML,TRN-KKPML-03,nan,-,,OTA,5.36,
2025-10-11,685064804400137,B6010219218,8402,,2025-10-10 13:13:25+00:00,,El Dorado US-77  US-254,KTA-KTA073SB,nan,-,,KTA,0.69,
2025-10-11,156986260662682,B5010036855,266,,2025-10-10 22:29:43+00:00,,El Dorado US-77  Andover 21st,KTA-KTA061SB,nan,-,,KTA,1.93,
2025-10-15,479764596612208,B5010055206,8501,,2025-10-14 05:13:47+00:00,,Sam Houston South Plaza,SHT-SAMS-11,nan,-,,HCTRA,7.0,
2025-10-12,264570992822521,B6010174786,S20046,,2025-10-08 08:54:16+00:00,,"John F. Kennedy Memorial Hwy (Delaware Tpke, Newark Plaza)",D95,nan,-,,DelDOT,10.0,
2025-10-11,992461176035131,B6010205367,8427,,2025-10-10 12:00:26+00:00,,s45-semlp-08,S45-SEMLP-08/09,nan,-,,HCTRA,3.9,
2025-10-13,322779834273294,B6010052898,8615,,2025-10-10 15:25:56+00:00,,Cameron Plaza,H13-CAMRO,nan,-,,HCTRA,6.54,
2025-10-10,235808796165048,B5010061401,8517,,2025-10-09 06:28:35+00:00,,h13-mustc-06,H13-MUSTC,nan,-,,HCTRA,6.54,
2025-10-12,970139473897062,B6010174711,79,,2025-10-10 23:10:47+00:00,,East Main Plaza (78th Street),T64,nan,-,,FDOT,8.52,
2025-10-11,165030694510698,B6010035637,8349,,2025-10-09 00:25:50+00:00,,gpw-rfzml-16,GPW-RFZML,nan,-,,HCTRA,3.28,
2025-10-13,164591843620433,B6010035637,8349,,2025-10-08 14:38:32+00:00,,h13-mustc-06,H13-MUSTC,nan,-,,HCTRA,6.54,
2025-10-12,245902525962579,410462470,S20034,,2025-10-10 19:54:49+00:00,,47 - Miramar Plaza,047,nan,-,,FDOT,1.16,
2025-10-11,130025121735675,B6010057268,S23012,,2025-10-10 07:40:57+00:00,,Exit 270 - Austin Chaney Road,M14,nan,-,,NCTA,0.48,
2025-10-10,211759703932926,B6010107803,8660,,2025-10-09 12:24:28+00:00,,Wichita K-96  US-54 Kellogg,KTA-KTA050NB,nan,-,,KTA,0.41,
2025-10-10,818592321166085,B6010065788,8115,,2025-10-09 17:06:12+00:00,,El Dorado US-77  Andover 21st,KTA-KTA061SB,nan,-,,KTA,1.29,
2025-10-12,428786434918599,B6010107803,8660,,2025-10-11 08:08:51+00:00,,Wichita K-15  I-135/I-235,KTA-KTA043NB,nan,-,,KTA,0.41,
2025-10-11,186461160149370,B5010022289,S22012,,2025-10-10 09:35:18+00:00,,Eastern Terminal,KTA-KTA217WB,nan,-,,KTA,1.2,
2025-10-10,587273121178326,B5010022273,420663,,2025-10-08 10:49:17+00:00,,wr-clmr,WR-CLMR-11,nan,-,,OTA,0.66,
2025-10-14,297714344486265,B6010039142,7961,,2025-10-13 19:32:40+00:00,,El Dorado US-77  Andover 21st,KTA-KTA061SB,nan,-,,KTA,1.93,
2025-10-12,247267682607222,B5010060214,9112,,2025-10-10 04:07:41+00:00,,130-dkcrp-06 307,H13-DECKC,nan,-,,HCTRA,6.54,
2025-11-09,107530543241479,V5307HY-TN,265,,2025-10-10 18:42:08+00:00,,Sam Houston North Plaza,SHT-SAMN-03,nan,-,,HCTRA,8.4,
2025-10-16,224066441678477,C854HR-TN,S24015,,2025-10-10 19:46:46+00:00,,SR874 South (at Killian),S70,nan,-,,FDOT,0.23,
2025-10-14,284125346998227,B5010022314,224319,,2025-10-10 08:30:55+00:00,,heb-nwclml,HEB-NWCLML-13,nan,-,,OTA,1.79,
2025-10-10,280033923756976,B5010065474,S23015,,2025-10-08 21:29:17+00:00,,Exit 257 - Indian Trail-Fairview Road,M03,nan,-,,NCTA,0.36,
2025-10-13,875488707699133,B6010119884,8406,,2025-10-11 07:06:30+00:00,,130-skynp-01 4103,13C-SKYNB,nan,-,,HCTRA,12.73,
2025-10-10,170429891239168,B6010066068,S24024,,2025-10-08 21:12:26+00:00,,Exit 257 - Indian Trail-Fairview Road,M03,nan,-,,NCTA,0.36,
2025-10-12,163869793707572,C494HR-TN,S23015,,2025-10-10 21:13:17+00:00,,Exit 259 - Unionville-Indian Trail Road,M05,nan,-,,NCTA,0.22,
2025-10-11,212314643536937,B5010055205,8512,,2025-10-09 19:45:47+00:00,,gpw-cfml-21,GPW-CFML,nan,-,,HCTRA,6.08,
2025-10-11,223428218470243,B5010036855,266,,2025-10-10 23:34:16+00:00,,Andover 21st  Wichita K-96,KTA-KTA056SB,nan,-,,KTA,0.55,
2025-10-10,201524472362619,B5010058944,206,,2025-10-09 05:34:11+00:00,,Cassoday K-177  El Dorado US-77,KTA-KTA087SB,nan,-,,KTA,2.21,
2025-10-10,432701662370295,B6010174719,214,,2025-10-09 06:46:59+00:00,,Aldine Mail Route,HDY-ALDN-38,nan,-,,HCTRA,5.0,
2025-10-12,132127036061778,B5010058928,S23000,,2025-10-09 06:40:45+00:00,,Tomball Tollway Mainlane,TMB-NPTML-11,nan,-,,HCTRA,1.35,
2025-10-10,166524200436576,B6010057263,S23027,,2025-10-09 03:45:03+00:00,,151sb,KTA-KTA151SB-03,nan,-,,KTA,1.44,
2025-10-11,212049460506173,B6010119859,8338,,2025-10-09 23:52:26+00:00,,130-skynp-01 4103,13C-SKYNB,nan,-,,HCTRA,12.73,
2025-10-15,327252613774792,B6010039141,8312,,2025-10-13 14:56:09+00:00,,13c-blusb-01,13C-BLUNB,nan,-,,HCTRA,27.81,
2025-10-15,185485498755141,B6010039141,8312,,2025-10-14 11:06:03+00:00,,Wichita K-96  US-54 Kellogg,KTA-KTA050NB,nan,-,,KTA,0.41,
2025-10-15,332111852071488,B5010063666,8204,,2025-10-14 06:24:35+00:00,,Ghent (Toll Plaza A),AN,nan,-,,WVPEDTA,13.0,
2025-10-11,165431428364525,B6010174711,79,,2025-10-09 23:44:34+00:00,,22nd Street,T60,nan,-,,FDOT,2.92,
2025-10-15,634428612471378,C718HR-TN,S24024,,2025-10-13 21:38:37+00:00,,Exit 259 - Unionville-Indian Trail Road,M05,nan,-,,NCTA,0.22,
2025-10-14,213161275662777,B5010022290,S22013,,2025-10-09 15:40:24+00:00,,Cassoday K-177  El Dorado US-77,KTA-KTA087SB,nan,-,,KTA,0.77,
2025-10-10,210961853293768,B6010057271,S23022,,2025-10-08 21:16:56+00:00,,jkt-us77,JKT-US77-04,nan,-,,OTA,0.66,
2025-10-10,125632656936649,B5010055206,8501,,2025-10-09 01:02:59+00:00,,130-skysp-02 4104,13C-SKYSB,nan,-,,HCTRA,12.73,
2025-10-11,168277629255499,B6010119859,8338,,2025-10-10 08:51:21+00:00,,Coit Main Lane Gantry (MLP7),PGBT-MLP7-14,nan,-,,NTTA,6.6,
2025-10-16,167864326577826,B6010035600,8555,,2025-10-14 14:12:57+00:00,,T 336,T336,nan,-,,PTC,6.04,
2025-10-10,331860784387998,B6010105847,8343,,2025-10-09 14:19:36+00:00,,Abraham Lincoln Bridge,DTN,nan,-,,RIVERLIN,13.33,
2025-10-11,159276415498571,B6010087081,8519,,2025-10-09 07:49:16+00:00,,Lower Tarrant Mainlane Gantry (MLG11),PGBW-MLG11-12,nan,-,,NTTA,5.16,
2025-10-10,145878604002480,B6010107782,8320,,2025-10-08 14:45:57+00:00,,gpw-nwml-90,GPW-NWML,nan,-,,HCTRA,5.2,
2025-10-11,104095407945823,B6010174780,S17033,,2025-10-08 22:01:46+00:00,,Sam Houston North Plaza,SHT-SAMN-10,nan,-,,HCTRA,1.35,
2025-10-15,318526969071778,B6010065787,8330,,2025-10-14 11:41:01+00:00,,East Plaza,1853,nan,-,,SCNT,7.6,
2025-10-10,327605690322722,B6010204984,8508,,2025-10-09 12:09:42+00:00,,gpw-nwml-90,GPW-NWML,nan,-,,HCTRA,5.2,
2025-10-13,591843009133890,B6010205371,8401,,2025-10-11 13:57:37+00:00,,13c-blusb-01,13C-BLUSB,nan,-,,HCTRA,27.81,
2025-10-12,292527973555648,B6010107803,8660,,2025-10-11 08:05:12+00:00,,Lawrence : US-59,KTA-KTA202EB,nan,-,,KTA,0.69,
2025-10-12,181526407342400,B6010034687,8403,,2025-10-09 09:34:10+00:00,,Sam Houston Ship Channel Bridge,SHT-SHIP-42,nan,-,,HCTRA,8.0,
2025-10-14,206275661811609,B5010022290,S22013,,2025-10-09 13:52:48+00:00,,Andover 21st  Wichita K-96,KTA-KTA056SB,nan,-,,KTA,0.19,
2025-10-10,256992309378413,B6010057263,S23027,,2025-10-09 15:29:28+00:00,,Wichita K-96  US-54 Kellogg,KTA-KTA050NB,nan,-,,KTA,0.14,
2025-10-18,158854309165523,B5010022290,S22013,,2025-10-14 04:43:01+00:00,,Lawrence : US-59,KTA-KTA202EB,nan,-,,KTA,0.1,
2025-10-13,105312487049399,B6010057267,S23029,,2025-10-11 07:22:56+00:00,,I-35,JKT-I35-04,nan,-,,OTA,0.66,
2025-10-13,205147842228480,B5010022318,255,,2025-10-11 06:44:03+00:00,,I-35,JKT-I35-04,nan,-,,OTA,2.27,
2025-10-13,327775026346964,B5010061410,8531,,2025-10-11 15:03:43+00:00,,13c-blusb-01,13C-BLUSB,nan,-,,HCTRA,27.81,
2025-10-11,326527154525225,B5010022290,S22013,,2025-10-08 14:52:11+00:00,,Andover 21st  Wichita K-96,KTA-KTA056SB,nan,-,,KTA,0.19,
2025-10-13,128323764936313,B6010035659,8546,,2025-10-10 16:51:17+00:00,,Sam Houston North Plaza,SHT-SAMN-03,nan,-,,HCTRA,7.0,
2025-10-08,163394832362913,B5010058942,259,,2025-10-07 22:43:12+00:00,,East Topeka: I-70,KTA-KTA183WB,nan,-,,KTA,0.28,
2025-10-10,222107050655449,B6010057263,S23027,,2025-10-09 04:20:34+00:00,,Lecompton K-10  Topeka I-70  K-4,KTA-KTA191EB,nan,-,,KTA,0.72,
2025-10-13,503798395830818,B6010174719,214,,2025-10-10 03:51:59+00:00,,Spencer Hwy,SHT-SPNCR-58,nan,-,,HCTRA,5.0,
2025-10-08,393486487094489,B5010058924,S23001,,2025-10-07 22:09:34+00:00,,Aldine Mail Route,HDY-ALDN-30,nan,-,,HCTRA,1.08,
2025-10-14,295004656884227,B6010052873,8317,,2025-10-12 20:01:45+00:00,,Giles Lane Mainline Plaza,905019,nan,-,,CTRMA,5.96,
2025-10-10,281882137204086,B6010119921,8417,,2025-10-08 22:16:16+00:00,,Lewis and Clark Bridge,ECN,nan,-,,RIVERLIN,13.33,
2025-10-15,144712658365532,B5010022318,255,,2025-10-09 23:04:47+00:00,,Oklahoma City,TRN-OKCWGT-04,nan,-,,OTA,22.12,
2025-10-15,292680675956369,B6010075205,8644,,2025-10-10 15:51:35+00:00,,I635-PRERD Preston Road Entrance,I635-PRERD-6,nan,-,,NTTA,19.4,
2025-10-13,229215042244823,B6010065769,8407,,2025-10-12 18:38:16+00:00,,Airport Plaza,H13-APORT,nan,-,,HCTRA,6.54,
2025-10-10,187842958856078,B5010036855,266,,2025-10-09 01:35:06+00:00,,Andover 21st  Wichita K-96,KTA-KTA056SB,nan,-,,KTA,0.55,
2025-10-11,156636397287732,B6010035710,8549,,2025-10-10 12:43:23+00:00,,Denton Tap Main Lane Gantry (MLG1),SRT-MLG1-11,nan,-,,NTTA,2.96,
2025-10-09,196767245724595,410462470,S20034,,2025-10-07 23:05:05+00:00,,98 - Belvedere,098,nan,-,,FDOT,0.27,
2025-10-10,306651345783085,B6010057263,S23027,,2025-10-09 12:28:31+00:00,,Eastern Terminal,KTA-KTA217WB,nan,-,,KTA,1.2,
2025-10-13,167586023773469,B5010058928,S23000,,2025-10-11 06:06:16+00:00,,Sam Houston North Plaza,SHT-SAMN-05,nan,-,,HCTRA,1.35,
2025-10-12,286306904366938,B5010022294,224320,,2025-10-10 05:12:10+00:00,,I-35,JKT-I35-04,nan,-,,OTA,0.66,
2025-10-09,210636398563431,B5010028619,8527,,2025-10-08 08:26:56+00:00,,Cameron Plaza,H13-CAMRO,nan,-,,HCTRA,6.54,
2025-10-10,266159484294003,B6010065788,8115,,2025-10-09 16:56:42+00:00,,Andover 21st  Wichita K-96,KTA-KTA056SB,nan,-,,KTA,0.55,
2025-10-13,238177630019401,B6010087000,8651,,2025-10-11 10:22:32+00:00,,Cameron Plaza,H13-CAMRO,nan,-,,HCTRA,6.54,
2025-10-10,172258122148624,B6010125735,S24018,,2025-10-09 00:08:55+00:00,,141 - Port St. Lucie,142,nan,-,,FDOT,0.35,
2025-10-15,234165969635925,B6010039141,8312,,2025-10-14 10:48:53+00:00,,Mulvane K-53  US-160,KTA-KTA021SB,nan,-,,KTA,1.93,
2025-10-15,127464446303190,B5010017609,8441,,2025-10-14 18:26:50+00:00,,Sam Houston North Plaza,SHT-SAMN-07,nan,-,,HCTRA,7.0,
2025-10-13,338003032942772,B6010125735,S24018,,2025-10-09 10:11:02+00:00,,east mainline-westbound 101760,107260,nan,-,,MDX,0.28,
2025-10-10,770387440232335,B6010107762,8459,,2025-10-09 10:52:07+00:00,,130-dkcrp-06 307,H13-DECKC,nan,-,,HCTRA,6.54,
2025-10-10,456123952976136,B5010022318,255,,2025-10-08 21:50:32+00:00,,jkt-us77,JKT-US77-11,nan,-,,OTA,2.27,
2025-10-18,126979059882923,B5010022290,S22013,,2025-10-14 12:37:00+00:00,,151sb,KTA-KTA151SB-03,nan,-,,KTA,1.44,
2025-10-10,824652640546071,B5010058944,206,,2025-10-09 05:22:29+00:00,,El Dorado US-77  US-254,KTA-KTA073SB,nan,-,,KTA,0.69,
2025-10-11,230929159362724,B6010057263,S23027,,2025-10-10 17:50:18+00:00,,Eastern Terminal,KTA-KTA217WB,nan,-,,KTA,1.2,
2025-10-10,684891197868437,410282812,S20021,,2025-10-09 10:38:04+00:00,,Exit 270 - Austin Chaney Road,M14,nan,-,,NCTA,0.48,
2025-10-12,643388697762898,B6010105974,8404,,2025-10-10 14:08:16+00:00,,Sam Houston South Plaza,SHT-SAMS-07,nan,-,,HCTRA,7.0,
2025-10-14,762483919977751,B5010022290,S22013,,2025-10-09 17:00:02+00:00,,Topeka K-4  I-470,KTA-KTA179NB,nan,-,,KTA,0.24,
2025-10-10,194641341372528,B6010125735,S24018,,2025-10-09 00:00:44+00:00,,133 - Stuart,004140,nan,-,,FDOT,1.47,
2025-10-11,151461002935454,B6010205368,8513,,2025-10-10 09:49:58+00:00,,Cameron Plaza,H13-CAMRO,nan,-,,HCTRA,6.54,
2025-10-10,593197776460831,B6010107803,8660,,2025-10-09 14:36:31+00:00,,Lawrence : US-59,KTA-KTA202EB,nan,-,,KTA,0.28,
2025-10-11,312583327490686,B5010022289,S22012,,2025-10-10 14:43:08+00:00,,Council Grove US-56  Emporia,KTA-KTA146NB,nan,-,,KTA,0.96,
2025-10-18,533931605644288,B6010034703,8532,,2025-10-10 13:14:44+00:00,,h13-mustc-06,H13-MUSTC,nan,-,,HCTRA,6.54,
2025-10-11,286460696690451,B6010219224,8455,,2025-10-09 07:10:39+00:00,,153 - Eastpoint,EPT,nan,-,,ITRCC,80.95,
2025-10-12,800268009087966,B5010017818,9115,,2025-10-11 12:08:26+00:00,,45 - I-80 EB,45,nan,-,,ILTOLL,6.1,
2025-10-13,629329380900241,B5010022273,420663,,2025-10-11 07:57:29+00:00,,wr-clmr,WR-CLMR-11,nan,-,,OTA,0.66,
2025-10-10,309561380575436,B6010057271,S23022,,2025-10-08 06:09:38+00:00,,Flint Bridge/State Line,CHR-FLTBRG-01,nan,-,,OTA,3.08,
2025-10-14,189410753344608,B6010205436,1247,,2025-10-12 14:48:36+00:00,,130-skynp-01 4103,13C-SKYNB,nan,-,,HCTRA,12.73,
2025-10-11,114853460783406,B6010108554,S24035,,2025-10-09 00:33:13+00:00,,Sully Rd,063,nan,-,,VDOT,2.0,
2025-10-13,195089239113438,B6010075119,8621,,2025-10-12 15:29:38+00:00,,h13-mustc-06,H13-MUSTC,nan,-,,HCTRA,6.54,
2025-10-13,304853742511414,B6010205368,8513,,2025-10-10 10:17:34+00:00,,130-skysp-02 4104,13C-SKYSB,nan,-,,HCTRA,12.73,
2025-10-15,280607319719371,B6010086514,8505,,2025-10-14 10:51:00+00:00,,North Gessner Rd,SHT-GESS-28,nan,-,,HCTRA,2.5,
2025-10-10,153885126324103,B5010028619,8527,,2025-10-09 07:39:55+00:00,,Wirt,KTY-WIRTE-01,nan,-,,HCTRA,7.0,
2025-10-10,158396822729050,B6010174709,251,,2025-10-08 22:09:40+00:00,,0.4 - Mainline Plaza (Z-Move),4CO,nan,-,,FDOT,1.71,
2025-10-15,265805803676588,B5010028619,8527,,2025-10-14 10:54:51+00:00,,Sam Houston North Plaza,SHT-SAMN-10,nan,-,,HCTRA,7.0,
2025-11-11,105199487155233,V5307HY-TN,265,,2025-10-11 06:56:19+00:00,,Decker Prairie Mainlane - EZ TAG Only,MCT-DECKR-09,nan,-,,HCTRA,6.39,
2025-10-11,302365132593476,B6010107784,8661,,2025-10-10 11:17:12+00:00,,52 - Meyers Mainline,52,nan,-,,ILTOLL,8.15,
2025-10-10,211739628348931,B6010066112,S24003,,2025-10-09 21:46:53+00:00,,Lecompton K-10  Topeka I-70  K-4,KTA-KTA191EB,nan,-,,KTA,0.72,
2025-10-12,178410838056204,B6010065788,8115,,2025-10-11 15:52:42+00:00,,Wichita I-135/I-235  Haysville-Derby,KTA-KTA040SB,nan,-,,KTA,0.41,
2025-10-13,252007881458882,B5010050873,1027,,2025-10-10 03:13:12+00:00,,130-skysp-02 4104,13C-SKYSB,nan,-,,HCTRA,12.73,
2025-10-11,112923525572739,B6010052906,8611,,2025-10-09 19:42:03+00:00,,Pax (Toll Plaza B),B,nan,-,,WVPEDTA,13.0,
2025-10-10,244612649996795,B6010204984,8508,,2025-10-09 12:16:18+00:00,,gpw-spnml-51,GPW-SPNML,nan,-,,HCTRA,10.04,
2025-10-10,282177759059620,B6010035637,8349,,2025-10-09 00:32:45+00:00,,gpw-vrml-51,GPW-VRML,nan,-,,HCTRA,8.8,
2025-10-15,144042545858161,B6010174709,251,,2025-10-14 09:56:39+00:00,,East Main Plaza (78th Street),T64,nan,-,,FDOT,6.39,
2025-10-10,267709138518973,B5010065474,S23015,,2025-10-08 21:31:01+00:00,,Exit 259 - Unionville-Indian Trail Road,M05,nan,-,,NCTA,0.22,
2025-10-09,309388188898260,B6010205357,1116,,2025-10-08 14:34:24+00:00,,61 - Aurora Mainline,61,nan,-,,ILTOLL,8.15,
2025-10-14,266975532381529,B6010107779,8658,,2025-10-13 19:40:25+00:00,,Sam Houston North Plaza,SHT-SAMN-05,nan,-,,HCTRA,7.0,
2025-10-17,562617070039210,B5010022290,S22013,,2025-10-13 21:39:33+00:00,,Topeka K-4  I-470,KTA-KTA179NB,nan,-,,KTA,0.24,
2025-10-12,135772246402887,C494HR-TN,S23015,,2025-10-10 21:09:25+00:00,,Exit 255 - U.S. 74 (West),M01,nan,-,,NCTA,0.3,
2025-10-14,100801647088921,B6010075122,8612,,2025-10-11 07:42:16+00:00,,I635-PRERD Preston Road Entrance,I635-PRERD-10,nan,-,,NTTA,8.6,
2025-10-15,252540271871309,B6010107762,8459,,2025-10-14 11:55:40+00:00,,Sam Houston SE Plaza,SHT-SAMSE-08,nan,-,,HCTRA,3.5,
2025-10-14,185806810318494,B6010086453,8649,,2025-10-12 12:07:35+00:00,,wr-bgcbn,WR-BGCBN-13,nan,-,,OTA,11.31,
2025-10-11,182334863400628,B5010017627,S22015,,2025-10-10 22:20:21+00:00,,Emporia I-35  Cassoday K-177,KTA-KTA123NB,nan,-,,KTA,1.68,
2025-10-13,178929218940313,B6010205462,8327,,2025-10-12 18:07:42+00:00,,130-dkcrp-06 307,H13-DECKC,nan,-,,HCTRA,6.54,
2025-10-15,554158344425039,B6010075122,8612,,2025-10-11 07:40:29+00:00,,I635-TIBD TI Boulevard TEXpress Entrance,I635-I635W-7,nan,-,,NTTA,9.4,
2025-10-13,293965510960927,B6010167843,8430,,2025-10-12 16:07:53+00:00,,Parker Main Lane Gantry (MLP3),DNT-MLP3-11,nan,-,,NTTA,4.92,
2025-10-12,786095390943695,B6010107807,8659,,2025-10-11 11:20:27+00:00,,36 - 82nd Street Mainline,36,nan,-,,ILTOLL,8.15,
2025-10-13,109648458467473,B5010022318,255,,2025-10-11 06:23:34+00:00,,kkp-ne23st,KKP-NE23ST-01,nan,-,,OTA,4.76,
2025-10-25,162809265672461,B6010035600,8555,,2025-10-14 10:12:03+00:00,,T-M : Trenton-Morrisville Br,TM,nan,-,,DRJTBC,22.5,
2025-10-15,135394356939752,B6010039141,8312,,2025-10-14 11:11:33+00:00,,Andover 21st  Wichita K-96,KTA-KTA056SB,nan,-,,KTA,0.55,
2025-10-13,464598028947047,B5010050873,1027,,2025-10-10 23:30:50+00:00,,130-skynp-01 4103,13C-SKYNB,nan,-,,HCTRA,12.73,
2025-10-12,718585517110670,B6010205371,8401,,2025-10-11 18:37:29+00:00,,gpw-mokml-50,GPW-MOKML,nan,-,,HCTRA,5.6,
2025-10-14,191027826580772,B6010204228,8507,,2025-10-13 13:00:47+00:00,,36 - 82nd Street Mainline,36,nan,-,,ILTOLL,8.15,
2025-10-09,329031703290737,B6010125735,S24018,,2025-10-07 23:58:43+00:00,,141 - Port St. Lucie,142,nan,-,,FDOT,0.35,
2025-10-12,269438494178193,B5010017609,8441,,2025-10-10 13:44:59+00:00,,gpw-vrml-51,GPW-VRML,nan,-,,HCTRA,8.8,
2025-10-11,275656038185065,B6010039150,8109,,2025-10-08 16:04:43+00:00,,Mainlane Plaza West of SH 146 (Bus.),GPW-146BE,nan,-,,HCTRA,2.64,
2025-10-12,879991486435216,B5010061410,8531,,2025-10-11 14:32:48+00:00,,130-dkcrp-06 307,H13-DECKC,nan,-,,HCTRA,6.54,
2025-10-09,153866918360440,B5010058942,259,,2025-10-08 05:44:48+00:00,,Lawrence US-59S  Lecompton K-10,KTA-KTA201WB,nan,-,,KTA,0.69,
2025-10-09,810368224055383,B5010058942,259,,2025-10-08 22:12:58+00:00,,Eastern Terminal,KTA-KTA217WB,nan,-,,KTA,3.45,
2025-10-11,216875206945632,B5010061401,8517,,2025-10-10 07:05:14+00:00,,Sam Houston Central Plaza,SHT-SAMC-14,nan,-,,HCTRA,7.0,
2025-10-15,121028605739089,B6010205367,8427,,2025-10-14 17:16:04+00:00,,Wirt,KTY-WIRTE-01,nan,-,,HCTRA,7.0,
2025-10-15,296465451465882,B5010048788,76,,2025-10-14 11:13:56+00:00,,Aldine Mail Route,HDY-ALDN-38,nan,-,,HCTRA,2.5,
2025-10-16,191261438929955,B5010022318,255,,2025-10-14 06:58:27+00:00,,I-35,JKT-I35-04,nan,-,,OTA,2.27,
2025-10-12,408717030388604,B5010058942,259,,2025-10-11 05:08:45+00:00,,Lawrence US-59S  Lecompton K-10,KTA-KTA201WB,nan,-,,KTA,0.69,
2025-10-12,632160037689624,B6010057268,S23012,,2025-10-11 08:05:30+00:00,,Exit 255 - U.S. 74 (West),M02,nan,-,,NCTA,0.3,
2025-10-12,214063878055268,B5010065476,S23032,,2025-10-11 07:57:52+00:00,,Exit 259 - Unionville-Indian Trail Road,M06,nan,-,,NCTA,0.22,
2025-10-15,323458432440125,C854HR-TN,S24015,,2025-10-10 04:08:24+00:00,,SR874 North (at Killian),S30,nan,-,,FDOT,0.23,
2025-10-13,140054692427423,B6010057271,S23022,,2025-10-08 08:15:09+00:00,,Tulsa,TRN-TULSA-06,nan,-,,OTA,5.4,
2025-10-10,228160108690154,B6010066068,S24024,,2025-10-08 21:16:04+00:00,,Exit 260 - N. Rocky River Road,M07,nan,-,,NCTA,0.63,
2025-10-16,135159481417001,B6010052909,8610,,2025-10-14 11:59:00+00:00,,T 313,T313,nan,-,,PTC,6.6,
2025-10-13,300130377444116,B5010058921,420661,,2025-10-11 01:25:00+00:00,,msk-sh51,MSK-SH51-00,nan,-,,OTA,0.64,
2025-10-18,101672076230413,B6010057263,S23027,,2025-10-14 16:18:08+00:00,,Emporia I-35  Cassoday K-177,KTA-KTA123NB,nan,-,,KTA,1.68,
2025-10-13,252599742133283,B6010205436,1247,,2025-10-12 15:05:31+00:00,,130-dkcrp-06 307,H13-DECKC,nan,-,,HCTRA,6.54,
2025-10-14,241580293486740,B5010022290,S22013,,2025-10-09 13:38:06+00:00,,Wichita I-135/I-235  Haysville-Derby,KTA-KTA040SB,nan,-,,KTA,0.14,
2025-10-10,302431387704048,B6010057263,S23027,,2025-10-09 13:47:49+00:00,,Council Grove US-56  Emporia,KTA-KTA146NB,nan,-,,KTA,0.96,
2025-10-16,187670000759399,B5010022318,255,,2025-10-13 23:08:41+00:00,,jkt-us77,JKT-US77-11,nan,-,,OTA,2.27,
2025-10-09,231234516764062,B6010204236,8132,,2025-10-08 12:39:09+00:00,,John F Kennedy Bridge-RiverLink,DTS,nan,-,,RIVERLIN,13.33,
2025-10-10,110388407556937,B5010017613,8526,,2025-10-08 18:00:51+00:00,,130-dkcrp-06 307,H13-DECKC,nan,-,,HCTRA,6.54,
2025-10-16,203248841305267,B6010075145,8633,,2025-10-14 13:06:15+00:00,,T 331,T331,nan,-,,PTC,6.32,
2025-10-09,220390531408567,C491HR-TN,S23032,,2025-10-07 21:27:09+00:00,,Exit 259 - Unionville-Indian Trail Road,M05,nan,-,,NCTA,0.22,
2025-10-09,244646575820709,B5010022289,S22012,,2025-10-08 04:41:05+00:00,,Lecompton K-10  Topeka I-70  K-4,KTA-KTA191EB,nan,-,,KTA,0.72,
2025-10-09,960822328745200,B5010022289,S22012,,2025-10-08 04:50:38+00:00,,Lawrence : US-59,KTA-KTA202EB,nan,-,,KTA,0.1,
2025-10-11,154732138939494,B6010065784,8344,,2025-10-10 06:42:27+00:00,,Eastern Terminal,KTA-KTA217WB,nan,-,,KTA,3.45,
2025-10-11,569396820757437,B5010065476,S23032,,2025-10-09 20:50:22+00:00,,Exit 255 - U.S. 74 (West),M01,nan,-,,NCTA,0.3,
2025-10-11,238799062937490,B5010050873,1027,,2025-10-10 03:02:23+00:00,,Airport Plaza,H13-APORT,nan,-,,HCTRA,6.54,
2025-10-13,129222250041381,B5010060214,9112,,2025-10-12 15:34:06+00:00,,Airport Plaza,H13-APORT,nan,-,,HCTRA,4.36,
2025-10-14,281456477794383,B6010167861,8411,,2025-10-13 13:03:37+00:00,,Mainlane Plaza West of Wolf Trot,GPW-WLFML,nan,-,,HCTRA,14.08,
2025-10-11,169266054365837,B6010086458,8643,,2025-10-10 10:54:13+00:00,,138 - Becker Road,004131,nan,-,,FDOT,1.1,
2025-10-11,187259546180734,B6010075205,8644,,2025-10-10 15:24:12+00:00,,Lower Tarrant Mainlane Gantry (MLG11),PGBW-MLG11-12,nan,-,,NTTA,5.16,
2025-10-12,271130911365354,B6010057271,S23022,,2025-10-10 08:47:26+00:00,,I-35,JKT-I35-04,nan,-,,OTA,0.66,
2025-10-10,101469944287749,B6010075444,8634,,2025-10-08 07:08:23+00:00,,h13-mustc-06,H13-MUSTC,nan,-,,HCTRA,2.18,
2025-10-10,236907850303744,B6010039125,8346,,2025-10-08 13:13:29+00:00,,SH183-COCR O'Connor Road/Carl Road,SH183-COCR-65,nan,-,,NTTA,3.28,
2025-10-15,825096006163619,B6010086520,8642,,2025-10-13 09:07:17+00:00,,Sam Houston North Plaza,SHT-SAMN-05,nan,-,,HCTRA,7.0,
2025-10-15,106158608736636,B6010174710,8603,,2025-10-14 08:46:11+00:00,,gpw-nwml-90,GPW-NWML,nan,-,,HCTRA,5.2,
2025-10-13,321186807127881,B6010039119,8421,,2025-10-12 06:33:52+00:00,,Cameron Plaza,H13-CAMRO,nan,-,,HCTRA,6.54,
2025-10-14,322802604804386,B6010219254,9118,,2025-10-12 13:46:32+00:00,,6 - Yonkers,YK,nan,-,,NYSTA,4.24,
2025-10-13,110696756047687,B6010075205,8644,,2025-10-12 13:19:08+00:00,,130-dkcrp-06 307,H13-DECKC,nan,-,,HCTRA,6.54,
2025-10-14,103284051592567,B6010057263,S23027,,2025-10-09 17:44:10+00:00,,jkt-i35,JKT-I35-03,nan,-,,OTA,0.66,
2025-10-10,854106167095883,410282812,S20021,,2025-10-09 10:51:46+00:00,,Exit 257 - Indian Trail-Fairview Road,M04,nan,-,,NCTA,0.36,
2025-10-12,161383682700869,B6010052898,8615,,2025-10-10 15:41:51+00:00,,Airport Plaza,H13-APORT,nan,-,,HCTRA,6.54,
2025-10-11,262785031398466,B5010058942,259,,2025-10-10 05:04:17+00:00,,Lawrence : US-59,KTA-KTA202EB,nan,-,,KTA,0.28,
2025-10-13,213859188076109,B6010174719,214,,2025-10-11 07:04:35+00:00,,Aldine Mail Route,HDY-ALDN-38,nan,-,,HCTRA,5.0,
2025-10-15,339370460115099,B6010119955,8347,,2025-10-14 13:52:32+00:00,,Cassoday K-177  El Dorado US-77,KTA-KTA087SB,nan,-,,KTA,2.21,
2025-10-14,230423151885674,B6010086558,8640,,2025-10-11 13:54:38+00:00,,gpw-vrml-51,GPW-VRML,nan,-,,HCTRA,8.8,
2025-10-12,477108996997408,B6010119884,8406,,2025-10-10 20:44:57+00:00,,130-dkcrp-06 307,H13-DECKC,nan,-,,HCTRA,6.54,
2025-10-11,177100441621404,R648023-TX,8109,,2025-10-10 12:20:06+00:00,,East Plaza,1853,nan,-,,SCNT,7.6,
2025-10-12,318498355779322,B6010107795,8662,,2025-10-11 11:52:00+00:00,,John F Kennedy Bridge-RiverLink,DTS,nan,-,,RIVERLIN,13.33,
2025-10-15,123168988759493,B5010065476,S23032,,2025-10-13 21:42:06+00:00,,Exit 259 - Unionville-Indian Trail Road,M05,nan,-,,NCTA,0.22,
2025-10-09,327166466033320,B6010034685,8537,,2025-10-08 08:16:54+00:00,,SH114-FRPT Freeport Pkwy,SH114-FRPT-70,nan,-,,NTTA,3.32,
2025-10-12,139745763173861,B6010086518,8432,,2025-10-11 15:09:54+00:00,,Wycliff Main Lane Gantry (MLP1),DNT-MLP1-06,nan,-,,NTTA,7.76,
2025-10-11,148505480168225,B5010058944,206,,2025-10-10 04:46:46+00:00,,El Dorado US-77  US-254,KTA-KTA073SB,nan,-,,KTA,0.69,
2025-10-15,109806794733407,B6010086543,8638,,2025-10-14 09:11:12+00:00,,John F Kennedy Bridge-RiverLink,DTS,nan,-,,RIVERLIN,13.33,
2025-10-13,308071558475337,B5010017818,9115,,2025-10-12 09:40:00+00:00,,Lewis and Clark Bridge,ECS,nan,-,,RIVERLIN,13.33,
2025-10-17,311236543831750,T903520-TN,2671,,2025-10-12 13:45:24+00:00,,13c-blusb-01,13C-BLUSB,nan,-,,HCTRA,30.78,
2025-10-16,314081097981626,B5010058921,420661,,2025-10-14 03:55:06+00:00,,msk-sh51,MSK-SH51-00,nan,-,,OTA,0.64,
2025-10-15,722085388402987,B6010075118,8620,,2025-10-14 09:38:04+00:00,,35 - Cermak Mainline (22nd St),35,nan,-,,ILTOLL,8.15,
2025-10-15,257511304649138,B5010065474,S23015,,2025-10-13 21:44:29+00:00,,Exit 266 - Morgan Mill Road,M11,nan,-,,NCTA,0.64,
2025-10-11,821222200243535,B6010204235,8510,,2025-10-09 13:39:41+00:00,,Sam Houston Central Plaza,SHT-SAMC-14,nan,-,,HCTRA,7.0,
2025-10-12,108880337647896,B6010174780,S17033,,2025-10-11 06:18:38+00:00,,Sam Houston Central Plaza,SHT-SAMC-11,nan,-,,HCTRA,1.35,
2025-10-11,348065559128930,B5010022427,1789,,2025-10-09 18:17:20+00:00,,gpw-obml-50,GPW-OBML,nan,-,,HCTRA,4.8,
2025-10-15,256409322568482,B6010167867,8333,,2025-10-13 17:00:19+00:00,,Pax (Toll Plaza B),B,nan,-,,WVPEDTA,13.0,
2025-10-14,140804195194044,B5010022290,S22013,,2025-10-13 16:26:45+00:00,,Topeka K-4  I-470,KTA-KTA179NB,nan,-,,KTA,0.24,
2025-10-12,210332628865289,U1524HY-TN,77,,2025-10-10 20:28:02+00:00,,SR112 East (at 32nd Ave),A20,nan,-,,FDOT,0.66,
2025-10-12,133746015536269,B5010022294,224320,,2025-10-10 21:11:27+00:00,,Oklahoma City,TRN-OKCWGT-04,nan,-,,OTA,1.98,
2025-10-12,233368057130382,B6010087000,8651,,2025-10-11 10:48:56+00:00,,s45-semlp-04,S45-SEMLP-04/05,nan,-,,HCTRA,3.9,
2025-10-13,287272566753741,B6010086558,8640,,2025-10-11 15:22:02+00:00,,Sam Houston NE Mainlane,SHT-SAMNE-03,nan,-,,HCTRA,3.5,
2025-10-12,110142817516747,B6010065788,8115,,2025-10-11 15:46:07+00:00,,Lawrence : US-59,KTA-KTA202EB,nan,-,,KTA,0.69,
2025-10-12,194714450419171,B5010055193,8503,,2025-10-09 13:15:05+00:00,,Sam Houston Ship Channel Bridge,SHT-SHIP-51,nan,-,,HCTRA,8.0,
2025-10-11,215667578783837,B6010219218,8402,,2025-10-09 15:10:15+00:00,,I35W-I-30 W US 287 Entrance,I35W-I35WI30EAST-37,nan,-,,NTTA,28.0,
2025-10-10,909390189061661,B5010036855,266,,2025-10-09 00:26:05+00:00,,Lawrence : US-59,KTA-KTA202EB,nan,-,,KTA,0.69,
2025-10-12,166865543770708,C718HR-TN,S24024,,2025-10-10 21:19:23+00:00,,Exit 259 - Unionville-Indian Trail Road,M05,nan,-,,NCTA,0.22,
2025-10-11,936395019933538,B5010036855,266,,2025-10-10 22:44:54+00:00,,Wichita K-15  I-135/I-235,KTA-KTA043NB,nan,-,,KTA,0.41,
2025-10-13,177830506368039,1662893701108,207,,2025-10-10 19:55:15+00:00,,Sam Houston NE Mainlane,SHT-SAMNE-09,nan,-,,HCTRA,7.0,
2025-10-10,492669666017846,B5010017613,8526,,2025-10-08 17:42:46+00:00,,130-skynp-01 4103,13C-SKYNB,nan,-,,HCTRA,12.73,
2025-10-11,316552727014864,B6010057268,S23012,,2025-10-09 21:04:54+00:00,,Exit 255 - U.S. 74 (West),M01,nan,-,,NCTA,0.3,
2025-10-14,746982915974877,B5010022290,S22013,,2025-10-09 11:20:30+00:00,,jkt-mcrthr,JKT-MCRTHR-01,nan,-,,OTA,1.56,
2025-10-12,143156506310017,B6010035599,8543,,2025-10-10 10:06:46+00:00,,I35E-IH635-HHBLV Harry Hines Blvd,I35E-HHBLV-42,nan,-,,NTTA,3.0,
2025-10-11,168720283885971,B5010058921,420661,,2025-10-09 07:08:42+00:00,,US 75-Glenpool,CRK-75GLPL-02,nan,-,,OTA,0.98,
2025-10-10,454747348994866,B5010058944,206,,2025-10-09 00:26:44+00:00,,Andover 21st  Wichita K-96,KTA-KTA056SB,nan,-,,KTA,0.55,
2025-10-11,521275354209247,B5010022289,S22012,,2025-10-10 13:26:12+00:00,,Andover 21st  Wichita K-96,KTA-KTA056SB,nan,-,,KTA,0.19,
2025-10-10,152695811799289,B6010057271,S23022,,2025-10-08 08:19:29+00:00,,I-35,JKT-I35-04,nan,-,,OTA,0.66,
2025-10-09,248823294560117,B5010028619,8527,,2025-10-08 08:42:51+00:00,,Airport Plaza,H13-APORT,nan,-,,HCTRA,2.18,
2025-10-09,254868972425607,B5010022319,8627,,2025-10-08 12:18:42+00:00,,89 - Boughton Mainline,89,nan,-,,ILTOLL,8.15,
2025-10-09,305155471700285,B5010058942,259,,2025-10-08 05:53:08+00:00,,Tonganoxie-Eudora: 222nd St  Lawrence : US-59,KTA-KTA207WB,nan,-,,KTA,1.1,
2025-10-16,123141018012983,B6010035722,8551,,2025-10-12 22:26:42+00:00,,Sam Houston North Plaza,SHT-SAMN-08,nan,-,,HCTRA,7.0,
2025-10-12,213185162317945,1662691201105,223,,2025-10-11 05:06:15+00:00,,East Plaza,1853,nan,-,,SCNT,7.6,
2025-10-12,874074261977518,B6010174709,251,,2025-10-11 07:48:10+00:00,,0.4 - Mainline Plaza (Z-Move),4CO,nan,-,,FDOT,1.71,
2025-10-11,263492923128661,B5010022290,S22013,,2025-10-08 13:06:16+00:00,,Council Grove US-56  Emporia,KTA-KTA146NB,nan,-,,KTA,0.96,
